1183501340 1 0 0 0 0 0 0 0 0 0 0 0 0 0 0 0 0 0 0
1183549919 2 0 0 0 0 0 0 0 0 0 0 0 0 0 0 0 0 0 0
1183587432 3 0 0 0 0 0 0 0 0 0 0 0 0 0 0 0 0 0 0
1183634758 4 0 0 0 0 0 0 0 0 0 0 0 0 0 0 0 0 0 0
1183650066 5 0 0 0 0 0 0 0 0 0 0 0 0 0 0 0 0 0 0
1183654163 6 0 0 0 0 0 0 0 0 0 0 0 0 0 0 0 0 0 0
1183663407 7 0 0 0 0 0 0 0 0 0 0 0 0 0 0 0 0 0 0
1183664488 8 0 0 0 0 0 0 0 0 0 0 0 0 0 0 0 0 0 0
1183720424 9 0 0 0 0 0 0 0 0 0 0 0 0 0 0 0 0 0 0
1183721297 10 0 0 0 0 0 0 0 0 0 0 0 0 0 0 0 0 0 0
1183728889 11 0 0 0 0 0 0 0 0 0 0 0 0 0 0 0 0 0 0
1183810601 12 0 0 0 0 0 0 0 0 0 0 0 0 0 0 0 0 0 0
1183811142 13 0 0 0 0 0 0 0 0 0 0 0 0 0 0 0 0 0 0
1183945190 14 0 0 0 0 0 0 0 0 0 0 0 0 0 0 0 0 0 0
1183946501 15 0 0 0 0 0 0 0 0 0 0 0 0 0 0 0 0 0 0
1184193508 16 0 0 0 0 0 0 0 0 0 0 0 0 0 0 0 0 0 0
1184199196 17 0 0 0 0 0 0 0 0 0 0 0 0 0 0 0 0 0 0
1184339850 18 0 0 0 0 0 0 0 0 0 0 0 0 0 0 0 0 0 0
1184428968 19 0 0 0 0 0 0 0 0 0 0 0 0 0 0 0 0 0 0
1184429458 20 0 0 0 0 0 0 0 0 0 0 0 0 0 0 0 0 0 0
1184430216 21 0 0 0 0 0 0 0 0 0 0 0 0 0 0 0 0 0 0
1184431745 22 0 0 0 0 0 0 0 0 0 0 0 0 0 0 0 0 0 0
1184767328 23 0 0 0 0 0 0 0 0 0 0 0 0 0 0 0 0 0 0
1184845524 24 0 0 0 0 0 0 0 0 0 0 0 0 0 0 0 0 0 0
1184847904 25 0 0 0 0 0 0 0 0 0 0 0 0 0 0 0 0 0 0
1185536907 26 0 0 0 0 0 0 0 0 0 0 0 0 0 0 0 0 0 0
1185583166 27 0 0 0 0 0 0 0 0 0 0 0 0 0 0 0 0 0 0
1185584902 28 0 0 0 0 0 0 0 0 0 0 0 0 0 0 0 0 0 0
1187878819 29 0 0 0 0 0 0 0 0 0 0 0 0 0 0 0 0 0 0
1187880619 30 0 0 0 0 0 0 0 0 0 0 0 0 0 0 0 0 0 0
1187884995 31 0 0 0 0 0 0 0 0 0 0 0 0 0 0 0 0 0 0
1187888390 32 0 0 0 0 0 0 0 0 0 0 0 0 0 0 0 0 0 0
1187957326 33 0 0 0 0 0 0 0 0 0 0 0 0 0 0 0 0 0 0
1187997850 34 0 0 0 0 0 0 0 0 0 0 0 0 0 0 0 0 0 0
1188000240 35 0 0 0 0 0 0 0 0 0 0 0 0 0 0 0 0 0 0
1188040909 36 0 0 0 0 0 0 0 0 0 0 0 0 0 0 0 0 0 0
1188084618 37 0 0 0 0 0 0 0 0 0 0 0 0 0 0 0 0 0 0
1188113649 38 0 0 0 0 0 0 0 0 0 0 0 0 0 0 0 0 0 0
1188161679 39 0 0 0 0 0 0 0 0 0 0 0 0 0 0 0 0 0 0
1188339013 40 0 0 0 0 0 0 0 0 0 0 0 0 0 0 0 0 0 0
1188387918 41 0 0 0 0 0 0 0 0 0 0 0 0 0 0 0 0 0 0
1188389447 42 0 0 0 0 0 0 0 0 0 0 0 0 0 0 0 0 0 0
1188398415 43 0 0 0 0 0 0 0 0 0 0 0 0 0 0 0 0 0 0
1188423116 44 0 0 0 0 0 0 0 0 0 0 0 0 0 0 0 0 0 0
1188559794 45 0 0 0 0 0 0 0 0 0 0 0 0 0 0 0 0 0 0
1188747945 46 0 0 0 0 0 0 0 0 0 0 0 0 0 0 0 0 0 0
1188999047 47 0 0 0 0 0 0 0 0 0 0 0 0 0 0 0 0 0 0
1189556820 48 0 0 0 0 0 0 0 0 0 0 0 0 0 0 0 0 0 0
1189557450 49 0 0 0 0 0 0 0 0 0 0 0 0 0 0 0 0 0 0
1189687930 50 0 0 0 0 0 0 0 0 0 0 0 0 0 0 0 0 0 0
1189719478 51 0 0 0 0 0 0 0 0 0 0 0 0 0 0 0 0 0 0
1189730380 52 0 0 0 0 0 0 0 0 0 0 0 0 0 0 0 0 0 0
1189777541 53 0 0 0 0 0 0 0 0 0 0 0 0 0 0 0 0 0 0
1189849950 54 0 0 0 0 0 0 0 0 0 0 0 0 0 0 0 0 0 0
1190004436 55 0 0 0 0 0 0 0 0 0 0 0 0 0 0 0 0 0 0
1190122631 56 0 0 0 0 0 0 0 0 0 0 0 0 0 0 0 0 0 0
1190132099 57 0 0 0 0 0 0 0 0 0 0 0 0 0 0 0 0 0 0
1190418213 58 0 0 0 0 0 0 0 0 0 0 0 0 0 0 0 0 0 0
1190466551 59 0 0 0 0 0 0 0 0 0 0 0 0 0 0 0 0 0 0
1190466666 60 0 0 0 0 0 0 0 0 0 0 0 0 0 0 0 0 0 0
1190471000 61 0 0 0 0 0 0 0 0 0 0 0 0 0 0 0 0 0 0
1190490323 62 0 0 0 0 0 0 0 0 0 0 0 0 0 0 0 0 0 0
1190804717 63 0 0 0 0 0 0 0 0 0 0 0 0 0 0 0 0 0 0
1190806213 64 0 0 0 0 0 0 0 0 0 0 0 0 0 0 0 0 0 0
1190904812 65 0 0 0 0 0 0 0 0 0 0 0 0 0 0 0 0 0 0
1190909358 66 0 0 0 0 0 0 0 0 0 0 0 0 0 0 0 0 0 0
1190911564 67 0 0 0 0 0 0 0 0 0 0 0 0 0 0 0 0 0 0
1190914347 68 0 0 0 0 0 0 0 0 0 0 0 0 0 0 0 0 0 0
1190946812 69 0 0 0 0 0 0 0 0 0 0 0 0 0 0 0 0 0 0
1190952584 70 0 0 0 0 0 0 0 0 0 0 0 0 0 0 0 0 0 0
1190953743 71 0 0 0 0 0 0 0 0 0 0 0 0 0 0 0 0 0 0
1191018660 72 0 0 0 0 0 0 0 0 0 0 0 0 0 0 0 0 0 0
1191069979 73 0 0 0 0 0 0 0 0 0 0 0 0 0 0 0 0 0 0
1191197970 74 0 0 0 0 0 0 0 0 0 0 0 0 0 0 0 0 0 0
1191204621 75 0 0 0 0 0 0 0 0 0 0 0 0 0 0 0 0 0 0
1191270938 76 0 0 0 0 0 0 0 0 0 0 0 0 0 0 0 0 0 0
1191280631 77 0 0 0 0 0 0 0 0 0 0 0 0 0 0 0 0 0 0
1191345243 78 0 0 0 0 0 0 0 0 0 0 0 0 0 0 0 0 0 0
1191349660 79 0 0 0 0 0 0 0 0 0 0 0 0 0 0 0 0 0 0
1191439700 80 0 0 0 0 0 0 0 0 0 0 0 0 0 0 0 0 0 0
1191543166 81 0 0 0 0 0 0 0 0 0 0 0 0 0 0 0 0 0 0
1191969745 82 0 0 0 0 0 0 0 0 0 0 0 0 0 0 0 0 0 0
1191972614 83 0 0 0 0 0 0 0 0 0 0 0 0 0 0 0 0 0 0
1192029281 84 0 0 0 0 0 0 0 0 0 0 0 0 0 0 0 0 0 0
1192062882 85 0 0 0 0 0 0 0 0 0 0 0 0 0 0 0 0 0 0
1192106999 86 0 0 0 0 0 0 0 0 0 0 0 0 0 0 0 0 0 0
1192135870 87 0 0 0 0 0 0 0 0 0 0 0 0 0 0 0 0 0 0
1192321656 88 0 0 0 0 0 0 0 0 0 0 0 0 0 0 0 0 0 0
1192368082 89 0 0 0 0 0 0 0 0 0 0 0 0 0 0 0 0 0 0
1192368668 90 0 0 0 0 0 0 0 0 0 0 0 0 0 0 0 0 0 0
1192375231 91 0 0 0 0 0 0 0 0 0 0 0 0 0 0 0 0 0 0
1192383245 92 0 0 0 0 0 0 0 0 0 0 0 0 0 0 0 0 0 0
1192383438 93 0 0 0 0 0 0 0 0 0 0 0 0 0 0 0 0 0 0
1192392614 94 0 0 0 0 0 0 0 0 0 0 0 0 0 0 0 0 0 0
1192435848 95 0 0 0 0 0 0 0 0 0 0 0 0 0 0 0 0 0 0
1192456469 96 0 0 0 0 0 0 0 0 0 0 0 0 0 0 0 0 0 0
1192472391 97 0 0 0 0 0 0 0 0 0 0 0 0 0 0 0 0 0 0
1192487716 98 0 0 0 0 0 0 0 0 0 0 0 0 0 0 0 0 0 0
1192488067 99 0 0 0 0 0 0 0 0 0 0 0 0 0 0 0 0 0 0
1192495514 100 0 0 0 0 0 0 0 0 0 0 0 0 0 0 0 0 0 0
1192497117 101 0 0 0 0 0 0 0 0 0 0 0 0 0 0 0 0 0 0
1192559552 102 0 0 0 0 0 0 0 0 0 0 0 0 0 0 0 0 0 0
1192577116 103 0 0 0 0 0 0 0 0 0 0 0 0 0 0 0 0 0 0
1192623758 104 0 0 0 0 0 0 0 0 0 0 0 0 0 0 0 0 0 0
1192671403 105 0 0 0 0 0 0 0 0 0 0 0 0 0 0 0 0 0 0
1193264752 106 0 0 0 0 0 0 0 0 0 0 0 0 0 0 0 0 0 0
1193270655 107 0 0 0 0 0 0 0 0 0 0 0 0 0 0 0 0 0 0
1193888337 108 0 0 0 0 0 0 0 0 0 0 0 0 0 0 0 0 0 0
1193959463 109 0 0 0 0 0 0 0 0 0 0 0 0 0 0 0 0 0 0
1193961052 110 0 0 0 0 0 0 0 0 0 0 0 0 0 0 0 0 0 0
1194118492 111 0 0 0 0 0 0 0 0 0 0 0 0 0 0 0 0 0 0
1194309808 112 0 0 0 0 0 0 0 0 0 0 0 0 0 0 0 0 0 0
1194352340 113 0 0 0 0 0 0 0 0 0 0 0 0 0 0 0 0 0 0
1194567014 114 0 0 0 0 0 0 0 0 0 0 0 0 0 0 0 0 0 0
1194665758 115 0 0 0 0 0 0 0 0 0 0 0 0 0 0 0 0 0 0
1194891706 116 0 0 0 0 0 0 0 0 0 0 0 0 0 0 0 0 0 0
1195246341 117 0 0 0 0 0 0 0 0 0 0 0 0 0 0 0 0 0 0
1195595518 118 0 0 0 0 0 0 0 0 0 0 0 0 0 0 0 0 0 0
1195836736 119 0 0 0 0 0 0 0 0 0 0 0 0 0 0 0 0 0 0
1195996467 120 0 0 0 0 0 0 0 0 0 0 0 0 0 0 0 0 0 0
1196033933 121 0 0 0 0 0 0 0 0 0 0 0 0 0 0 0 0 0 0
1196386944 121 0 0 0 0 0 0 1 0 0 0 0 0 0 0 0 0 0 0
1196569055 122 0 0 0 0 0 0 1 0 0 0 0 0 0 0 0 0 0 0
1196813773 123 0 0 0 0 0 0 1 0 0 0 0 0 0 0 0 0 0 0
1196824433 124 0 0 0 0 0 0 1 0 0 0 0 0 0 0 0 0 0 0
1196825672 125 0 0 0 0 0 0 1 0 0 0 0 0 0 0 0 0 0 0
1196844089 126 0 0 0 0 0 0 1 0 0 0 0 0 0 0 0 0 0 0
1196885536 127 0 0 0 0 0 0 1 0 0 0 0 0 0 0 0 0 0 0
1196890714 127 0 0 1 0 0 0 1 0 0 0 0 0 0 0 0 0 0 0
1196892953 127 0 0 2 0 0 0 1 0 0 0 0 0 0 0 0 0 0 0
1196907329 128 0 0 2 0 0 0 1 0 0 0 0 0 0 0 0 0 0 0
1196921360 129 0 0 2 0 0 0 1 0 0 0 0 0 0 0 0 0 0 0
1197456727 130 0 0 2 0 0 0 1 0 0 0 0 0 0 0 0 0 0 0
1197498617 131 0 0 2 0 0 0 1 0 0 0 0 0 0 0 0 0 0 0
1197559186 131 0 0 3 0 0 0 1 0 0 0 0 0 0 0 0 0 0 0
1197601176 132 0 0 3 0 0 0 1 0 0 0 0 0 0 0 0 0 0 0
1197610824 133 0 0 3 0 0 0 1 0 0 0 0 0 0 0 0 0 0 0
1197612683 134 0 0 3 0 0 0 1 0 0 0 0 0 0 0 0 0 0 0
1197698635 135 0 0 3 0 0 0 1 0 0 0 0 0 0 0 0 0 0 0
1197746785 135 0 0 4 0 0 0 1 0 0 0 0 0 0 0 0 0 0 0
1197747171 135 0 0 5 0 0 0 1 0 0 0 0 0 0 0 0 0 0 0
1197755628 136 0 0 5 0 0 0 1 0 0 0 0 0 0 0 0 0 0 0
1197821403 137 0 0 5 0 0 0 1 0 0 0 0 0 0 0 0 0 0 0
1197991073 138 0 0 5 0 0 0 1 0 0 0 0 0 0 0 0 0 0 0
1197991266 139 0 0 5 0 0 0 1 0 0 0 0 0 0 0 0 0 0 0
1198038650 140 0 0 5 0 0 0 1 0 0 0 0 0 0 0 0 0 0 0
1198040262 141 0 0 5 0 0 0 1 0 0 0 0 0 0 0 0 0 0 0
1198041677 142 0 0 5 0 0 0 1 0 0 0 0 0 0 0 0 0 0 0
1198331292 143 0 0 5 0 0 0 1 0 0 0 0 0 0 0 0 0 0 0
1198351545 144 0 0 5 0 0 0 1 0 0 0 0 0 0 0 0 0 0 0
1198492183 144 0 0 6 0 0 0 1 0 0 0 0 0 0 0 0 0 0 0
1198492817 144 0 0 7 0 0 0 1 0 0 0 0 0 0 0 0 0 0 0
1198888456 144 0 0 8 0 0 0 1 0 0 0 0 0 0 0 0 0 0 0
1199435442 144 0 0 9 0 0 0 1 0 0 0 0 0 0 0 0 0 0 0
1199501680 145 0 0 9 0 0 0 1 0 0 0 0 0 0 0 0 0 0 0
1199714311 145 0 0 10 0 0 0 1 0 0 0 0 0 0 0 0 0 0 0
1199723281 145 0 0 11 0 0 0 1 0 0 0 0 0 0 0 0 0 0 0
1199724131 145 0 0 12 0 0 0 1 0 0 0 0 0 0 0 0 0 0 0
1199771551 145 0 0 13 0 0 0 1 0 0 0 0 0 0 0 0 0 0 0
1199798505 145 0 0 14 0 0 0 1 0 0 0 0 0 0 0 0 0 0 0
1199833849 146 0 0 14 0 0 0 1 0 0 0 0 0 0 0 0 0 0 0
1199866629 146 0 0 15 0 0 0 1 0 0 0 0 0 0 0 0 0 0 0
1199887441 146 0 0 16 0 0 0 1 0 0 0 0 0 0 0 0 0 0 0
1199951539 146 0 0 17 0 0 0 1 0 0 0 0 0 0 0 0 0 0 0
1200040734 146 0 0 18 0 0 0 1 0 0 0 0 0 0 0 0 0 0 0
1200194779 147 0 0 18 0 0 0 1 0 0 0 0 0 0 0 0 0 0 0
1200198130 148 0 0 18 0 0 0 1 0 0 0 0 0 0 0 0 0 0 0
1200238816 149 0 0 18 0 0 0 1 0 0 0 0 0 0 0 0 0 0 0
1200329373 149 0 0 19 0 0 0 1 0 0 0 0 0 0 0 0 0 0 0
1200342069 150 0 0 19 0 0 0 1 0 0 0 0 0 0 0 0 0 0 0
1200389835 150 0 0 20 0 0 0 1 0 0 0 0 0 0 0 0 0 0 0
1200617775 151 0 0 20 0 0 0 1 0 0 0 0 0 0 0 0 0 0 0
1200625196 152 0 0 20 0 0 0 1 0 0 0 0 0 0 0 0 0 0 0
1200668841 153 0 0 20 0 0 0 1 0 0 0 0 0 0 0 0 0 0 0
1200709924 154 0 0 20 0 0 0 1 0 0 0 0 0 0 0 0 0 0 0
1200712735 155 0 0 20 0 0 0 1 0 0 0 0 0 0 0 0 0 0 0
1200713507 156 0 0 20 0 0 0 1 0 0 0 0 0 0 0 0 0 0 0
1200772095 157 0 0 20 0 0 0 1 0 0 0 0 0 0 0 0 0 0 0
1200772292 158 0 0 20 0 0 0 1 0 0 0 0 0 0 0 0 0 0 0
1200776000 158 0 0 21 0 0 0 1 0 0 0 0 0 0 0 0 0 0 0
1200791868 159 0 0 21 0 0 0 1 0 0 0 0 0 0 0 0 0 0 0
1200947574 159 0 0 22 0 0 0 1 0 0 0 0 0 0 0 0 0 0 0
1200950052 160 0 0 22 0 0 0 1 0 0 0 0 0 0 0 0 0 0 0
1200959261 161 0 0 22 0 0 0 1 0 0 0 0 0 0 0 0 0 0 0
1200989139 161 0 0 23 0 0 0 1 0 0 0 0 0 0 0 0 0 0 0
1200990722 161 0 0 24 0 0 0 1 0 0 0 0 0 0 0 0 0 0 0
1201031769 162 0 0 24 0 0 0 1 0 0 0 0 0 0 0 0 0 0 0
1201034827 163 0 0 24 0 0 0 1 0 0 0 0 0 0 0 0 0 0 0
1201119458 164 0 0 24 0 0 0 1 0 0 0 0 0 0 0 0 0 0 0
1201181279 164 0 0 25 0 0 0 1 0 0 0 0 0 0 0 0 0 0 0
1201336256 164 0 0 26 0 0 0 1 0 0 0 0 0 0 0 0 0 0 0
1201336919 164 0 0 27 0 0 0 1 0 0 0 0 0 0 0 0 0 0 0
1201337519 164 0 0 28 0 0 0 1 0 0 0 0 0 0 0 0 0 0 0
1201337674 164 0 0 29 0 0 0 1 0 0 0 0 0 0 0 0 0 0 0
1201337837 164 0 0 30 0 0 0 1 0 0 0 0 0 0 0 0 0 0 0
1201339235 164 0 0 31 0 0 0 1 0 0 0 0 0 0 0 0 0 0 0
1201371194 164 0 0 32 0 0 0 1 0 0 0 0 0 0 0 0 0 0 0
1201407781 165 0 0 32 0 0 0 1 0 0 0 0 0 0 0 0 0 0 0
1201446233 166 0 0 32 0 0 0 1 0 0 0 0 0 0 0 0 0 0 0
1201457166 167 0 0 32 0 0 0 1 0 0 0 0 0 0 0 0 0 0 0
1201460845 168 0 0 32 0 0 0 1 0 0 0 0 0 0 0 0 0 0 0
1201491675 169 0 0 32 0 0 0 1 0 0 0 0 0 0 0 0 0 0 0
1201525071 169 0 0 33 0 0 0 1 0 0 0 0 0 0 0 0 0 0 0
1201536378 170 0 0 33 0 0 0 1 0 0 0 0 0 0 0 0 0 0 0
1201720679 170 0 0 34 0 0 0 1 0 0 0 0 0 0 0 0 0 0 0
1201723126 171 0 0 34 0 0 0 1 0 0 0 0 0 0 0 0 0 0 0
1202083680 172 0 0 34 0 0 0 1 0 0 0 0 0 0 0 0 0 0 0
1202152824 173 0 0 34 0 0 0 1 0 0 0 0 0 0 0 0 0 0 0
1202152939 174 0 0 34 0 0 0 1 0 0 0 0 0 0 0 0 0 0 0
1202330244 174 0 0 35 0 0 0 1 0 0 0 0 0 0 0 0 0 0 0
1202330552 174 0 0 36 0 0 0 1 0 0 0 0 0 0 0 0 0 0 0
1202342098 175 0 0 36 0 0 0 1 0 0 0 0 0 0 0 0 0 0 0
1202561598 176 0 0 36 0 0 0 1 0 0 0 0 0 0 0 0 0 0 0
1202593228 177 0 0 36 0 0 0 1 0 0 0 0 0 0 0 0 0 0 0
1202599990 178 0 0 36 0 0 0 1 0 0 0 0 0 0 0 0 0 0 0
1202873551 179 0 0 36 0 0 0 1 0 0 0 0 0 0 0 0 0 0 0
1202874178 180 0 0 36 0 0 0 1 0 0 0 0 0 0 0 0 0 0 0
1202964583 181 0 0 36 0 0 0 1 0 0 0 0 0 0 0 0 0 0 0
1203024450 182 0 0 36 0 0 0 1 0 0 0 0 0 0 0 0 0 0 0
1203119303 183 0 0 36 0 0 0 1 0 0 0 0 0 0 0 0 0 0 0
1203120008 184 0 0 36 0 0 0 1 0 0 0 0 0 0 0 0 0 0 0
1203448477 185 0 0 36 0 0 0 1 0 0 0 0 0 0 0 0 0 0 0
1203461236 186 0 0 36 0 0 0 1 0 0 0 0 0 0 0 0 0 0 0
1203462204 187 0 0 36 0 0 0 1 0 0 0 0 0 0 0 0 0 0 0
1203616953 188 0 0 36 0 0 0 1 0 0 0 0 0 0 0 0 0 0 0
1203619253 189 0 0 36 0 0 0 1 0 0 0 0 0 0 0 0 0 0 0
1203621381 190 0 0 36 0 0 0 1 0 0 0 0 0 0 0 0 0 0 0
1203623602 191 0 0 36 0 0 0 1 0 0 0 0 0 0 0 0 0 0 0
1203698592 192 0 0 36 0 0 0 1 0 0 0 0 0 0 0 0 0 0 0
1203699831 193 0 0 36 0 0 0 1 0 0 0 0 0 0 0 0 0 0 0
1203961442 194 0 0 36 0 0 0 1 0 0 0 0 0 0 0 0 0 0 0
1203962328 195 0 0 36 0 0 0 1 0 0 0 0 0 0 0 0 0 0 0
1203983595 196 0 0 36 0 0 0 1 0 0 0 0 0 0 0 0 0 0 0
1204018624 197 0 0 36 0 0 0 1 0 0 0 0 0 0 0 0 0 0 0
1204040540 198 0 0 36 0 0 0 1 0 0 0 0 0 0 0 0 0 0 0
1204040944 199 0 0 36 0 0 0 1 0 0 0 0 0 0 0 0 0 0 0
1204056254 200 0 0 36 0 0 0 1 0 0 0 0 0 0 0 0 0 0 0
1204079740 201 0 0 36 0 0 0 1 0 0 0 0 0 0 0 0 0 0 0
1204114704 202 0 0 36 0 0 0 1 0 0 0 0 0 0 0 0 0 0 0
1204503557 203 0 0 36 0 0 0 1 0 0 0 0 0 0 0 0 0 0 0
1204566997 204 0 0 36 0 0 0 1 0 0 0 0 0 0 0 0 0 0 0
1204900173 205 0 0 36 0 0 0 1 0 0 0 0 0 0 0 0 0 0 0
1204901449 206 0 0 36 0 0 0 1 0 0 0 0 0 0 0 0 0 0 0
1205327673 207 0 0 36 0 0 0 1 0 0 0 0 0 0 0 0 0 0 0
1205796459 208 0 0 36 0 0 0 1 0 0 0 0 0 0 0 0 0 0 0
1205797029 209 0 0 36 0 0 0 1 0 0 0 0 0 0 0 0 0 0 0
1205887662 210 0 0 36 0 0 0 1 0 0 0 0 0 0 0 0 0 0 0
1206497390 211 0 0 36 0 0 0 1 0 0 0 0 0 0 0 0 0 0 0
1206538816 212 0 0 36 0 0 0 1 0 0 0 0 0 0 0 0 0 0 0
1206728363 213 0 0 36 0 0 0 1 0 0 0 0 0 0 0 0 0 0 0
1206746923 214 0 0 36 0 0 0 1 0 0 0 0 0 0 0 0 0 0 0
1206749406 215 0 0 36 0 0 0 1 0 0 0 0 0 0 0 0 0 0 0
1206752755 216 0 0 36 0 0 0 1 0 0 0 0 0 0 0 0 0 0 0
1206800765 217 0 0 36 0 0 0 1 0 0 0 0 0 0 0 0 0 0 0
1206971174 218 0 0 36 0 0 0 1 0 0 0 0 0 0 0 0 0 0 0
1206985253 219 0 0 36 0 0 0 1 0 0 0 0 0 0 0 0 0 0 0
1207145406 220 0 0 36 0 0 0 1 0 0 0 0 0 0 0 0 0 0 0
1207844144 221 0 0 36 0 0 0 1 0 0 0 0 0 0 0 0 0 0 0
1207873487 222 0 0 36 0 0 0 1 0 0 0 0 0 0 0 0 0 0 0
1208376146 222 0 0 37 0 0 0 1 0 0 0 0 0 0 0 0 0 0 0
1208907868 223 0 0 37 0 0 0 1 0 0 0 0 0 0 0 0 0 0 0
1208992824 224 0 0 37 0 0 0 1 0 0 0 0 0 0 0 0 0 0 0
1210025917 225 0 0 37 0 0 0 1 0 0 0 0 0 0 0 0 0 0 0
1210188201 226 0 0 37 0 0 0 1 0 0 0 0 0 0 0 0 0 0 0
1210211224 227 0 0 37 0 0 0 1 0 0 0 0 0 0 0 0 0 0 0
1210591961 228 0 0 37 0 0 0 1 0 0 0 0 0 0 0 0 0 0 0
1210615016 229 0 0 37 0 0 0 1 0 0 0 0 0 0 0 0 0 0 0
1210713993 230 0 0 37 0 0 0 1 0 0 0 0 0 0 0 0 0 0 0
1211210789 230 0 0 38 0 0 0 1 0 0 0 0 0 0 0 0 0 0 0
1211337415 231 0 0 38 0 0 0 1 0 0 0 0 0 0 0 0 0 0 0
1211337599 232 0 0 38 0 0 0 1 0 0 0 0 0 0 0 0 0 0 0
1211342050 233 0 0 38 0 0 0 1 0 0 0 0 0 0 0 0 0 0 0
1212010831 234 0 0 38 0 0 0 1 0 0 0 0 0 0 0 0 0 0 0
1213138650 235 0 0 38 0 0 0 1 0 0 0 0 0 0 0 0 0 0 0
1213139154 236 0 0 38 0 0 0 1 0 0 0 0 0 0 0 0 0 0 0
1213150629 237 0 0 38 0 0 0 1 0 0 0 0 0 0 0 0 0 0 0
1213230144 238 0 0 38 0 0 0 1 0 0 0 0 0 0 0 0 0 0 0
1213362441 239 0 0 38 0 0 0 1 0 0 0 0 0 0 0 0 0 0 0
1214151318 240 0 0 38 0 0 0 1 0 0 0 0 0 0 0 0 0 0 0
1214222524 241 0 0 38 0 0 0 1 0 0 0 0 0 0 0 0 0 0 0
1214256020 242 0 0 38 0 0 0 1 0 0 0 0 0 0 0 0 0 0 0
1215813049 243 0 0 38 0 0 0 1 0 0 0 0 0 0 0 0 0 0 0
1215823288 244 0 0 38 0 0 0 1 0 0 0 0 0 0 0 0 0 0 0
1216301949 244 0 0 39 0 0 0 1 0 0 0 0 0 0 0 0 0 0 0
1216708449 245 0 0 39 0 0 0 1 0 0 0 0 0 0 0 0 0 0 0
1216853894 246 0 0 39 0 0 0 1 0 0 0 0 0 0 0 0 0 0 0
1216920826 247 0 0 39 0 0 0 1 0 0 0 0 0 0 0 0 0 0 0
1217350264 248 0 0 39 0 0 0 1 0 0 0 0 0 0 0 0 0 0 0
1217805473 249 0 0 39 0 0 0 1 0 0 0 0 0 0 0 0 0 0 0
1217810087 250 0 0 39 0 0 0 1 0 0 0 0 0 0 0 0 0 0 0
1217857895 251 0 0 39 0 0 0 1 0 0 0 0 0 0 0 0 0 0 0
1219794128 252 0 0 39 0 0 0 1 0 0 0 0 0 0 0 0 0 0 0
1219797387 253 0 0 39 0 0 0 1 0 0 0 0 0 0 0 0 0 0 0
1219799421 254 0 0 39 0 0 0 1 0 0 0 0 0 0 0 0 0 0 0
1219800049 255 0 0 39 0 0 0 1 0 0 0 0 0 0 0 0 0 0 0
1219813143 256 0 0 39 0 0 0 1 0 0 0 0 0 0 0 0 0 0 0
1219970346 257 0 0 39 0 0 0 1 0 0 0 0 0 0 0 0 0 0 0
1220180104 257 0 0 40 0 0 0 1 0 0 0 0 0 0 0 0 0 0 0
1220390512 258 0 0 40 0 0 0 1 0 0 0 0 0 0 0 0 0 0 0
1220391775 259 0 0 40 0 0 0 1 0 0 0 0 0 0 0 0 0 0 0
1220477351 260 0 0 40 0 0 0 1 0 0 0 0 0 0 0 0 0 0 0
1220478600 261 0 0 40 0 0 0 1 0 0 0 0 0 0 0 0 0 0 0
1220553423 261 0 0 41 0 0 0 1 0 0 0 0 0 0 0 0 0 0 0
1220553935 261 0 0 42 0 0 0 1 0 0 0 0 0 0 0 0 0 0 0
1220558678 261 0 0 43 0 0 0 1 0 0 0 0 0 0 0 0 0 0 0
1220612309 262 0 0 43 0 0 0 1 0 0 0 0 0 0 0 0 0 0 0
1220737792 263 0 0 43 0 0 0 1 0 0 0 0 0 0 0 0 0 0 0
1220755938 264 0 0 43 0 0 0 1 0 0 0 0 0 0 0 0 0 0 0
1220767794 265 0 0 43 0 0 0 1 0 0 0 0 0 0 0 0 0 0 0
1220966753 265 0 0 44 0 0 0 1 0 0 0 0 0 0 0 0 0 0 0
1220984999 265 0 0 45 0 0 0 1 0 0 0 0 0 0 0 0 0 0 0
1220994958 265 0 0 46 0 0 0 1 0 0 0 0 0 0 0 0 0 0 0
1221002467 266 0 0 46 0 0 0 1 0 0 0 0 0 0 0 0 0 0 0
1221086178 267 0 0 46 0 0 0 1 0 0 0 0 0 0 0 0 0 0 0
1221229941 268 0 0 46 0 0 0 1 0 0 0 0 0 0 0 0 0 0 0
1221512917 268 0 0 47 0 0 0 1 0 0 0 0 0 0 0 0 0 0 0
1221513033 268 0 0 48 0 0 0 1 0 0 0 0 0 0 0 0 0 0 0
1221585699 269 0 0 48 0 0 0 1 0 0 0 0 0 0 0 0 0 0 0
1221601811 270 0 0 48 0 0 0 1 0 0 0 0 0 0 0 0 0 0 0
1221687349 270 0 0 48 0 0 0 2 0 0 0 0 0 0 0 0 0 0 0
1221704009 271 0 0 48 0 0 0 2 0 0 0 0 0 0 0 0 0 0 0
1221821770 271 0 0 49 0 0 0 2 0 0 0 0 0 0 0 0 0 0 0
1221822317 272 0 0 49 0 0 0 2 0 0 0 0 0 0 0 0 0 0 0
1221825085 273 0 0 49 0 0 0 2 0 0 0 0 0 0 0 0 0 0 0
1221825414 273 0 0 50 0 0 0 2 0 0 0 0 0 0 0 0 0 0 0
1222092626 273 0 0 51 0 0 0 2 0 0 0 0 0 0 0 0 0 0 0
1222116846 273 0 0 52 0 0 0 2 0 0 0 0 0 0 0 0 0 0 0
1222155443 273 0 0 53 0 0 0 2 0 0 0 0 0 0 0 0 0 0 0
1222180022 274 0 0 53 0 0 0 2 0 0 0 0 0 0 0 0 0 0 0
1222184393 274 0 0 54 0 0 0 2 0 0 0 0 0 0 0 0 0 0 0
1222196163 274 0 0 55 0 0 0 2 0 0 0 0 0 0 0 0 0 0 0
1222242152 274 0 0 56 0 0 0 2 0 0 0 0 0 0 0 0 0 0 0
1222243109 274 0 0 57 0 0 0 2 0 0 0 0 0 0 0 0 0 0 0
1222243189 274 0 0 58 0 0 0 2 0 0 0 0 0 0 0 0 0 0 0
1222254516 274 0 0 59 0 0 0 2 0 0 0 0 0 0 0 0 0 0 0
1222267525 274 0 0 60 0 0 0 2 0 0 0 0 0 0 0 0 0 0 0
1222311605 275 0 0 60 0 0 0 2 0 0 0 0 0 0 0 0 0 0 0
1222317608 276 0 0 60 0 0 0 2 0 0 0 0 0 0 0 0 0 0 0
1222350744 277 0 0 60 0 0 0 2 0 0 0 0 0 0 0 0 0 0 0
1222363943 278 0 0 60 0 0 0 2 0 0 0 0 0 0 0 0 0 0 0
1222382913 279 0 0 60 0 0 0 2 0 0 0 0 0 0 0 0 0 0 0
1222395219 280 0 0 60 0 0 0 2 0 0 0 0 0 0 0 0 0 0 0
1222414079 280 0 0 61 0 0 0 2 0 0 0 0 0 0 0 0 0 0 0
1222466640 281 0 0 61 0 0 0 2 0 0 0 0 0 0 0 0 0 0 0
1222860655 282 0 0 61 0 0 0 2 0 0 0 0 0 0 0 0 0 0 0
1222943940 282 0 0 62 0 0 0 2 0 0 0 0 0 0 0 0 0 0 0
1222994783 283 0 0 62 0 0 0 2 0 0 0 0 0 0 0 0 0 0 0
1223032458 284 0 0 62 0 0 0 2 0 0 0 0 0 0 0 0 0 0 0
1223051353 285 0 0 62 0 0 0 2 0 0 0 0 0 0 0 0 0 0 0
1223284138 285 0 0 63 0 0 0 2 0 0 0 0 0 0 0 0 0 0 0
1223284376 285 0 0 64 0 0 0 2 0 0 0 0 0 0 0 0 0 0 0
1223369708 285 0 0 65 0 0 0 2 0 0 0 0 0 0 0 0 0 0 0
1223378254 285 0 0 66 0 0 0 2 0 0 0 0 0 0 0 0 0 0 0
1223390551 285 0 0 67 0 0 0 2 0 0 0 0 0 0 0 0 0 0 0
1223397385 286 0 0 67 0 0 0 2 0 0 0 0 0 0 0 0 0 0 0
1223504309 287 0 0 67 0 0 0 2 0 0 0 0 0 0 0 0 0 0 0
1223575452 287 0 0 68 0 0 0 2 0 0 0 0 0 0 0 0 0 0 0
1223580022 287 0 0 69 0 0 0 2 0 0 0 0 0 0 0 0 0 0 0
1223656893 288 0 0 69 0 0 0 2 0 0 0 0 0 0 0 0 0 0 0
1223863095 289 0 0 69 0 0 0 2 0 0 0 0 0 0 0 0 0 0 0
1223957053 290 0 0 69 0 0 0 2 0 0 0 0 0 0 0 0 0 0 0
1224002646 291 0 0 69 0 0 0 2 0 0 0 0 0 0 0 0 0 0 0
1224070357 292 0 0 69 0 0 0 2 0 0 0 0 0 0 0 0 0 0 0
1224528858 292 0 1 69 0 0 0 2 0 0 0 0 0 0 0 0 0 0 0
1224530090 292 0 2 69 0 0 0 2 0 0 0 0 0 0 0 0 0 0 0
1224625747 292 0 2 70 0 0 0 2 0 0 0 0 0 0 0 0 0 0 0
1224943190 293 0 2 70 0 0 0 2 0 0 0 0 0 0 0 0 0 0 0
1225049524 293 0 3 70 0 0 0 2 0 0 0 0 0 0 0 0 0 0 0
1225054360 293 0 4 70 0 0 0 2 0 0 0 0 0 0 0 0 0 0 0
1225062799 294 0 4 70 0 0 0 2 0 0 0 0 0 0 0 0 0 0 0
1225064456 294 0 5 70 0 0 0 2 0 0 0 0 0 0 0 0 0 0 0
1225074542 295 0 5 70 0 0 0 2 0 0 0 0 0 0 0 0 0 0 0
1225154727 296 0 5 70 0 0 0 2 0 0 0 0 0 0 0 0 0 0 0
1225155131 297 0 5 70 0 0 0 2 0 0 0 0 0 0 0 0 0 0 0
1225158176 298 0 5 70 0 0 0 2 0 0 0 0 0 0 0 0 0 0 0
1225161567 299 0 5 70 0 0 0 2 0 0 0 0 0 0 0 0 0 0 0
1225186871 299 0 6 70 0 0 0 2 0 0 0 0 0 0 0 0 0 0 0
1225198871 300 0 6 70 0 0 0 2 0 0 0 0 0 0 0 0 0 0 0
1225809358 300 0 6 71 0 0 0 2 0 0 0 0 0 0 0 0 0 0 0
1225810280 300 0 6 72 0 0 0 2 0 0 0 0 0 0 0 0 0 0 0
1225815098 300 0 6 73 0 0 0 2 0 0 0 0 0 0 0 0 0 0 0
1225817622 300 0 6 74 0 0 0 2 0 0 0 0 0 0 0 0 0 0 0
1225828412 301 0 6 74 0 0 0 2 0 0 0 0 0 0 0 0 0 0 0
1225833453 302 0 6 74 0 0 0 2 0 0 0 0 0 0 0 0 0 0 0
1225834827 303 0 6 74 0 0 0 2 0 0 0 0 0 0 0 0 0 0 0
1225844916 304 0 6 74 0 0 0 2 0 0 0 0 0 0 0 0 0 0 0
1226043632 304 0 6 75 0 0 0 2 0 0 0 0 0 0 0 0 0 0 0
1226089459 305 0 6 75 0 0 0 2 0 0 0 0 0 0 0 0 0 0 0
1226946515 305 0 6 76 0 0 0 2 0 0 0 0 0 0 0 0 0 0 0
1227150157 306 0 6 76 0 0 0 2 0 0 0 0 0 0 0 0 0 0 0
1227720069 306 0 6 77 0 0 0 2 0 0 0 0 0 0 0 0 0 0 0
1227732730 306 0 6 78 0 0 0 2 0 0 0 0 0 0 0 0 0 0 0
1227732984 306 0 6 79 0 0 0 2 0 0 0 0 0 0 0 0 0 0 0
1227906323 307 0 6 79 0 0 0 2 0 0 0 0 0 0 0 0 0 0 0
1227923793 308 0 6 79 0 0 0 2 0 0 0 0 0 0 0 0 0 0 0
1228481750 309 0 6 79 0 0 0 2 0 0 0 0 0 0 0 0 0 0 0
1228488838 310 0 6 79 0 0 0 2 0 0 0 0 0 0 0 0 0 0 0
1229185686 311 0 6 79 0 0 0 2 0 0 0 0 0 0 0 0 0 0 0
1229187164 312 0 6 79 0 0 0 2 0 0 0 0 0 0 0 0 0 0 0
1229300735 313 0 6 79 0 0 0 2 0 0 0 0 0 0 0 0 0 0 0
1229365316 314 0 6 79 0 0 0 2 0 0 0 0 0 0 0 0 0 0 0
1229394374 315 0 6 79 0 0 0 2 0 0 0 0 0 0 0 0 0 0 0
1229424184 316 0 6 79 0 0 0 2 0 0 0 0 0 0 0 0 0 0 0
1229476528 317 0 6 79 0 0 0 2 0 0 0 0 0 0 0 0 0 0 0
1229480810 318 0 6 79 0 0 0 2 0 0 0 0 0 0 0 0 0 0 0
1229639447 319 0 6 79 0 0 0 2 0 0 0 0 0 0 0 0 0 0 0
1229647134 320 0 6 79 0 0 0 2 0 0 0 0 0 0 0 0 0 0 0
1229747676 321 0 6 79 0 0 0 2 0 0 0 0 0 0 0 0 0 0 0
1229793169 322 0 6 79 0 0 0 2 0 0 0 0 0 0 0 0 0 0 0
1229884785 323 0 6 79 0 0 0 2 0 0 0 0 0 0 0 0 0 0 0
1229897591 324 0 6 79 0 0 0 2 0 0 0 0 0 0 0 0 0 0 0
1231015102 325 0 6 79 0 0 0 2 0 0 0 0 0 0 0 0 0 0 0
1231097087 326 0 6 79 0 0 0 2 0 0 0 0 0 0 0 0 0 0 0
1231190393 327 0 6 79 0 0 0 2 0 0 0 0 0 0 0 0 0 0 0
1231362178 328 0 6 79 0 0 0 2 0 0 0 0 0 0 0 0 0 0 0
1231373112 329 0 6 79 0 0 0 2 0 0 0 0 0 0 0 0 0 0 0
1231532782 330 0 6 79 0 0 0 2 0 0 0 0 0 0 0 0 0 0 0
1231610478 331 0 6 79 0 0 0 2 0 0 0 0 0 0 0 0 0 0 0
1231620332 332 0 6 79 0 0 0 2 0 0 0 0 0 0 0 0 0 0 0
1231725503 333 0 6 79 0 0 0 2 0 0 0 0 0 0 0 0 0 0 0
1231839770 333 0 6 80 0 0 0 2 0 0 0 0 0 0 0 0 0 0 0
1231839881 333 0 6 81 0 0 0 2 0 0 0 0 0 0 0 0 0 0 0
1231841166 333 0 6 82 0 0 0 2 0 0 0 0 0 0 0 0 0 0 0
1231842783 333 0 6 83 0 0 0 2 0 0 0 0 0 0 0 0 0 0 0
1231862452 334 0 6 83 0 0 0 2 0 0 0 0 0 0 0 0 0 0 0
1231870405 334 0 6 84 0 0 0 2 0 0 0 0 0 0 0 0 0 0 0
1231872398 335 0 6 84 0 0 0 2 0 0 0 0 0 0 0 0 0 0 0
1231891235 335 0 6 85 0 0 0 2 0 0 0 0 0 0 0 0 0 0 0
1231923960 335 0 6 86 0 0 0 2 0 0 0 0 0 0 0 0 0 0 0
1232077813 336 0 6 86 0 0 0 2 0 0 0 0 0 0 0 0 0 0 0
1232087125 337 0 6 86 0 0 0 2 0 0 0 0 0 0 0 0 0 0 0
1232125892 338 0 6 86 0 0 0 2 0 0 0 0 0 0 0 0 0 0 0
1232126199 339 0 6 86 0 0 0 2 0 0 0 0 0 0 0 0 0 0 0
1232246405 340 0 6 86 0 0 0 2 0 0 0 0 0 0 0 0 0 0 0
1232310628 341 0 6 86 0 0 0 2 0 0 0 0 0 0 0 0 0 0 0
1232329502 342 0 6 86 0 0 0 2 0 0 0 0 0 0 0 0 0 0 0
1232331425 343 0 6 86 0 0 0 2 0 0 0 0 0 0 0 0 0 0 0
1232410166 344 0 6 86 0 0 0 2 0 0 0 0 0 0 0 0 0 0 0
1232413328 344 0 6 87 0 0 0 2 0 0 0 0 0 0 0 0 0 0 0
1232416293 344 0 6 88 0 0 0 2 0 0 0 0 0 0 0 0 0 0 0
1232462380 345 0 6 88 0 0 0 2 0 0 0 0 0 0 0 0 0 0 0
1232465776 346 0 6 88 0 0 0 2 0 0 0 0 0 0 0 0 0 0 0
1232468778 346 0 6 89 0 0 0 2 0 0 0 0 0 0 0 0 0 0 0
1232476657 347 0 6 89 0 0 0 2 0 0 0 0 0 0 0 0 0 0 0
1232492745 348 0 6 89 0 0 0 2 0 0 0 0 0 0 0 0 0 0 0
1232508685 349 0 6 89 0 0 0 2 0 0 0 0 0 0 0 0 0 0 0
1232526741 349 0 6 90 0 0 0 2 0 0 0 0 0 0 0 0 0 0 0
1232571357 349 0 6 91 0 0 0 2 0 0 0 0 0 0 0 0 0 0 0
1232587795 350 0 6 91 0 0 0 2 0 0 0 0 0 0 0 0 0 0 0
1232599438 351 0 6 91 0 0 0 2 0 0 0 0 0 0 0 0 0 0 0
1232681084 352 0 6 91 0 0 0 2 0 0 0 0 0 0 0 0 0 0 0
1232685479 353 0 6 91 0 0 0 2 0 0 0 0 0 0 0 0 0 0 0
1232695169 354 0 6 91 0 0 0 2 0 0 0 0 0 0 0 0 0 0 0
1232734720 355 0 6 91 0 0 0 2 0 0 0 0 0 0 0 0 0 0 0
1232803528 355 0 6 92 0 0 0 2 0 0 0 0 0 0 0 0 0 0 0
1232813921 355 0 6 93 0 0 0 2 0 0 0 0 0 0 0 0 0 0 0
1232911382 356 0 6 93 0 0 0 2 0 0 0 0 0 0 0 0 0 0 0
1232925648 357 0 6 93 0 0 0 2 0 0 0 0 0 0 0 0 0 0 0
1232948866 358 0 6 93 0 0 0 2 0 0 0 0 0 0 0 0 0 0 0
1232958673 358 0 6 94 0 0 0 2 0 0 0 0 0 0 0 0 0 0 0
1233122827 358 0 6 95 0 0 0 2 0 0 0 0 0 0 0 0 0 0 0
1233180474 359 0 6 95 0 0 0 2 0 0 0 0 0 0 0 0 0 0 0
1233246637 360 0 6 95 0 0 0 2 0 0 0 0 0 0 0 0 0 0 0
1233358481 360 0 7 95 0 0 0 2 0 0 0 0 0 0 0 0 0 0 0
1233467063 361 0 7 95 0 0 0 2 0 0 0 0 0 0 0 0 0 0 0
1233537019 362 0 7 95 0 0 0 2 0 0 0 0 0 0 0 0 0 0 0
1233543410 363 0 7 95 0 0 0 2 0 0 0 0 0 0 0 0 0 0 0
1233584500 364 0 7 95 0 0 0 2 0 0 0 0 0 0 0 0 0 0 0
1234149657 365 0 7 95 0 0 0 2 0 0 0 0 0 0 0 0 0 0 0
1234822463 366 0 7 95 0 0 0 2 0 0 0 0 0 0 0 0 0 0 0
1234997968 367 0 7 95 0 0 0 2 0 0 0 0 0 0 0 0 0 0 0
1235158307 368 0 7 95 0 0 0 2 0 0 0 0 0 0 0 0 0 0 0
1235261330 369 0 7 95 0 0 0 2 0 0 0 0 0 0 0 0 0 0 0
1235326188 370 0 7 95 0 0 0 2 0 0 0 0 0 0 0 0 0 0 0
1235362640 371 0 7 95 0 0 0 2 0 0 0 0 0 0 0 0 0 0 0
1235417946 372 0 7 95 0 0 0 2 0 0 0 0 0 0 0 0 0 0 0
1235936627 373 0 7 95 0 0 0 2 0 0 0 0 0 0 0 0 0 0 0
1236083013 374 0 7 95 0 0 0 2 0 0 0 0 0 0 0 0 0 0 0
1236083149 375 0 7 95 0 0 0 2 0 0 0 0 0 0 0 0 0 0 0
1236359221 376 0 7 95 0 0 0 2 0 0 0 0 0 0 0 0 0 0 0
1236802772 377 0 7 95 0 0 0 2 0 0 0 0 0 0 0 0 0 0 0
1236986284 378 0 7 95 0 0 0 2 0 0 0 0 0 0 0 0 0 0 0
1237042180 379 0 7 95 0 0 0 2 0 0 0 0 0 0 0 0 0 0 0
1237046025 380 0 7 95 0 0 0 2 0 0 0 0 0 0 0 0 0 0 0
1237175170 381 0 7 95 0 0 0 2 0 0 0 0 0 0 0 0 0 0 0
1237216220 382 0 7 95 0 0 0 2 0 0 0 0 0 0 0 0 0 0 0
1237318151 382 0 8 95 0 0 0 2 0 0 0 0 0 0 0 0 0 0 0
1237332453 383 0 8 95 0 0 0 2 0 0 0 0 0 0 0 0 0 0 0
1237553651 384 0 8 95 0 0 0 2 0 0 0 0 0 0 0 0 0 0 0
1237749108 385 0 8 95 0 0 0 2 0 0 0 0 0 0 0 0 0 0 0
1237753945 386 0 8 95 0 0 0 2 0 0 0 0 0 0 0 0 0 0 0
1237866614 387 0 8 95 0 0 0 2 0 0 0 0 0 0 0 0 0 0 0
1238082728 388 0 8 95 0 0 0 2 0 0 0 0 0 0 0 0 0 0 0
1238172079 389 0 8 95 0 0 0 2 0 0 0 0 0 0 0 0 0 0 0
1238469109 390 0 8 95 0 0 0 2 0 0 0 0 0 0 0 0 0 0 0
1238632006 391 0 8 95 0 0 0 2 0 0 0 0 0 0 0 0 0 0 0
1238714376 392 0 8 95 0 0 0 2 0 0 0 0 0 0 0 0 0 0 0
1239197870 393 0 8 95 0 0 0 2 0 0 0 0 0 0 0 0 0 0 0
1239201806 393 0 8 96 0 0 0 2 0 0 0 0 0 0 0 0 0 0 0
1239204322 393 0 8 97 0 0 0 2 0 0 0 0 0 0 0 0 0 0 0
1239269394 394 0 8 97 0 0 0 2 0 0 0 0 0 0 0 0 0 0 0
1239313480 395 0 8 97 0 0 0 2 0 0 0 0 0 0 0 0 0 0 0
1239370045 396 0 8 97 0 0 0 2 0 0 0 0 0 0 0 0 0 0 0
1239747405 397 0 8 97 0 0 0 2 0 0 0 0 0 0 0 0 0 0 0
1239761176 398 0 8 97 0 0 0 2 0 0 0 0 0 0 0 0 0 0 0
1240185402 399 0 8 97 0 0 0 2 0 0 0 0 0 0 0 0 0 0 0
1240235071 399 0 8 98 0 0 0 2 0 0 0 0 0 0 0 0 0 0 0
1240339437 399 0 8 99 0 0 0 2 0 0 0 0 0 0 0 0 0 0 0
1240362347 400 0 8 99 0 0 0 2 0 0 0 0 0 0 0 0 0 0 0
1240431909 401 0 8 99 0 0 0 2 0 0 0 0 0 0 0 0 0 0 0
1240441243 402 0 8 99 0 0 0 2 0 0 0 0 0 0 0 0 0 0 0
1240450548 403 0 8 99 0 0 0 2 0 0 0 0 0 0 0 0 0 0 0
1240477387 404 0 8 99 0 0 0 2 0 0 0 0 0 0 0 0 0 0 0
1240496959 404 0 8 100 0 0 0 2 0 0 0 0 0 0 0 0 0 0 0
1240511682 405 0 8 100 0 0 0 2 0 0 0 0 0 0 0 0 0 0 0
1240712980 406 0 8 100 0 0 0 2 0 0 0 0 0 0 0 0 0 0 0
1240713647 407 0 8 100 0 0 0 2 0 0 0 0 0 0 0 0 0 0 0
1240857911 408 0 8 100 0 0 0 2 0 0 0 0 0 0 0 0 0 0 0
1240933612 408 0 8 101 0 0 0 2 0 0 0 0 0 0 0 0 0 0 0
1240938570 408 0 9 101 0 0 0 2 0 0 0 0 0 0 0 0 0 0 0
1240957546 408 0 9 102 0 0 0 2 0 0 0 0 0 0 0 0 0 0 0
1241800737 409 0 9 102 0 0 0 2 0 0 0 0 0 0 0 0 0 0 0
1241825968 410 0 9 102 0 0 0 2 0 0 0 0 0 0 0 0 0 0 0
1241972618 410 0 10 102 0 0 0 2 0 0 0 0 0 0 0 0 0 0 0
1241977882 411 0 10 102 0 0 0 2 0 0 0 0 0 0 0 0 0 0 0
1242432478 412 0 10 102 0 0 0 2 0 0 0 0 0 0 0 0 0 0 0
1242494294 413 0 10 102 0 0 0 2 0 0 0 0 0 0 0 0 0 0 0
1242603329 414 0 10 102 0 0 0 2 0 0 0 0 0 0 0 0 0 0 0
1242673222 415 0 10 102 0 0 0 2 0 0 0 0 0 0 0 0 0 0 0
1242696925 416 0 10 102 0 0 0 2 0 0 0 0 0 0 0 0 0 0 0
1243032142 416 0 11 102 0 0 0 2 0 0 0 0 0 0 0 0 0 0 0
1244231868 416 0 11 102 1 0 0 2 0 0 0 0 0 0 0 0 0 0 0
1244588826 417 0 11 102 1 0 0 2 0 0 0 0 0 0 0 0 0 0 0
1244594865 418 0 11 102 1 0 0 2 0 0 0 0 0 0 0 0 0 0 0
1244733711 419 0 11 102 1 0 0 2 0 0 0 0 0 0 0 0 0 0 0
1244779054 420 0 11 102 1 0 0 2 0 0 0 0 0 0 0 0 0 0 0
1244803574 421 0 11 102 1 0 0 2 0 0 0 0 0 0 0 0 0 0 0
1245059523 421 0 11 102 2 0 0 2 0 0 0 0 0 0 0 0 0 0 0
1245568626 421 0 11 102 3 0 0 2 0 0 0 0 0 0 0 0 0 0 0
1245702876 422 0 11 102 3 0 0 2 0 0 0 0 0 0 0 0 0 0 0
1245709051 423 0 11 102 3 0 0 2 0 0 0 0 0 0 0 0 0 0 0
1245970197 424 0 11 102 3 0 0 2 0 0 0 0 0 0 0 0 0 0 0
1246047432 425 0 11 102 3 0 0 2 0 0 0 0 0 0 0 0 0 0 0
1246056118 426 0 11 102 3 0 0 2 0 0 0 0 0 0 0 0 0 0 0
1246061778 427 0 11 102 3 0 0 2 0 0 0 0 0 0 0 0 0 0 0
1246069839 428 0 11 102 3 0 0 2 0 0 0 0 0 0 0 0 0 0 0
1246073388 429 0 11 102 3 0 0 2 0 0 0 0 0 0 0 0 0 0 0
1246499327 430 0 11 102 3 0 0 2 0 0 0 0 0 0 0 0 0 0 0
1246499529 431 0 11 102 3 0 0 2 0 0 0 0 0 0 0 0 0 0 0
1246540257 432 0 11 102 3 0 0 2 0 0 0 0 0 0 0 0 0 0 0
1246542811 433 0 11 102 3 0 0 2 0 0 0 0 0 0 0 0 0 0 0
1246973380 434 0 11 102 3 0 0 2 0 0 0 0 0 0 0 0 0 0 0
1247014371 435 0 11 102 3 0 0 2 0 0 0 0 0 0 0 0 0 0 0
1247075607 436 0 11 102 3 0 0 2 0 0 0 0 0 0 0 0 0 0 0
1247086357 437 0 11 102 3 0 0 2 0 0 0 0 0 0 0 0 0 0 0
1247094157 438 0 11 102 3 0 0 2 0 0 0 0 0 0 0 0 0 0 0
1248128970 439 0 11 102 3 0 0 2 0 0 0 0 0 0 0 0 0 0 0
1248356947 439 0 11 103 3 0 0 2 0 0 0 0 0 0 0 0 0 0 0
1248408711 440 0 11 103 3 0 0 2 0 0 0 0 0 0 0 0 0 0 0
1248433959 441 0 11 103 3 0 0 2 0 0 0 0 0 0 0 0 0 0 0
1248442072 442 0 11 103 3 0 0 2 0 0 0 0 0 0 0 0 0 0 0
1249247307 443 0 11 103 3 0 0 2 0 0 0 0 0 0 0 0 0 0 0
1249254446 444 0 11 103 3 0 0 2 0 0 0 0 0 0 0 0 0 0 0
1249254744 445 0 11 103 3 0 0 2 0 0 0 0 0 0 0 0 0 0 0
1249255611 446 0 11 103 3 0 0 2 0 0 0 0 0 0 0 0 0 0 0
1249258430 447 0 11 103 3 0 0 2 0 0 0 0 0 0 0 0 0 0 0
1249265520 448 0 11 103 3 0 0 2 0 0 0 0 0 0 0 0 0 0 0
1249266780 449 0 11 103 3 0 0 2 0 0 0 0 0 0 0 0 0 0 0
1249406294 450 0 11 103 3 0 0 2 0 0 0 0 0 0 0 0 0 0 0
1250901417 451 0 11 103 3 0 0 2 0 0 0 0 0 0 0 0 0 0 0
1250903989 452 0 11 103 3 0 0 2 0 0 0 0 0 0 0 0 0 0 0
1250905268 453 0 11 103 3 0 0 2 0 0 0 0 0 0 0 0 0 0 0
1250944033 454 0 11 103 3 0 0 2 0 0 0 0 0 0 0 0 0 0 0
1250944624 455 0 11 103 3 0 0 2 0 0 0 0 0 0 0 0 0 0 0
1251746204 456 0 11 103 3 0 0 2 0 0 0 0 0 0 0 0 0 0 0
1252961550 456 0 12 103 3 0 0 2 0 0 0 0 0 0 0 0 0 0 0
1252968935 457 0 12 103 3 0 0 2 0 0 0 0 0 0 0 0 0 0 0
1253199704 458 0 12 103 3 0 0 2 0 0 0 0 0 0 0 0 0 0 0
1253854253 459 0 12 103 3 0 0 2 0 0 0 0 0 0 0 0 0 0 0
1253883540 459 0 12 104 3 0 0 2 0 0 0 0 0 0 0 0 0 0 0
1254070117 459 0 12 105 3 0 0 2 0 0 0 0 0 0 0 0 0 0 0
1254269391 460 0 12 105 3 0 0 2 0 0 0 0 0 0 0 0 0 0 0
1254501278 461 0 12 105 3 0 0 2 0 0 0 0 0 0 0 0 0 0 0
1254501718 462 0 12 105 3 0 0 2 0 0 0 0 0 0 0 0 0 0 0
1255119387 463 0 12 105 3 0 0 2 0 0 0 0 0 0 0 0 0 0 0
1255128146 463 0 13 105 3 0 0 2 0 0 0 0 0 0 0 0 0 0 0
1255142610 463 0 13 105 3 0 0 3 0 0 0 0 0 0 0 0 0 0 0
1255154110 463 0 13 105 3 0 0 4 0 0 0 0 0 0 0 0 0 0 0
1255292276 464 0 13 105 3 0 0 4 0 0 0 0 0 0 0 0 0 0 0
1255560530 465 0 13 105 3 0 0 4 0 0 0 0 0 0 0 0 0 0 0
1255562946 466 0 13 105 3 0 0 4 0 0 0 0 0 0 0 0 0 0 0
1255564371 467 0 13 105 3 0 0 4 0 0 0 0 0 0 0 0 0 0 0
1255567674 468 0 13 105 3 0 0 4 0 0 0 0 0 0 0 0 0 0 0
1255644274 469 0 13 105 3 0 0 4 0 0 0 0 0 0 0 0 0 0 0
1255896596 470 0 13 105 3 0 0 4 0 0 0 0 0 0 0 0 0 0 0
1256058717 471 0 13 105 3 0 0 4 0 0 0 0 0 0 0 0 0 0 0
1256059400 471 0 13 106 3 0 0 4 0 0 0 0 0 0 0 0 0 0 0
1256059929 471 0 13 107 3 0 0 4 0 0 0 0 0 0 0 0 0 0 0
1256060504 472 0 13 107 3 0 0 4 0 0 0 0 0 0 0 0 0 0 0
1256064921 473 0 13 107 3 0 0 4 0 0 0 0 0 0 0 0 0 0 0
1256068192 474 0 13 107 3 0 0 4 0 0 0 0 0 0 0 0 0 0 0
1256068491 475 0 13 107 3 0 0 4 0 0 0 0 0 0 0 0 0 0 0
1256072270 476 0 13 107 3 0 0 4 0 0 0 0 0 0 0 0 0 0 0
1256073453 477 0 13 107 3 0 0 4 0 0 0 0 0 0 0 0 0 0 0
1256075544 478 0 13 107 3 0 0 4 0 0 0 0 0 0 0 0 0 0 0
1256102606 478 0 14 107 3 0 0 4 0 0 0 0 0 0 0 0 0 0 0
1256139939 478 0 15 107 3 0 0 4 0 0 0 0 0 0 0 0 0 0 0
1256145527 479 0 15 107 3 0 0 4 0 0 0 0 0 0 0 0 0 0 0
1256170728 480 0 15 107 3 0 0 4 0 0 0 0 0 0 0 0 0 0 0
1256171069 481 0 15 107 3 0 0 4 0 0 0 0 0 0 0 0 0 0 0
1256396681 482 0 15 107 3 0 0 4 0 0 0 0 0 0 0 0 0 0 0
1256509526 483 0 15 107 3 0 0 4 0 0 0 0 0 0 0 0 0 0 0
1256531862 484 0 15 107 3 0 0 4 0 0 0 0 0 0 0 0 0 0 0
1256597327 485 0 15 107 3 0 0 4 0 0 0 0 0 0 0 0 0 0 0
1256611468 486 0 15 107 3 0 0 4 0 0 0 0 0 0 0 0 0 0 0
1256676120 487 0 15 107 3 0 0 4 0 0 0 0 0 0 0 0 0 0 0
1256676222 488 0 15 107 3 0 0 4 0 0 0 0 0 0 0 0 0 0 0
1256755665 488 0 15 108 3 0 0 4 0 0 0 0 0 0 0 0 0 0 0
1256755755 488 0 15 109 3 0 0 4 0 0 0 0 0 0 0 0 0 0 0
1256771763 489 0 15 109 3 0 0 4 0 0 0 0 0 0 0 0 0 0 0
1256862192 490 0 15 109 3 0 0 4 0 0 0 0 0 0 0 0 0 0 0
1256904650 491 0 15 109 3 0 0 4 0 0 0 0 0 0 0 0 0 0 0
1257031519 491 0 15 109 4 0 0 4 0 0 0 0 0 0 0 0 0 0 0
1257075077 491 0 15 109 5 0 0 4 0 0 0 0 0 0 0 0 0 0 0
1257113409 492 0 15 109 5 0 0 4 0 0 0 0 0 0 0 0 0 0 0
1257113790 493 0 15 109 5 0 0 4 0 0 0 0 0 0 0 0 0 0 0
1257115422 494 0 15 109 5 0 0 4 0 0 0 0 0 0 0 0 0 0 0
1257188213 494 0 15 110 5 0 0 4 0 0 0 0 0 0 0 0 0 0 0
1257345810 495 0 15 110 5 0 0 4 0 0 0 0 0 0 0 0 0 0 0
1257378419 496 0 15 110 5 0 0 4 0 0 0 0 0 0 0 0 0 0 0
1257379197 497 0 15 110 5 0 0 4 0 0 0 0 0 0 0 0 0 0 0
1257388447 498 0 15 110 5 0 0 4 0 0 0 0 0 0 0 0 0 0 0
1257425215 499 0 15 110 5 0 0 4 0 0 0 0 0 0 0 0 0 0 0
1257456865 499 0 15 110 5 0 0 5 0 0 0 0 0 0 0 0 0 0 0
1257459893 499 0 15 110 5 0 0 6 0 0 0 0 0 0 0 0 0 0 0
1257541022 500 0 15 110 5 0 0 6 0 0 0 0 0 0 0 0 0 0 0
1258081531 501 0 15 110 5 0 0 6 0 0 0 0 0 0 0 0 0 0 0
1258337690 502 0 15 110 5 0 0 6 0 0 0 0 0 0 0 0 0 0 0
1258945180 503 0 15 110 5 0 0 6 0 0 0 0 0 0 0 0 0 0 0
1258985198 503 0 15 111 5 0 0 6 0 0 0 0 0 0 0 0 0 0 0
1259059591 503 0 15 112 5 0 0 6 0 0 0 0 0 0 0 0 0 0 0
1259193273 504 0 15 112 5 0 0 6 0 0 0 0 0 0 0 0 0 0 0
1259237635 505 0 15 112 5 0 0 6 0 0 0 0 0 0 0 0 0 0 0
1259237862 506 0 15 112 5 0 0 6 0 0 0 0 0 0 0 0 0 0 0
1259274373 507 0 15 112 5 0 0 6 0 0 0 0 0 0 0 0 0 0 0
1259287578 508 0 15 112 5 0 0 6 0 0 0 0 0 0 0 0 0 0 0
1259415344 509 0 15 112 5 0 0 6 0 0 0 0 0 0 0 0 0 0 0
1259433377 510 0 15 112 5 0 0 6 0 0 0 0 0 0 0 0 0 0 0
1259449141 511 0 15 112 5 0 0 6 0 0 0 0 0 0 0 0 0 0 0
1259453500 512 0 15 112 5 0 0 6 0 0 0 0 0 0 0 0 0 0 0
1259488234 512 0 15 113 5 0 0 6 0 0 0 0 0 0 0 0 0 0 0
1259892172 513 0 15 113 5 0 0 6 0 0 0 0 0 0 0 0 0 0 0
1259971883 514 0 15 113 5 0 0 6 0 0 0 0 0 0 0 0 0 0 0
1260042886 515 0 15 113 5 0 0 6 0 0 0 0 0 0 0 0 0 0 0
1260131467 516 0 15 113 5 0 0 6 0 0 0 0 0 0 0 0 0 0 0
1260192930 517 0 15 113 5 0 0 6 0 0 0 0 0 0 0 0 0 0 0
1260334140 518 0 15 113 5 0 0 6 0 0 0 0 0 0 0 0 0 0 0
1260649929 519 0 15 113 5 0 0 6 0 0 0 0 0 0 0 0 0 0 0
1261159100 520 0 15 113 5 0 0 6 0 0 0 0 0 0 0 0 0 0 0
1261270532 521 0 15 113 5 0 0 6 0 0 0 0 0 0 0 0 0 0 0
1261348352 522 0 15 113 5 0 0 6 0 0 0 0 0 0 0 0 0 0 0
1261348454 523 0 15 113 5 0 0 6 0 0 0 0 0 0 0 0 0 0 0
1262733436 523 0 15 114 5 0 0 6 0 0 0 0 0 0 0 0 0 0 0
1262758361 523 0 15 115 5 0 0 6 0 0 0 0 0 0 0 0 0 0 0
1262982894 524 0 15 115 5 0 0 6 0 0 0 0 0 0 0 0 0 0 0
1262984844 525 0 15 115 5 0 0 6 0 0 0 0 0 0 0 0 0 0 0
1263071506 526 0 15 115 5 0 0 6 0 0 0 0 0 0 0 0 0 0 0
1263230066 526 0 15 116 5 0 0 6 0 0 0 0 0 0 0 0 0 0 0
1263238580 526 0 15 117 5 0 0 6 0 0 0 0 0 0 0 0 0 0 0
1263241898 526 0 15 118 5 0 0 6 0 0 0 0 0 0 0 0 0 0 0
1263324766 527 0 15 118 5 0 0 6 0 0 0 0 0 0 0 0 0 0 0
1263331574 527 0 15 119 5 0 0 6 0 0 0 0 0 0 0 0 0 0 0
1263332410 527 0 15 120 5 0 0 6 0 0 0 0 0 0 0 0 0 0 0
1263333513 527 0 15 121 5 0 0 6 0 0 0 0 0 0 0 0 0 0 0
1263333977 527 0 15 122 5 0 0 6 0 0 0 0 0 0 0 0 0 0 0
1263337336 527 0 15 123 5 0 0 6 0 0 0 0 0 0 0 0 0 0 0
1263337554 527 0 15 124 5 0 0 6 0 0 0 0 0 0 0 0 0 0 0
1263514799 528 0 15 124 5 0 0 6 0 0 0 0 0 0 0 0 0 0 0
1263514979 529 0 15 124 5 0 0 6 0 0 0 0 0 0 0 0 0 0 0
1263520650 530 0 15 124 5 0 0 6 0 0 0 0 0 0 0 0 0 0 0
1263580642 531 0 15 124 5 0 0 6 0 0 0 0 0 0 0 0 0 0 0
1263658750 532 0 15 124 5 0 0 6 0 0 0 0 0 0 0 0 0 0 0
1264267435 533 0 15 124 5 0 0 6 0 0 0 0 0 0 0 0 0 0 0
1264363649 534 0 15 124 5 0 0 6 0 0 0 0 0 0 0 0 0 0 0
1264386235 535 0 15 124 5 0 0 6 0 0 0 0 0 0 0 0 0 0 0
1264468120 536 0 15 124 5 0 0 6 0 0 0 0 0 0 0 0 0 0 0
1264559150 537 0 15 124 5 0 0 6 0 0 0 0 0 0 0 0 0 0 0
1264619955 538 0 15 124 5 0 0 6 0 0 0 0 0 0 0 0 0 0 0
1264638262 539 0 15 124 5 0 0 6 0 0 0 0 0 0 0 0 0 0 0
1264717303 540 0 15 124 5 0 0 6 0 0 0 0 0 0 0 0 0 0 0
1264717873 541 0 15 124 5 0 0 6 0 0 0 0 0 0 0 0 0 0 0
1264773876 541 0 15 125 5 0 0 6 0 0 0 0 0 0 0 0 0 0 0
1264773994 541 0 15 126 5 0 0 6 0 0 0 0 0 0 0 0 0 0 0
1264840309 541 0 15 127 5 0 0 6 0 0 0 0 0 0 0 0 0 0 0
1264888031 541 0 15 128 5 0 0 6 0 0 0 0 0 0 0 0 0 0 0
1264956290 542 0 15 128 5 0 0 6 0 0 0 0 0 0 0 0 0 0 0
1265200888 543 0 15 128 5 0 0 6 0 0 0 0 0 0 0 0 0 0 0
1265253145 544 0 15 128 5 0 0 6 0 0 0 0 0 0 0 0 0 0 0
1265254479 545 0 15 128 5 0 0 6 0 0 0 0 0 0 0 0 0 0 0
1265327263 546 0 15 128 5 0 0 6 0 0 0 0 0 0 0 0 0 0 0
1265402059 546 0 15 129 5 0 0 6 0 0 0 0 0 0 0 0 0 0 0
1265530998 546 0 15 130 5 0 0 6 0 0 0 0 0 0 0 0 0 0 0
1265537107 546 0 15 131 5 0 0 6 0 0 0 0 0 0 0 0 0 0 0
1265540449 546 0 15 132 5 0 0 6 0 0 0 0 0 0 0 0 0 0 0
1265541038 546 0 15 133 5 0 0 6 0 0 0 0 0 0 0 0 0 0 0
1265554290 547 0 15 133 5 0 0 6 0 0 0 0 0 0 0 0 0 0 0
1265556141 548 0 15 133 5 0 0 6 0 0 0 0 0 0 0 0 0 0 0
1265556405 549 0 15 133 5 0 0 6 0 0 0 0 0 0 0 0 0 0 0
1265593036 550 0 15 133 5 0 0 6 0 0 0 0 0 0 0 0 0 0 0
1265593298 551 0 15 133 5 0 0 6 0 0 0 0 0 0 0 0 0 0 0
1265600237 552 0 15 133 5 0 0 6 0 0 0 0 0 0 0 0 0 0 0
1265611508 552 0 15 134 5 0 0 6 0 0 0 0 0 0 0 0 0 0 0
1265621936 552 0 15 135 5 0 0 6 0 0 0 0 0 0 0 0 0 0 0
1265637190 552 0 15 136 5 0 0 6 0 0 0 0 0 0 0 0 0 0 0
1265637794 552 0 15 137 5 0 0 6 0 0 0 0 0 0 0 0 0 0 0
1265637970 552 0 15 138 5 0 0 6 0 0 0 0 0 0 0 0 0 0 0
1265816392 552 0 15 139 5 0 0 6 0 0 0 0 0 0 0 0 0 0 0
1266156960 553 0 15 139 5 0 0 6 0 0 0 0 0 0 0 0 0 0 0
1266170438 554 0 15 139 5 0 0 6 0 0 0 0 0 0 0 0 0 0 0
1266202269 555 0 15 139 5 0 0 6 0 0 0 0 0 0 0 0 0 0 0
1266243118 556 0 15 139 5 0 0 6 0 0 0 0 0 0 0 0 0 0 0
1266249703 557 0 15 139 5 0 0 6 0 0 0 0 0 0 0 0 0 0 0
1266281145 558 0 15 139 5 0 0 6 0 0 0 0 0 0 0 0 0 0 0
1266281756 559 0 15 139 5 0 0 6 0 0 0 0 0 0 0 0 0 0 0
1266410145 560 0 15 139 5 0 0 6 0 0 0 0 0 0 0 0 0 0 0
1266428573 561 0 15 139 5 0 0 6 0 0 0 0 0 0 0 0 0 0 0
1266451207 562 0 15 139 5 0 0 6 0 0 0 0 0 0 0 0 0 0 0
1266451379 563 0 15 139 5 0 0 6 0 0 0 0 0 0 0 0 0 0 0
1266451774 564 0 15 139 5 0 0 6 0 0 0 0 0 0 0 0 0 0 0
1266452132 565 0 15 139 5 0 0 6 0 0 0 0 0 0 0 0 0 0 0
1266528478 565 0 15 140 5 0 0 6 0 0 0 0 0 0 0 0 0 0 0
1266529095 565 0 15 141 5 0 0 6 0 0 0 0 0 0 0 0 0 0 0
1266677323 566 0 15 141 5 0 0 6 0 0 0 0 0 0 0 0 0 0 0
1266678354 567 0 15 141 5 0 0 6 0 0 0 0 0 0 0 0 0 0 0
1266694051 568 0 15 141 5 0 0 6 0 0 0 0 0 0 0 0 0 0 0
1266700294 568 0 16 141 5 0 0 6 0 0 0 0 0 0 0 0 0 0 0
1266951057 569 0 16 141 5 0 0 6 0 0 0 0 0 0 0 0 0 0 0
1267205571 569 0 16 142 5 0 0 6 0 0 0 0 0 0 0 0 0 0 0
1268271608 570 0 16 142 5 0 0 6 0 0 0 0 0 0 0 0 0 0 0
1268483296 570 0 16 143 5 0 0 6 0 0 0 0 0 0 0 0 0 0 0
1268485216 570 0 16 144 5 0 0 6 0 0 0 0 0 0 0 0 0 0 0
1268488989 570 0 16 145 5 0 0 6 0 0 0 0 0 0 0 0 0 0 0
1268500608 570 0 16 146 5 0 0 6 0 0 0 0 0 0 0 0 0 0 0
1268505365 570 0 16 147 5 0 0 6 0 0 0 0 0 0 0 0 0 0 0
1268522969 570 0 16 148 5 0 0 6 0 0 0 0 0 0 0 0 0 0 0
1268527176 570 0 16 149 5 0 0 6 0 0 0 0 0 0 0 0 0 0 0
1268775913 571 0 16 149 5 0 0 6 0 0 0 0 0 0 0 0 0 0 0
1268783712 571 0 17 149 5 0 0 6 0 0 0 0 0 0 0 0 0 0 0
1268859141 571 0 18 149 5 0 0 6 0 0 0 0 0 0 0 0 0 0 0
1269056344 572 0 18 149 5 0 0 6 0 0 0 0 0 0 0 0 0 0 0
1269132264 573 0 18 149 5 0 0 6 0 0 0 0 0 0 0 0 0 0 0
1269205932 574 0 18 149 5 0 0 6 0 0 0 0 0 0 0 0 0 0 0
1269210723 575 0 18 149 5 0 0 6 0 0 0 0 0 0 0 0 0 0 0
1269211946 576 0 18 149 5 0 0 6 0 0 0 0 0 0 0 0 0 0 0
1269223667 577 0 18 149 5 0 0 6 0 0 0 0 0 0 0 0 0 0 0
1269227013 578 0 18 149 5 0 0 6 0 0 0 0 0 0 0 0 0 0 0
1269389303 579 0 18 149 5 0 0 6 0 0 0 0 0 0 0 0 0 0 0
1269434539 580 0 18 149 5 0 0 6 0 0 0 0 0 0 0 0 0 0 0
1269658413 581 0 18 149 5 0 0 6 0 0 0 0 0 0 0 0 0 0 0
1269694798 582 0 18 149 5 0 0 6 0 0 0 0 0 0 0 0 0 0 0
1269963532 582 0 18 150 5 0 0 6 0 0 0 0 0 0 0 0 0 0 0
1269987491 583 0 18 150 5 0 0 6 0 0 0 0 0 0 0 0 0 0 0
1270596861 584 0 18 150 5 0 0 6 0 0 0 0 0 0 0 0 0 0 0
1270599486 585 0 18 150 5 0 0 6 0 0 0 0 0 0 0 0 0 0 0
1270744370 585 0 18 151 5 0 0 6 0 0 0 0 0 0 0 0 0 0 0
1270997046 585 0 18 152 5 0 0 6 0 0 0 0 0 0 0 0 0 0 0
1272463808 585 0 18 153 5 0 0 6 0 0 0 0 0 0 0 0 0 0 0
1275322828 586 0 18 153 5 0 0 6 0 0 0 0 0 0 0 0 0 0 0
1275394318 586 0 18 154 5 0 0 6 0 0 0 0 0 0 0 0 0 0 0
1275394385 586 0 18 155 5 0 0 6 0 0 0 0 0 0 0 0 0 0 0
1275665824 587 0 18 155 5 0 0 6 0 0 0 0 0 0 0 0 0 0 0
1276083084 588 0 18 155 5 0 0 6 0 0 0 0 0 0 0 0 0 0 0
1276246819 588 0 18 156 5 0 0 6 0 0 0 0 0 0 0 0 0 0 0
1276707671 588 0 18 157 5 0 0 6 0 0 0 0 0 0 0 0 0 0 0
1276709555 588 0 18 158 5 0 0 6 0 0 0 0 0 0 0 0 0 0 0
1276769777 589 0 18 158 5 0 0 6 0 0 0 0 0 0 0 0 0 0 0
1276785788 590 0 18 158 5 0 0 6 0 0 0 0 0 0 0 0 0 0 0
1276791763 591 0 18 158 5 0 0 6 0 0 0 0 0 0 0 0 0 0 0
1276952011 592 0 18 158 5 0 0 6 0 0 0 0 0 0 0 0 0 0 0
1276952274 593 0 18 158 5 0 0 6 0 0 0 0 0 0 0 0 0 0 0
1277036791 593 0 19 158 5 0 0 6 0 0 0 0 0 0 0 0 0 0 0
1277133430 594 0 19 158 5 0 0 6 0 0 0 0 0 0 0 0 0 0 0
1277137455 595 0 19 158 5 0 0 6 0 0 0 0 0 0 0 0 0 0 0
1277138020 596 0 19 158 5 0 0 6 0 0 0 0 0 0 0 0 0 0 0
1277143006 597 0 19 158 5 0 0 6 0 0 0 0 0 0 0 0 0 0 0
1277311496 598 0 19 158 5 0 0 6 0 0 0 0 0 0 0 0 0 0 0
1277321478 599 0 19 158 5 0 0 6 0 0 0 0 0 0 0 0 0 0 0
1277479954 600 0 19 158 5 0 0 6 0 0 0 0 0 0 0 0 0 0 0
1277487190 601 0 19 158 5 0 0 6 0 0 0 0 0 0 0 0 0 0 0
1277837093 601 0 19 159 5 0 0 6 0 0 0 0 0 0 0 0 0 0 0
1277837228 601 0 19 160 5 0 0 6 0 0 0 0 0 0 0 0 0 0 0
1277915209 602 0 19 160 5 0 0 6 0 0 0 0 0 0 0 0 0 0 0
1278014269 603 0 19 160 5 0 0 6 0 0 0 0 0 0 0 0 0 0 0
1278522439 603 0 19 161 5 0 0 6 0 0 0 0 0 0 0 0 0 0 0
1278591415 604 0 19 161 5 0 0 6 0 0 0 0 0 0 0 0 0 0 0
1278592853 605 0 19 161 5 0 0 6 0 0 0 0 0 0 0 0 0 0 0
1278620093 605 0 19 162 5 0 0 6 0 0 0 0 0 0 0 0 0 0 0
1278670460 605 0 19 163 5 0 0 6 0 0 0 0 0 0 0 0 0 0 0
1279559706 606 0 19 163 5 0 0 6 0 0 0 0 0 0 0 0 0 0 0
1279599192 606 0 20 163 5 0 0 6 0 0 0 0 0 0 0 0 0 0 0
1279655620 607 0 20 163 5 0 0 6 0 0 0 0 0 0 0 0 0 0 0
1284064816 608 0 20 163 5 0 0 6 0 0 0 0 0 0 0 0 0 0 0
1284065256 609 0 20 163 5 0 0 6 0 0 0 0 0 0 0 0 0 0 0
1284065808 610 0 20 163 5 0 0 6 0 0 0 0 0 0 0 0 0 0 0
1284224580 611 0 20 163 5 0 0 6 0 0 0 0 0 0 0 0 0 0 0
1284225341 612 0 20 163 5 0 0 6 0 0 0 0 0 0 0 0 0 0 0
1284225927 613 0 20 163 5 0 0 6 0 0 0 0 0 0 0 0 0 0 0
1284297470 614 0 20 163 5 0 0 6 0 0 0 0 0 0 0 0 0 0 0
1285162159 615 0 20 163 5 0 0 6 0 0 0 0 0 0 0 0 0 0 0
1285162413 616 0 20 163 5 0 0 6 0 0 0 0 0 0 0 0 0 0 0
1285165420 617 0 20 163 5 0 0 6 0 0 0 0 0 0 0 0 0 0 0
1285258350 618 0 20 163 5 0 0 6 0 0 0 0 0 0 0 0 0 0 0
1285698666 619 0 20 163 5 0 0 6 0 0 0 0 0 0 0 0 0 0 0
1285702948 620 0 20 163 5 0 0 6 0 0 0 0 0 0 0 0 0 0 0
1285704921 621 0 20 163 5 0 0 6 0 0 0 0 0 0 0 0 0 0 0
1286202276 622 0 20 163 5 0 0 6 0 0 0 0 0 0 0 0 0 0 0
1286203761 623 0 20 163 5 0 0 6 0 0 0 0 0 0 0 0 0 0 0
1286203972 624 0 20 163 5 0 0 6 0 0 0 0 0 0 0 0 0 0 0
1286209592 625 0 20 163 5 0 0 6 0 0 0 0 0 0 0 0 0 0 0
1286262854 625 0 20 164 5 0 0 6 0 0 0 0 0 0 0 0 0 0 0
1286882706 625 0 20 165 5 0 0 6 0 0 0 0 0 0 0 0 0 0 0
1286987486 626 0 20 165 5 0 0 6 0 0 0 0 0 0 0 0 0 0 0
1286987618 627 0 20 165 5 0 0 6 0 0 0 0 0 0 0 0 0 0 0
1286987843 628 0 20 165 5 0 0 6 0 0 0 0 0 0 0 0 0 0 0
1287335383 628 0 20 166 5 0 0 6 0 0 0 0 0 0 0 0 0 0 0
1287422527 629 0 20 166 5 0 0 6 0 0 0 0 0 0 0 0 0 0 0
1287424955 630 0 20 166 5 0 0 6 0 0 0 0 0 0 0 0 0 0 0
1287425469 631 0 20 166 5 0 0 6 0 0 0 0 0 0 0 0 0 0 0
1287428476 632 0 20 166 5 0 0 6 0 0 0 0 0 0 0 0 0 0 0
1287522993 632 0 20 167 5 0 0 6 0 0 0 0 0 0 0 0 0 0 0
1287671236 633 0 20 167 5 0 0 6 0 0 0 0 0 0 0 0 0 0 0
1287672796 634 0 20 167 5 0 0 6 0 0 0 0 0 0 0 0 0 0 0
1287675625 635 0 20 167 5 0 0 6 0 0 0 0 0 0 0 0 0 0 0
1288350588 636 0 20 167 5 0 0 6 0 0 0 0 0 0 0 0 0 0 0
1288350951 637 0 20 167 5 0 0 6 0 0 0 0 0 0 0 0 0 0 0
1288351327 638 0 20 167 5 0 0 6 0 0 0 0 0 0 0 0 0 0 0
1288354199 639 0 20 167 5 0 0 6 0 0 0 0 0 0 0 0 0 0 0
1288354602 640 0 20 167 5 0 0 6 0 0 0 0 0 0 0 0 0 0 0
1288458184 641 0 20 167 5 0 0 6 0 0 0 0 0 0 0 0 0 0 0
1288458539 642 0 20 167 5 0 0 6 0 0 0 0 0 0 0 0 0 0 0
1288458920 643 0 20 167 5 0 0 6 0 0 0 0 0 0 0 0 0 0 0
1288459188 644 0 20 167 5 0 0 6 0 0 0 0 0 0 0 0 0 0 0
1288708937 645 0 20 167 5 0 0 6 0 0 0 0 0 0 0 0 0 0 0
1288788832 646 0 20 167 5 0 0 6 0 0 0 0 0 0 0 0 0 0 0
1288794440 647 0 20 167 5 0 0 6 0 0 0 0 0 0 0 0 0 0 0
1288880238 648 0 20 167 5 0 0 6 0 0 0 0 0 0 0 0 0 0 0
1289254761 648 0 20 168 5 0 0 6 0 0 0 0 0 0 0 0 0 0 0
1289491562 649 0 20 168 5 0 0 6 0 0 0 0 0 0 0 0 0 0 0
1289491629 650 0 20 168 5 0 0 6 0 0 0 0 0 0 0 0 0 0 0
1289491765 651 0 20 168 5 0 0 6 0 0 0 0 0 0 0 0 0 0 0
1289560557 652 0 20 168 5 0 0 6 0 0 0 0 0 0 0 0 0 0 0
1289560699 653 0 20 168 5 0 0 6 0 0 0 0 0 0 0 0 0 0 0
1289568649 654 0 20 168 5 0 0 6 0 0 0 0 0 0 0 0 0 0 0
1289661671 655 0 20 168 5 0 0 6 0 0 0 0 0 0 0 0 0 0 0
1289661822 656 0 20 168 5 0 0 6 0 0 0 0 0 0 0 0 0 0 0
1289669619 657 0 20 168 5 0 0 6 0 0 0 0 0 0 0 0 0 0 0
1289674662 658 0 20 168 5 0 0 6 0 0 0 0 0 0 0 0 0 0 0
1289755078 659 0 20 168 5 0 0 6 0 0 0 0 0 0 0 0 0 0 0
1290697430 660 0 20 168 5 0 0 6 0 0 0 0 0 0 0 0 0 0 0
1290787046 661 0 20 168 5 0 0 6 0 0 0 0 0 0 0 0 0 0 0
1290968479 662 0 20 168 5 0 0 6 0 0 0 0 0 0 0 0 0 0 0
1290969363 663 0 20 168 5 0 0 6 0 0 0 0 0 0 0 0 0 0 0
1290969571 664 0 20 168 5 0 0 6 0 0 0 0 0 0 0 0 0 0 0
1290969886 665 0 20 168 5 0 0 6 0 0 0 0 0 0 0 0 0 0 0
1291378319 666 0 20 168 5 0 0 6 0 0 0 0 0 0 0 0 0 0 0
1291389782 667 0 20 168 5 0 0 6 0 0 0 0 0 0 0 0 0 0 0
1291391700 668 0 20 168 5 0 0 6 0 0 0 0 0 0 0 0 0 0 0
1291804015 668 0 21 168 5 0 0 6 0 0 0 0 0 0 0 0 0 0 0
1292371256 668 0 22 168 5 0 0 6 0 0 0 0 0 0 0 0 0 0 0
1294154254 669 0 22 168 5 0 0 6 0 0 0 0 0 0 0 0 0 0 0
1294159819 670 0 22 168 5 0 0 6 0 0 0 0 0 0 0 0 0 0 0
1294350481 671 0 22 168 5 0 0 6 0 0 0 0 0 0 0 0 0 0 0
1294514927 672 0 22 168 5 0 0 6 0 0 0 0 0 0 0 0 0 0 0
1294516283 673 0 22 168 5 0 0 6 0 0 0 0 0 0 0 0 0 0 0
1294753121 674 0 22 168 5 0 0 6 0 0 0 0 0 0 0 0 0 0 0
1295006939 675 0 22 168 5 0 0 6 0 0 0 0 0 0 0 0 0 0 0
1295022114 676 0 22 168 5 0 0 6 0 0 0 0 0 0 0 0 0 0 0
1295119628 677 0 22 168 5 0 0 6 0 0 0 0 0 0 0 0 0 0 0
1295290282 678 0 22 168 5 0 0 6 0 0 0 0 0 0 0 0 0 0 0
1297023813 679 0 22 168 5 0 0 6 0 0 0 0 0 0 0 0 0 0 0
1297024710 680 0 22 168 5 0 0 6 0 0 0 0 0 0 0 0 0 0 0
1297187499 681 0 22 168 5 0 0 6 0 0 0 0 0 0 0 0 0 0 0
1298638190 682 0 22 168 5 0 0 6 0 0 0 0 0 0 0 0 0 0 0
1298922366 683 0 22 168 5 0 0 6 0 0 0 0 0 0 0 0 0 0 0
1298924569 684 0 22 168 5 0 0 6 0 0 0 0 0 0 0 0 0 0 0
1299081989 685 0 22 168 5 0 0 6 0 0 0 0 0 0 0 0 0 0 0
1299082953 686 0 22 168 5 0 0 6 0 0 0 0 0 0 0 0 0 0 0
1299085703 687 0 22 168 5 0 0 6 0 0 0 0 0 0 0 0 0 0 0
1299159323 688 0 22 168 5 0 0 6 0 0 0 0 0 0 0 0 0 0 0
1299161117 689 0 22 168 5 0 0 6 0 0 0 0 0 0 0 0 0 0 0
1299267100 690 0 22 168 5 0 0 6 0 0 0 0 0 0 0 0 0 0 0
1299269662 691 0 22 168 5 0 0 6 0 0 0 0 0 0 0 0 0 0 0
1299423662 692 0 22 168 5 0 0 6 0 0 0 0 0 0 0 0 0 0 0
1299426725 693 0 22 168 5 0 0 6 0 0 0 0 0 0 0 0 0 0 0
1299428027 694 0 22 168 5 0 0 6 0 0 0 0 0 0 0 0 0 0 0
1299488150 695 0 22 168 5 0 0 6 0 0 0 0 0 0 0 0 0 0 0
1299488837 696 0 22 168 5 0 0 6 0 0 0 0 0 0 0 0 0 0 0
1299615390 697 0 22 168 5 0 0 6 0 0 0 0 0 0 0 0 0 0 0
1299616268 698 0 22 168 5 0 0 6 0 0 0 0 0 0 0 0 0 0 0
1299619189 699 0 22 168 5 0 0 6 0 0 0 0 0 0 0 0 0 0 0
1299693716 700 0 22 168 5 0 0 6 0 0 0 0 0 0 0 0 0 0 0
1299860948 701 0 22 168 5 0 0 6 0 0 0 0 0 0 0 0 0 0 0
1299865268 702 0 22 168 5 0 0 6 0 0 0 0 0 0 0 0 0 0 0
1299963120 703 0 22 168 5 0 0 6 0 0 0 0 0 0 0 0 0 0 0
1299966490 704 0 22 168 5 0 0 6 0 0 0 0 0 0 0 0 0 0 0
1300124808 705 0 22 168 5 0 0 6 0 0 0 0 0 0 0 0 0 0 0
1300129249 706 0 22 168 5 0 0 6 0 0 0 0 0 0 0 0 0 0 0
1300212102 707 0 22 168 5 0 0 6 0 0 0 0 0 0 0 0 0 0 0
1300284597 708 0 22 168 5 0 0 6 0 0 0 0 0 0 0 0 0 0 0
1300394509 709 0 22 168 5 0 0 6 0 0 0 0 0 0 0 0 0 0 0
1300398977 710 0 22 168 5 0 0 6 0 0 0 0 0 0 0 0 0 0 0
1300885974 711 0 22 168 5 0 0 6 0 0 0 0 0 0 0 0 0 0 0
1300886169 712 0 22 168 5 0 0 6 0 0 0 0 0 0 0 0 0 0 0
1300994825 713 0 22 168 5 0 0 6 0 0 0 0 0 0 0 0 0 0 0
1301058323 714 0 22 168 5 0 0 6 0 0 0 0 0 0 0 0 0 0 0
1301162777 715 0 22 168 5 0 0 6 0 0 0 0 0 0 0 0 0 0 0
1301165139 716 0 22 168 5 0 0 6 0 0 0 0 0 0 0 0 0 0 0
1301323837 717 0 22 168 5 0 0 6 0 0 0 0 0 0 0 0 0 0 0
1301323911 718 0 22 168 5 0 0 6 0 0 0 0 0 0 0 0 0 0 0
1301411060 719 0 22 168 5 0 0 6 0 0 0 0 0 0 0 0 0 0 0
1301412374 720 0 22 168 5 0 0 6 0 0 0 0 0 0 0 0 0 0 0
1301415293 721 0 22 168 5 0 0 6 0 0 0 0 0 0 0 0 0 0 0
1301494760 722 0 22 168 5 0 0 6 0 0 0 0 0 0 0 0 0 0 0
1301502943 723 0 22 168 5 0 0 6 0 0 0 0 0 0 0 0 0 0 0
1301862014 724 0 22 168 5 0 0 6 0 0 0 0 0 0 0 0 0 0 0
1301862250 725 0 22 168 5 0 0 6 0 0 0 0 0 0 0 0 0 0 0
1302193008 726 0 22 168 5 0 0 6 0 0 0 0 0 0 0 0 0 0 0
1302796449 727 0 22 168 5 0 0 6 0 0 0 0 0 0 0 0 0 0 0
1303210982 728 0 22 168 5 0 0 6 0 0 0 0 0 0 0 0 0 0 0
1303395761 729 0 22 168 5 0 0 6 0 0 0 0 0 0 0 0 0 0 0
1303398332 730 0 22 168 5 0 0 6 0 0 0 0 0 0 0 0 0 0 0
1303401623 731 0 22 168 5 0 0 6 0 0 0 0 0 0 0 0 0 0 0
1303829615 732 0 22 168 5 0 0 6 0 0 0 0 0 0 0 0 0 0 0
1303829773 733 0 22 168 5 0 0 6 0 0 0 0 0 0 0 0 0 0 0
1303830112 734 0 22 168 5 0 0 6 0 0 0 0 0 0 0 0 0 0 0
1303833515 735 0 22 168 5 0 0 6 0 0 0 0 0 0 0 0 0 0 0
1303909399 736 0 22 168 5 0 0 6 0 0 0 0 0 0 0 0 0 0 0
1303922778 737 0 22 168 5 0 0 6 0 0 0 0 0 0 0 0 0 0 0
1303924035 738 0 22 168 5 0 0 6 0 0 0 0 0 0 0 0 0 0 0
1304001233 739 0 22 168 5 0 0 6 0 0 0 0 0 0 0 0 0 0 0
1304006268 740 0 22 168 5 0 0 6 0 0 0 0 0 0 0 0 0 0 0
1304013656 741 0 22 168 5 0 0 6 0 0 0 0 0 0 0 0 0 0 0
1304087145 742 0 22 168 5 0 0 6 0 0 0 0 0 0 0 0 0 0 0
1304089885 743 0 22 168 5 0 0 6 0 0 0 0 0 0 0 0 0 0 0
1304185419 744 0 22 168 5 0 0 6 0 0 0 0 0 0 0 0 0 0 0
1304190821 745 0 22 168 5 0 0 6 0 0 0 0 0 0 0 0 0 0 0
1304191143 746 0 22 168 5 0 0 6 0 0 0 0 0 0 0 0 0 0 0
1304344616 747 0 22 168 5 0 0 6 0 0 0 0 0 0 0 0 0 0 0
1304348411 748 0 22 168 5 0 0 6 0 0 0 0 0 0 0 0 0 0 0
1304350453 749 0 22 168 5 0 0 6 0 0 0 0 0 0 0 0 0 0 0
1304354099 750 0 22 168 5 0 0 6 0 0 0 0 0 0 0 0 0 0 0
1304538123 751 0 22 168 5 0 0 6 0 0 0 0 0 0 0 0 0 0 0
1304605078 752 0 22 168 5 0 0 6 0 0 0 0 0 0 0 0 0 0 0
1304693489 753 0 22 168 5 0 0 6 0 0 0 0 0 0 0 0 0 0 0
1304704850 754 0 22 168 5 0 0 6 0 0 0 0 0 0 0 0 0 0 0
1305290235 755 0 22 168 5 0 0 6 0 0 0 0 0 0 0 0 0 0 0
1305292786 756 0 22 168 5 0 0 6 0 0 0 0 0 0 0 0 0 0 0
1305474932 757 0 22 168 5 0 0 6 0 0 0 0 0 0 0 0 0 0 0
1305475195 758 0 22 168 5 0 0 6 0 0 0 0 0 0 0 0 0 0 0
1305477525 759 0 22 168 5 0 0 6 0 0 0 0 0 0 0 0 0 0 0
1305479410 760 0 22 168 5 0 0 6 0 0 0 0 0 0 0 0 0 0 0
1305561212 761 0 22 168 5 0 0 6 0 0 0 0 0 0 0 0 0 0 0
1306329525 762 0 22 168 5 0 0 6 0 0 0 0 0 0 0 0 0 0 0
1306329587 763 0 22 168 5 0 0 6 0 0 0 0 0 0 0 0 0 0 0
1306333474 764 0 22 168 5 0 0 6 0 0 0 0 0 0 0 0 0 0 0
1306336777 765 0 22 168 5 0 0 6 0 0 0 0 0 0 0 0 0 0 0
1306336933 766 0 22 168 5 0 0 6 0 0 0 0 0 0 0 0 0 0 0
1306343580 767 0 22 168 5 0 0 6 0 0 0 0 0 0 0 0 0 0 0
1306524092 768 0 22 168 5 0 0 6 0 0 0 0 0 0 0 0 0 0 0
1306524345 769 0 22 168 5 0 0 6 0 0 0 0 0 0 0 0 0 0 0
1306851119 770 0 22 168 5 0 0 6 0 0 0 0 0 0 0 0 0 0 0
1306944203 771 0 22 168 5 0 0 6 0 0 0 0 0 0 0 0 0 0 0
1307026494 772 0 22 168 5 0 0 6 0 0 0 0 0 0 0 0 0 0 0
1307984306 773 0 22 168 5 0 0 6 0 0 0 0 0 0 0 0 0 0 0
1307986702 774 0 22 168 5 0 0 6 0 0 0 0 0 0 0 0 0 0 0
1308069836 775 0 22 168 5 0 0 6 0 0 0 0 0 0 0 0 0 0 0
1308154300 776 0 22 168 5 0 0 6 0 0 0 0 0 0 0 0 0 0 0
1308589798 777 0 22 168 5 0 0 6 0 0 0 0 0 0 0 0 0 0 0
1308677813 778 0 22 168 5 0 0 6 0 0 0 0 0 0 0 0 0 0 0
1308758746 779 0 22 168 5 0 0 6 0 0 0 0 0 0 0 0 0 0 0
1308761731 780 0 22 168 5 0 0 6 0 0 0 0 0 0 0 0 0 0 0
1308764904 781 0 22 168 5 0 0 6 0 0 0 0 0 0 0 0 0 0 0
1308772616 782 0 22 168 5 0 0 6 0 0 0 0 0 0 0 0 0 0 0
1309273932 783 0 22 168 5 0 0 6 0 0 0 0 0 0 0 0 0 0 0
1309274263 784 0 22 168 5 0 0 6 0 0 0 0 0 0 0 0 0 0 0
1309274441 785 0 22 168 5 0 0 6 0 0 0 0 0 0 0 0 0 0 0
1309276210 786 0 22 168 5 0 0 6 0 0 0 0 0 0 0 0 0 0 0
1309454558 787 0 22 168 5 0 0 6 0 0 0 0 0 0 0 0 0 0 0
1309459840 788 0 22 168 5 0 0 6 0 0 0 0 0 0 0 0 0 0 0
1309987630 789 0 22 168 5 0 0 6 0 0 0 0 0 0 0 0 0 0 0
1309987899 790 0 22 168 5 0 0 6 0 0 0 0 0 0 0 0 0 0 0
1309988073 791 0 22 168 5 0 0 6 0 0 0 0 0 0 0 0 0 0 0
1309988375 792 0 22 168 5 0 0 6 0 0 0 0 0 0 0 0 0 0 0
1309988772 793 0 22 168 5 0 0 6 0 0 0 0 0 0 0 0 0 0 0
1310149347 794 0 22 168 5 0 0 6 0 0 0 0 0 0 0 0 0 0 0
1310150601 795 0 22 168 5 0 0 6 0 0 0 0 0 0 0 0 0 0 0
1310155020 796 0 22 168 5 0 0 6 0 0 0 0 0 0 0 0 0 0 0
1310155633 797 0 22 168 5 0 0 6 0 0 0 0 0 0 0 0 0 0 0
1310247863 798 0 22 168 5 0 0 6 0 0 0 0 0 0 0 0 0 0 0
1310248412 799 0 22 168 5 0 0 6 0 0 0 0 0 0 0 0 0 0 0
1310417444 800 0 22 168 5 0 0 6 0 0 0 0 0 0 0 0 0 0 0
1310423684 801 0 22 168 5 0 0 6 0 0 0 0 0 0 0 0 0 0 0
1311616632 802 0 22 168 5 0 0 6 0 0 0 0 0 0 0 0 0 0 0
1311617337 803 0 22 168 5 0 0 6 0 0 0 0 0 0 0 0 0 0 0
1311619137 804 0 22 168 5 0 0 6 0 0 0 0 0 0 0 0 0 0 0
1311619550 805 0 22 168 5 0 0 6 0 0 0 0 0 0 0 0 0 0 0
1311621155 806 0 22 168 5 0 0 6 0 0 0 0 0 0 0 0 0 0 0
1311622649 807 0 22 168 5 0 0 6 0 0 0 0 0 0 0 0 0 0 0
1311622878 808 0 22 168 5 0 0 6 0 0 0 0 0 0 0 0 0 0 0
1311624859 809 0 22 168 5 0 0 6 0 0 0 0 0 0 0 0 0 0 0
1311628208 810 0 22 168 5 0 0 6 0 0 0 0 0 0 0 0 0 0 0
1311631193 811 0 22 168 5 0 0 6 0 0 0 0 0 0 0 0 0 0 0
1312391266 812 0 22 168 5 0 0 6 0 0 0 0 0 0 0 0 0 0 0
1312391481 813 0 22 168 5 0 0 6 0 0 0 0 0 0 0 0 0 0 0
1312393565 814 0 22 168 5 0 0 6 0 0 0 0 0 0 0 0 0 0 0
1312394218 815 0 22 168 5 0 0 6 0 0 0 0 0 0 0 0 0 0 0
1312394491 816 0 22 168 5 0 0 6 0 0 0 0 0 0 0 0 0 0 0
1312396475 817 0 22 168 5 0 0 6 0 0 0 0 0 0 0 0 0 0 0
1312397801 818 0 22 168 5 0 0 6 0 0 0 0 0 0 0 0 0 0 0
1312400143 819 0 22 168 5 0 0 6 0 0 0 0 0 0 0 0 0 0 0
1312400846 820 0 22 168 5 0 0 6 0 0 0 0 0 0 0 0 0 0 0
1312402695 821 0 22 168 5 0 0 6 0 0 0 0 0 0 0 0 0 0 0
1312404094 822 0 22 168 5 0 0 6 0 0 0 0 0 0 0 0 0 0 0
1312410992 823 0 22 168 5 0 0 6 0 0 0 0 0 0 0 0 0 0 0
1312462457 824 0 22 168 5 0 0 6 0 0 0 0 0 0 0 0 0 0 0
1314036196 825 0 22 168 5 0 0 6 0 0 0 0 0 0 0 0 0 0 0
1314036516 826 0 22 168 5 0 0 6 0 0 0 0 0 0 0 0 0 0 0
1314039401 827 0 22 168 5 0 0 6 0 0 0 0 0 0 0 0 0 0 0
1314039782 828 0 22 168 5 0 0 6 0 0 0 0 0 0 0 0 0 0 0
1314039941 829 0 22 168 5 0 0 6 0 0 0 0 0 0 0 0 0 0 0
1314040252 830 0 22 168 5 0 0 6 0 0 0 0 0 0 0 0 0 0 0
1314042213 831 0 22 168 5 0 0 6 0 0 0 0 0 0 0 0 0 0 0
1314042388 832 0 22 168 5 0 0 6 0 0 0 0 0 0 0 0 0 0 0
1314048300 833 0 22 168 5 0 0 6 0 0 0 0 0 0 0 0 0 0 0
1314121129 834 0 22 168 5 0 0 6 0 0 0 0 0 0 0 0 0 0 0
1315085136 834 0 22 168 6 0 0 6 0 0 0 0 0 0 0 0 0 0 0
1315924941 834 0 22 168 7 0 0 6 0 0 0 0 0 0 0 0 0 0 0
1316031141 835 0 22 168 7 0 0 6 0 0 0 0 0 0 0 0 0 0 0
1316036256 836 0 22 168 7 0 0 6 0 0 0 0 0 0 0 0 0 0 0
1316036385 837 0 22 168 7 0 0 6 0 0 0 0 0 0 0 0 0 0 0
1316036475 838 0 22 168 7 0 0 6 0 0 0 0 0 0 0 0 0 0 0
1316038515 839 0 22 168 7 0 0 6 0 0 0 0 0 0 0 0 0 0 0
1316038617 840 0 22 168 7 0 0 6 0 0 0 0 0 0 0 0 0 0 0
1316040252 841 0 22 168 7 0 0 6 0 0 0 0 0 0 0 0 0 0 0
1316110184 841 0 22 168 8 0 0 6 0 0 0 0 0 0 0 0 0 0 0
1316710268 842 0 22 168 8 0 0 6 0 0 0 0 0 0 0 0 0 0 0
1316886446 843 0 22 168 8 0 0 6 0 0 0 0 0 0 0 0 0 0 0
1317067228 843 0 22 168 9 0 0 6 0 0 0 0 0 0 0 0 0 0 0
1317297851 844 0 22 168 9 0 0 6 0 0 0 0 0 0 0 0 0 0 0
1317302290 845 0 22 168 9 0 0 6 0 0 0 0 0 0 0 0 0 0 0
1317313577 846 0 22 168 9 0 0 6 0 0 0 0 0 0 0 0 0 0 0
1317326254 846 0 22 168 10 0 0 6 0 0 0 0 0 0 0 0 0 0 0
1317996399 847 0 22 168 10 0 0 6 0 0 0 0 0 0 0 0 0 0 0
1318084119 848 0 22 168 10 0 0 6 0 0 0 0 0 0 0 0 0 0 0
1318091715 848 0 23 168 10 0 0 6 0 0 0 0 0 0 0 0 0 0 0
1318277473 849 0 23 168 10 0 0 6 0 0 0 0 0 0 0 0 0 0 0
1318277528 850 0 23 168 10 0 0 6 0 0 0 0 0 0 0 0 0 0 0
1318348803 851 0 23 168 10 0 0 6 0 0 0 0 0 0 0 0 0 0 0
1318349015 852 0 23 168 10 0 0 6 0 0 0 0 0 0 0 0 0 0 0
1318960922 853 0 23 168 10 0 0 6 0 0 0 0 0 0 0 0 0 0 0
1318961099 854 0 23 168 10 0 0 6 0 0 0 0 0 0 0 0 0 0 0
1318961369 855 0 23 168 10 0 0 6 0 0 0 0 0 0 0 0 0 0 0
1318962991 856 0 23 168 10 0 0 6 0 0 0 0 0 0 0 0 0 0 0
1318965003 856 0 24 168 10 0 0 6 0 0 0 0 0 0 0 0 0 0 0
1318965025 856 0 25 168 10 0 0 6 0 0 0 0 0 0 0 0 0 0 0
1319225142 856 0 26 168 10 0 0 6 0 0 0 0 0 0 0 0 0 0 0
1319294830 857 0 26 168 10 0 0 6 0 0 0 0 0 0 0 0 0 0 0
1319296698 858 0 26 168 10 0 0 6 0 0 0 0 0 0 0 0 0 0 0
1319812956 859 0 26 168 10 0 0 6 0 0 0 0 0 0 0 0 0 0 0
1319822426 860 0 26 168 10 0 0 6 0 0 0 0 0 0 0 0 0 0 0
1319827477 861 0 26 168 10 0 0 6 0 0 0 0 0 0 0 0 0 0 0
1319907543 862 0 26 168 10 0 0 6 0 0 0 0 0 0 0 0 0 0 0
1319922131 863 0 26 168 10 0 0 6 0 0 0 0 0 0 0 0 0 0 0
1320089010 864 0 26 168 10 0 0 6 0 0 0 0 0 0 0 0 0 0 0
1320231694 865 0 26 168 10 0 0 6 0 0 0 0 0 0 0 0 0 0 0
1320235593 866 0 26 168 10 0 0 6 0 0 0 0 0 0 0 0 0 0 0
1320328169 867 0 26 168 10 0 0 6 0 0 0 0 0 0 0 0 0 0 0
1320331582 868 0 26 168 10 0 0 6 0 0 0 0 0 0 0 0 0 0 0
1320332028 869 0 26 168 10 0 0 6 0 0 0 0 0 0 0 0 0 0 0
1320342987 870 0 26 168 10 0 0 6 0 0 0 0 0 0 0 0 0 0 0
1320346685 871 0 26 168 10 0 0 6 0 0 0 0 0 0 0 0 0 0 0
1320420264 872 0 26 168 10 0 0 6 0 0 0 0 0 0 0 0 0 0 0
1320432718 873 0 26 168 10 0 0 6 0 0 0 0 0 0 0 0 0 0 0
1320506410 874 0 26 168 10 0 0 6 0 0 0 0 0 0 0 0 0 0 0
1320702729 875 0 26 168 10 0 0 6 0 0 0 0 0 0 0 0 0 0 0
1321297427 876 0 26 168 10 0 0 6 0 0 0 0 0 0 0 0 0 0 0
1321369917 877 0 26 168 10 0 0 6 0 0 0 0 0 0 0 0 0 0 0
1321371503 878 0 26 168 10 0 0 6 0 0 0 0 0 0 0 0 0 0 0
1321446324 879 0 26 168 10 0 0 6 0 0 0 0 0 0 0 0 0 0 0
1321449040 880 0 26 168 10 0 0 6 0 0 0 0 0 0 0 0 0 0 0
1321452113 881 0 26 168 10 0 0 6 0 0 0 0 0 0 0 0 0 0 0
1321544166 882 0 26 168 10 0 0 6 0 0 0 0 0 0 0 0 0 0 0
1321556220 883 0 26 168 10 0 0 6 0 0 0 0 0 0 0 0 0 0 0
1321904563 884 0 26 168 10 0 0 6 0 0 0 0 0 0 0 0 0 0 0
1321980652 885 0 26 168 10 0 0 6 0 0 0 0 0 0 0 0 0 0 0
1321982973 886 0 26 168 10 0 0 6 0 0 0 0 0 0 0 0 0 0 0
1322046489 887 0 26 168 10 0 0 6 0 0 0 0 0 0 0 0 0 0 0
1322414692 888 0 26 168 10 0 0 6 0 0 0 0 0 0 0 0 0 0 0
1322417151 889 0 26 168 10 0 0 6 0 0 0 0 0 0 0 0 0 0 0
1322418409 890 0 26 168 10 0 0 6 0 0 0 0 0 0 0 0 0 0 0
1322500929 891 0 26 168 10 0 0 6 0 0 0 0 0 0 0 0 0 0 0
1322503433 892 0 26 168 10 0 0 6 0 0 0 0 0 0 0 0 0 0 0
1322585584 893 0 26 168 10 0 0 6 0 0 0 0 0 0 0 0 0 0 0
1322652057 894 0 26 168 10 0 0 6 0 0 0 0 0 0 0 0 0 0 0
1322654877 895 0 26 168 10 0 0 6 0 0 0 0 0 0 0 0 0 0 0
1322755990 896 0 26 168 10 0 0 6 0 0 0 0 0 0 0 0 0 0 0
1322847659 897 0 26 168 10 0 0 6 0 0 0 0 0 0 0 0 0 0 0
1322921243 898 0 26 168 10 0 0 6 0 0 0 0 0 0 0 0 0 0 0
1323363059 899 0 26 168 10 0 0 6 0 0 0 0 0 0 0 0 0 0 0
1323717583 900 0 26 168 10 0 0 6 0 0 0 0 0 0 0 0 0 0 0
1323720587 901 0 26 168 10 0 0 6 0 0 0 0 0 0 0 0 0 0 0
1323775592 902 0 26 168 10 0 0 6 0 0 0 0 0 0 0 0 0 0 0
1323785789 903 0 26 168 10 0 0 6 0 0 0 0 0 0 0 0 0 0 0
1323789334 904 0 26 168 10 0 0 6 0 0 0 0 0 0 0 0 0 0 0
1323864512 905 0 26 168 10 0 0 6 0 0 0 0 0 0 0 0 0 0 0
1323865051 906 0 26 168 10 0 0 6 0 0 0 0 0 0 0 0 0 0 0
1323868602 907 0 26 168 10 0 0 6 0 0 0 0 0 0 0 0 0 0 0
1323876392 908 0 26 168 10 0 0 6 0 0 0 0 0 0 0 0 0 0 0
1323877051 909 0 26 168 10 0 0 6 0 0 0 0 0 0 0 0 0 0 0
1323968380 910 0 26 168 10 0 0 6 0 0 0 0 0 0 0 0 0 0 0
1323971313 911 0 26 168 10 0 0 6 0 0 0 0 0 0 0 0 0 0 0
1323983273 912 0 26 168 10 0 0 6 0 0 0 0 0 0 0 0 0 0 0
1324057303 913 0 26 168 10 0 0 6 0 0 0 0 0 0 0 0 0 0 0
1324321535 914 0 26 168 10 0 0 6 0 0 0 0 0 0 0 0 0 0 0
1324391273 915 0 26 168 10 0 0 6 0 0 0 0 0 0 0 0 0 0 0
1324408354 916 0 26 168 10 0 0 6 0 0 0 0 0 0 0 0 0 0 0
1324469809 917 0 26 168 10 0 0 6 0 0 0 0 0 0 0 0 0 0 0
1324479284 918 0 26 168 10 0 0 6 0 0 0 0 0 0 0 0 0 0 0
1324658316 919 0 26 168 10 0 0 6 0 0 0 0 0 0 0 0 0 0 0
1325529731 920 0 26 168 10 0 0 6 0 0 0 0 0 0 0 0 0 0 0
1325532878 921 0 26 168 10 0 0 6 0 0 0 0 0 0 0 0 0 0 0
1325536360 922 0 26 168 10 0 0 6 0 0 0 0 0 0 0 0 0 0 0
1325609426 923 0 26 168 10 0 0 6 0 0 0 0 0 0 0 0 0 0 0
1325614531 924 0 26 168 10 0 0 6 0 0 0 0 0 0 0 0 0 0 0
1325622716 925 0 26 168 10 0 0 6 0 0 0 0 0 0 0 0 0 0 0
1325625420 926 0 26 168 10 0 0 6 0 0 0 0 0 0 0 0 0 0 0
1325675313 927 0 26 168 10 0 0 6 0 0 0 0 0 0 0 0 0 0 0
1325679211 928 0 26 168 10 0 0 6 0 0 0 0 0 0 0 0 0 0 0
1325682406 929 0 26 168 10 0 0 6 0 0 0 0 0 0 0 0 0 0 0
1325685448 930 0 26 168 10 0 0 6 0 0 0 0 0 0 0 0 0 0 0
1325695118 931 0 26 168 10 0 0 6 0 0 0 0 0 0 0 0 0 0 0
1325698246 932 0 26 168 10 0 0 6 0 0 0 0 0 0 0 0 0 0 0
1325774779 933 0 26 168 10 0 0 6 0 0 0 0 0 0 0 0 0 0 0
1325776215 934 0 26 168 10 0 0 6 0 0 0 0 0 0 0 0 0 0 0
1325778454 935 0 26 168 10 0 0 6 0 0 0 0 0 0 0 0 0 0 0
1325785330 936 0 26 168 10 0 0 6 0 0 0 0 0 0 0 0 0 0 0
1325785531 937 0 26 168 10 0 0 6 0 0 0 0 0 0 0 0 0 0 0
1325858502 937 0 27 168 10 0 0 6 0 0 0 0 0 0 0 0 0 0 0
1325858526 937 0 28 168 10 0 0 6 0 0 0 0 0 0 0 0 0 0 0
1325858548 937 0 29 168 10 0 0 6 0 0 0 0 0 0 0 0 0 0 0
1325858570 937 0 30 168 10 0 0 6 0 0 0 0 0 0 0 0 0 0 0
1325858591 937 0 31 168 10 0 0 6 0 0 0 0 0 0 0 0 0 0 0
1325858613 937 0 32 168 10 0 0 6 0 0 0 0 0 0 0 0 0 0 0
1325858637 937 0 33 168 10 0 0 6 0 0 0 0 0 0 0 0 0 0 0
1325881874 938 0 33 168 10 0 0 6 0 0 0 0 0 0 0 0 0 0 0
1325960364 939 0 33 168 10 0 0 6 0 0 0 0 0 0 0 0 0 0 0
1325961627 940 0 33 168 10 0 0 6 0 0 0 0 0 0 0 0 0 0 0
1325965912 941 0 33 168 10 0 0 6 0 0 0 0 0 0 0 0 0 0 0
1326110946 942 0 33 168 10 0 0 6 0 0 0 0 0 0 0 0 0 0 0
1326111410 943 0 33 168 10 0 0 6 0 0 0 0 0 0 0 0 0 0 0
1326113558 944 0 33 168 10 0 0 6 0 0 0 0 0 0 0 0 0 0 0
1326118030 945 0 33 168 10 0 0 6 0 0 0 0 0 0 0 0 0 0 0
1326123993 946 0 33 168 10 0 0 6 0 0 0 0 0 0 0 0 0 0 0
1326125752 947 0 33 168 10 0 0 6 0 0 0 0 0 0 0 0 0 0 0
1326130106 948 0 33 168 10 0 0 6 0 0 0 0 0 0 0 0 0 0 0
1326139078 949 0 33 168 10 0 0 6 0 0 0 0 0 0 0 0 0 0 0
1326215943 950 0 33 168 10 0 0 6 0 0 0 0 0 0 0 0 0 0 0
1326216625 951 0 33 168 10 0 0 6 0 0 0 0 0 0 0 0 0 0 0
1326219020 952 0 33 168 10 0 0 6 0 0 0 0 0 0 0 0 0 0 0
1326463646 953 0 33 168 10 0 0 6 0 0 0 0 0 0 0 0 0 0 0
1326464876 954 0 33 168 10 0 0 6 0 0 0 0 0 0 0 0 0 0 0
1326472676 955 0 33 168 10 0 0 6 0 0 0 0 0 0 0 0 0 0 0
1326482582 956 0 33 168 10 0 0 6 0 0 0 0 0 0 0 0 0 0 0
1326559640 957 0 33 168 10 0 0 6 0 0 0 0 0 0 0 0 0 0 0
1326561006 958 0 33 168 10 0 0 6 0 0 0 0 0 0 0 0 0 0 0
1326564359 959 0 33 168 10 0 0 6 0 0 0 0 0 0 0 0 0 0 0
1326736128 960 0 33 168 10 0 0 6 0 0 0 0 0 0 0 0 0 0 0
1326738693 961 0 33 168 10 0 0 6 0 0 0 0 0 0 0 0 0 0 0
1326740343 962 0 33 168 10 0 0 6 0 0 0 0 0 0 0 0 0 0 0
1326990920 963 0 33 168 10 0 0 6 0 0 0 0 0 0 0 0 0 0 0
1326992341 964 0 33 168 10 0 0 6 0 0 0 0 0 0 0 0 0 0 0
1326994278 965 0 33 168 10 0 0 6 0 0 0 0 0 0 0 0 0 0 0
1327001795 966 0 33 168 10 0 0 6 0 0 0 0 0 0 0 0 0 0 0
1327086156 967 0 33 168 10 0 0 6 0 0 0 0 0 0 0 0 0 0 0
1327168135 968 0 33 168 10 0 0 6 0 0 0 0 0 0 0 0 0 0 0
1327169505 969 0 33 168 10 0 0 6 0 0 0 0 0 0 0 0 0 0 0
1327262702 970 0 33 168 10 0 0 6 0 0 0 0 0 0 0 0 0 0 0
1327266284 971 0 33 168 10 0 0 6 0 0 0 0 0 0 0 0 0 0 0
1327337430 972 0 33 168 10 0 0 6 0 0 0 0 0 0 0 0 0 0 0
1327438516 973 0 33 168 10 0 0 6 0 0 0 0 0 0 0 0 0 0 0
1327676295 974 0 33 168 10 0 0 6 0 0 0 0 0 0 0 0 0 0 0
1327679101 975 0 33 168 10 0 0 6 0 0 0 0 0 0 0 0 0 0 0
1327686644 976 0 33 168 10 0 0 6 0 0 0 0 0 0 0 0 0 0 0
1327691848 977 0 33 168 10 0 0 6 0 0 0 0 0 0 0 0 0 0 0
1327852754 978 0 33 168 10 0 0 6 0 0 0 0 0 0 0 0 0 0 0
1327855290 979 0 33 168 10 0 0 6 0 0 0 0 0 0 0 0 0 0 0
1327857932 980 0 33 168 10 0 0 6 0 0 0 0 0 0 0 0 0 0 0
1327934329 981 0 33 168 10 0 0 6 0 0 0 0 0 0 0 0 0 0 0
1327935422 982 0 33 168 10 0 0 6 0 0 0 0 0 0 0 0 0 0 0
1327939374 983 0 33 168 10 0 0 6 0 0 0 0 0 0 0 0 0 0 0
1327951969 984 0 33 168 10 0 0 6 0 0 0 0 0 0 0 0 0 0 0
1327952147 985 0 33 168 10 0 0 6 0 0 0 0 0 0 0 0 0 0 0
1327953586 986 0 33 168 10 0 0 6 0 0 0 0 0 0 0 0 0 0 0
1328022128 987 0 33 168 10 0 0 6 0 0 0 0 0 0 0 0 0 0 0
1328030252 988 0 33 168 10 0 0 6 0 0 0 0 0 0 0 0 0 0 0
1328288743 989 0 33 168 10 0 0 6 0 0 0 0 0 0 0 0 0 0 0
1328372965 990 0 33 168 10 0 0 6 0 0 0 0 0 0 0 0 0 0 0
1328379356 991 0 33 168 10 0 0 6 0 0 0 0 0 0 0 0 0 0 0
1328384955 992 0 33 168 10 0 0 6 0 0 0 0 0 0 0 0 0 0 0
1328456975 993 0 33 168 10 0 0 6 0 0 0 0 0 0 0 0 0 0 0
1328457973 994 0 33 168 10 0 0 6 0 0 0 0 0 0 0 0 0 0 0
1328646731 994 0 34 168 10 0 0 6 0 0 0 0 0 0 0 0 0 0 0
1328646750 994 0 35 168 10 0 0 6 0 0 0 0 0 0 0 0 0 0 0
1328646770 994 0 36 168 10 0 0 6 0 0 0 0 0 0 0 0 0 0 0
1328810914 995 0 36 168 10 0 0 6 0 0 0 0 0 0 0 0 0 0 0
1328812195 996 0 36 168 10 0 0 6 0 0 0 0 0 0 0 0 0 0 0
1328899098 997 0 36 168 10 0 0 6 0 0 0 0 0 0 0 0 0 0 0
1328910812 998 0 36 168 10 0 0 6 0 0 0 0 0 0 0 0 0 0 0
1329155620 999 0 36 168 10 0 0 6 0 0 0 0 0 0 0 0 0 0 0
1329158369 1000 0 36 168 10 0 0 6 0 0 0 0 0 0 0 0 0 0 0
1329158673 1001 0 36 168 10 0 0 6 0 0 0 0 0 0 0 0 0 0 0
1329162591 1002 0 36 168 10 0 0 6 0 0 0 0 0 0 0 0 0 0 0
1329309407 1003 0 36 168 10 0 0 6 0 0 0 0 0 0 0 0 0 0 0
1329311077 1004 0 36 168 10 0 0 6 0 0 0 0 0 0 0 0 0 0 0
1329318798 1005 0 36 168 10 0 0 6 0 0 0 0 0 0 0 0 0 0 0
1329325781 1006 0 36 168 10 0 0 6 0 0 0 0 0 0 0 0 0 0 0
1329408373 1007 0 36 168 10 0 0 6 0 0 0 0 0 0 0 0 0 0 0
1329412223 1008 0 36 168 10 0 0 6 0 0 0 0 0 0 0 0 0 0 0
1329432264 1008 0 37 168 10 0 0 6 0 0 0 0 0 0 0 0 0 0 0
1329486490 1009 0 37 168 10 0 0 6 0 0 0 0 0 0 0 0 0 0 0
1329486869 1010 0 37 168 10 0 0 6 0 0 0 0 0 0 0 0 0 0 0
1329673463 1011 0 37 168 10 0 0 6 0 0 0 0 0 0 0 0 0 0 0
1329914904 1012 0 37 168 10 0 0 6 0 0 0 0 0 0 0 0 0 0 0
1329916330 1013 0 37 168 10 0 0 6 0 0 0 0 0 0 0 0 0 0 0
1330636208 1014 0 37 168 10 0 0 6 0 0 0 0 0 0 0 0 0 0 0
1331225399 1015 0 37 168 10 0 0 6 0 0 0 0 0 0 0 0 0 0 0
1331226936 1016 0 37 168 10 0 0 6 0 0 0 0 0 0 0 0 0 0 0
1331656897 1017 0 37 168 10 0 0 6 0 0 0 0 0 0 0 0 0 0 0
1331661244 1018 0 37 168 10 0 0 6 0 0 0 0 0 0 0 0 0 0 0
1332355534 1019 0 37 168 10 0 0 6 0 0 0 0 0 0 0 0 0 0 0
1332435816 1020 0 37 168 10 0 0 6 0 0 0 0 0 0 0 0 0 0 0
1332437832 1021 0 37 168 10 0 0 6 0 0 0 0 0 0 0 0 0 0 0
1333022073 1022 0 37 168 10 0 0 6 0 0 0 0 0 0 0 0 0 0 0
1333030676 1023 0 37 168 10 0 0 6 0 0 0 0 0 0 0 0 0 0 0
1333036755 1024 0 37 168 10 0 0 6 0 0 0 0 0 0 0 0 0 0 0
1333121598 1025 0 37 168 10 0 0 6 0 0 0 0 0 0 0 0 0 0 0
1333123477 1026 0 37 168 10 0 0 6 0 0 0 0 0 0 0 0 0 0 0
1333129220 1027 0 37 168 10 0 0 6 0 0 0 0 0 0 0 0 0 0 0
1333305718 1028 0 37 168 10 0 0 6 0 0 0 0 0 0 0 0 0 0 0
1333648076 1029 0 37 168 10 0 0 6 0 0 0 0 0 0 0 0 0 0 0
1333650588 1030 0 37 168 10 0 0 6 0 0 0 0 0 0 0 0 0 0 0
1334600869 1031 0 37 168 10 0 0 6 0 0 0 0 0 0 0 0 0 0 0
1336420660 1032 0 37 168 10 0 0 6 0 0 0 0 0 0 0 0 0 0 0
1337017697 1033 0 37 168 10 0 0 6 0 0 0 0 0 0 0 0 0 0 0
1337027176 1034 0 37 168 10 0 0 6 0 0 0 0 0 0 0 0 0 0 0
1337027746 1035 0 37 168 10 0 0 6 0 0 0 0 0 0 0 0 0 0 0
1337360759 1036 0 37 168 10 0 0 6 0 0 0 0 0 0 0 0 0 0 0
1337442243 1037 0 37 168 10 0 0 6 0 0 0 0 0 0 0 0 0 0 0
1337447579 1038 0 37 168 10 0 0 6 0 0 0 0 0 0 0 0 0 0 0
1337704025 1039 0 37 168 10 0 0 6 0 0 0 0 0 0 0 0 0 0 0
1338662474 1040 0 37 168 10 0 0 6 0 0 0 0 0 0 0 0 0 0 0
1339004562 1041 0 37 168 10 0 0 6 0 0 0 0 0 0 0 0 0 0 0
1339445374 1042 0 37 168 10 0 0 6 0 0 0 0 0 0 0 0 0 0 0
1339694300 1043 0 37 168 10 0 0 6 0 0 0 0 0 0 0 0 0 0 0
1339777356 1044 0 37 168 10 0 0 6 0 0 0 0 0 0 0 0 0 0 0
1339865695 1045 0 37 168 10 0 0 6 0 0 0 0 0 0 0 0 0 0 0
1340037137 1046 0 37 168 10 0 0 6 0 0 0 0 0 0 0 0 0 0 0
1340045764 1047 0 37 168 10 0 0 6 0 0 0 0 0 0 0 0 0 0 0
1340300479 1048 0 37 168 10 0 0 6 0 0 0 0 0 0 0 0 0 0 0
1340647553 1048 0 38 168 10 0 0 6 0 0 0 0 0 0 0 0 0 0 0
1340905148 1049 0 38 168 10 0 0 6 0 0 0 0 0 0 0 0 0 0 0
1341941393 1050 0 38 168 10 0 0 6 0 0 0 0 0 0 0 0 0 0 0
1342545612 1051 0 38 168 10 0 0 6 0 0 0 0 0 0 0 0 0 0 0
1342615129 1052 0 38 168 10 0 0 6 0 0 0 0 0 0 0 0 0 0 0
1342624629 1053 0 38 168 10 0 0 6 0 0 0 0 0 0 0 0 0 0 0
1342811456 1054 0 38 168 10 0 0 6 0 0 0 0 0 0 0 0 0 0 0
1342825887 1055 0 38 168 10 0 0 6 0 0 0 0 0 0 0 0 0 0 0
1343004620 1056 0 38 168 10 0 0 6 0 0 0 0 0 0 0 0 0 0 0
1343237807 1057 0 38 168 10 0 0 6 0 0 0 0 0 0 0 0 0 0 0
1343318437 1058 0 38 168 10 0 0 6 0 0 0 0 0 0 0 0 0 0 0
1343320413 1059 0 38 168 10 0 0 6 0 0 0 0 0 0 0 0 0 0 0
1343411351 1060 0 38 168 10 0 0 6 0 0 0 0 0 0 0 0 0 0 0
1343415297 1061 0 38 168 10 0 0 6 0 0 0 0 0 0 0 0 0 0 0
1343580261 1062 0 38 168 10 0 0 6 0 0 0 0 0 0 0 0 0 0 0
1344209933 1063 0 38 168 10 0 0 6 0 0 0 0 0 0 0 0 0 0 0
1344212035 1064 0 38 168 10 0 0 6 0 0 0 0 0 0 0 0 0 0 0
1344293314 1065 0 38 168 10 0 0 6 0 0 0 0 0 0 0 0 0 0 0
1344463648 1066 0 38 168 10 0 0 6 0 0 0 0 0 0 0 0 0 0 0
1344465435 1067 0 38 168 10 0 0 6 0 0 0 0 0 0 0 0 0 0 0
1344721421 1068 0 38 168 10 0 0 6 0 0 0 0 0 0 0 0 0 0 0
1345085217 1069 0 38 168 10 0 0 6 0 0 0 0 0 0 0 0 0 0 0
1345326528 1070 0 38 168 10 0 0 6 0 0 0 0 0 0 0 0 0 0 0
1345426016 1071 0 38 168 10 0 0 6 0 0 0 0 0 0 0 0 0 0 0
1345426331 1072 0 38 168 10 0 0 6 0 0 0 0 0 0 0 0 0 0 0
1345427558 1073 0 38 168 10 0 0 6 0 0 0 0 0 0 0 0 0 0 0
1345474233 1074 0 38 168 10 0 0 6 0 0 0 0 0 0 0 0 0 0 0
1345476850 1075 0 38 168 10 0 0 6 0 0 0 0 0 0 0 0 0 0 0
1345510463 1076 0 38 168 10 0 0 6 0 0 0 0 0 0 0 0 0 0 0
1345659262 1077 0 38 168 10 0 0 6 0 0 0 0 0 0 0 0 0 0 0
1345819694 1078 0 38 168 10 0 0 6 0 0 0 0 0 0 0 0 0 0 0
1346002607 1079 0 38 168 10 0 0 6 0 0 0 0 0 0 0 0 0 0 0
1346006442 1080 0 38 168 10 0 0 6 0 0 0 0 0 0 0 0 0 0 0
1346008130 1081 0 38 168 10 0 0 6 0 0 0 0 0 0 0 0 0 0 0
1346273349 1082 0 38 168 10 0 0 6 0 0 0 0 0 0 0 0 0 0 0
1346346680 1083 0 38 168 10 0 0 6 0 0 0 0 0 0 0 0 0 0 0
1346373752 1084 0 38 168 10 0 0 6 0 0 0 0 0 0 0 0 0 0 0
1346450166 1085 0 38 168 10 0 0 6 0 0 0 0 0 0 0 0 0 0 0
1346452863 1085 0 39 168 10 0 0 6 0 0 0 0 0 0 0 0 0 0 0
1346546075 1086 0 39 168 10 0 0 6 0 0 0 0 0 0 0 0 0 0 0
1346546533 1087 0 39 168 10 0 0 6 0 0 0 0 0 0 0 0 0 0 0
1346704217 1087 0 40 168 10 0 0 6 0 0 0 0 0 0 0 0 0 0 0
1346844711 1088 0 40 168 10 0 0 6 0 0 0 0 0 0 0 0 0 0 0
1346847209 1089 0 40 168 10 0 0 6 0 0 0 0 0 0 0 0 0 0 0
1346849262 1090 0 40 168 10 0 0 6 0 0 0 0 0 0 0 0 0 0 0
1346885749 1091 0 40 168 10 0 0 6 0 0 0 0 0 0 0 0 0 0 0
1346965908 1092 0 40 168 10 0 0 6 0 0 0 0 0 0 0 0 0 0 0
1347059223 1093 0 40 168 10 0 0 6 0 0 0 0 0 0 0 0 0 0 0
1347150265 1094 0 40 168 10 0 0 6 0 0 0 0 0 0 0 0 0 0 0
1347369156 1095 0 40 168 10 0 0 6 0 0 0 0 0 0 0 0 0 0 0
1347456457 1096 0 40 168 10 0 0 6 0 0 0 0 0 0 0 0 0 0 0
1347458620 1097 0 40 168 10 0 0 6 0 0 0 0 0 0 0 0 0 0 0
1347544144 1098 0 40 168 10 0 0 6 0 0 0 0 0 0 0 0 0 0 0
1347547347 1099 0 40 168 10 0 0 6 0 0 0 0 0 0 0 0 0 0 0
1347628210 1100 0 40 168 10 0 0 6 0 0 0 0 0 0 0 0 0 0 0
1347638213 1101 0 40 168 10 0 0 6 0 0 0 0 0 0 0 0 0 0 0
1347657549 1101 0 41 168 10 0 0 6 0 0 0 0 0 0 0 0 0 0 0
1347657575 1101 0 42 168 10 0 0 6 0 0 0 0 0 0 0 0 0 0 0
1347745625 1102 0 42 168 10 0 0 6 0 0 0 0 0 0 0 0 0 0 0
1348341397 1103 0 42 168 10 0 0 6 0 0 0 0 0 0 0 0 0 0 0
1348423785 1104 0 42 168 10 0 0 6 0 0 0 0 0 0 0 0 0 0 0
1348426196 1105 0 42 168 10 0 0 6 0 0 0 0 0 0 0 0 0 0 0
1348926894 1106 0 42 168 10 0 0 6 0 0 0 0 0 0 0 0 0 0 0
1348966201 1107 0 42 168 10 0 0 6 0 0 0 0 0 0 0 0 0 0 0
1349187138 1108 0 42 168 10 0 0 6 0 0 0 0 0 0 0 0 0 0 0
1349447810 1109 0 42 168 10 0 0 6 0 0 0 0 0 0 0 0 0 0 0
1349535297 1110 0 42 168 10 0 0 6 0 0 0 0 0 0 0 0 0 0 0
1349537729 1111 0 42 168 10 0 0 6 0 0 0 0 0 0 0 0 0 0 0
1349628092 1112 0 42 168 10 0 0 6 0 0 0 0 0 0 0 0 0 0 0
1349631939 1113 0 42 168 10 0 0 6 0 0 0 0 0 0 0 0 0 0 0
1349633196 1114 0 42 168 10 0 0 6 0 0 0 0 0 0 0 0 0 0 0
1349634665 1115 0 42 168 10 0 0 6 0 0 0 0 0 0 0 0 0 0 0
1350144255 1116 0 42 168 10 0 0 6 0 0 0 0 0 0 0 0 0 0 0
1350145582 1117 0 42 168 10 0 0 6 0 0 0 0 0 0 0 0 0 0 0
1350147362 1118 0 42 168 10 0 0 6 0 0 0 0 0 0 0 0 0 0 0
1350160895 1119 0 42 168 10 0 0 6 0 0 0 0 0 0 0 0 0 0 0
1350324002 1120 0 42 168 10 0 0 6 0 0 0 0 0 0 0 0 0 0 0
1350487912 1121 0 42 168 10 0 0 6 0 0 0 0 0 0 0 0 0 0 0
1350494913 1122 0 42 168 10 0 0 6 0 0 0 0 0 0 0 0 0 0 0
1350555708 1123 0 42 168 10 0 0 6 0 0 0 0 0 0 0 0 0 0 0
1350557518 1124 0 42 168 10 0 0 6 0 0 0 0 0 0 0 0 0 0 0
1350598655 1125 0 42 168 10 0 0 6 0 0 0 0 0 0 0 0 0 0 0
1350600233 1126 0 42 168 10 0 0 6 0 0 0 0 0 0 0 0 0 0 0
1351028249 1127 0 42 168 10 0 0 6 0 0 0 0 0 0 0 0 0 0 0
1351029419 1128 0 42 168 10 0 0 6 0 0 0 0 0 0 0 0 0 0 0
1351348467 1129 0 42 168 10 0 0 6 0 0 0 0 0 0 0 0 0 0 0
1351351798 1130 0 42 168 10 0 0 6 0 0 0 0 0 0 0 0 0 0 0
1351359344 1131 0 42 168 10 0 0 6 0 0 0 0 0 0 0 0 0 0 0
1351439234 1132 0 42 168 10 0 0 6 0 0 0 0 0 0 0 0 0 0 0
1351456795 1133 0 42 168 10 0 0 6 0 0 0 0 0 0 0 0 0 0 0
1351523087 1134 0 42 168 10 0 0 6 0 0 0 0 0 0 0 0 0 0 0
1351533154 1135 0 42 168 10 0 0 6 0 0 0 0 0 0 0 0 0 0 0
1351534991 1136 0 42 168 10 0 0 6 0 0 0 0 0 0 0 0 0 0 0
1351536427 1137 0 42 168 10 0 0 6 0 0 0 0 0 0 0 0 0 0 0
1351563273 1138 0 42 168 10 0 0 6 0 0 0 0 0 0 0 0 0 0 0
1351644926 1138 0 43 168 10 0 0 6 0 0 0 0 0 0 0 0 0 0 0
1351715104 1139 0 43 168 10 0 0 6 0 0 0 0 0 0 0 0 0 0 0
1351717511 1140 0 43 168 10 0 0 6 0 0 0 0 0 0 0 0 0 0 0
1351724889 1141 0 43 168 10 0 0 6 0 0 0 0 0 0 0 0 0 0 0
1351898508 1142 0 43 168 10 0 0 6 0 0 0 0 0 0 0 0 0 0 0
1352128307 1143 0 43 168 10 0 0 6 0 0 0 0 0 0 0 0 0 0 0
1352148497 1144 0 43 168 10 0 0 6 0 0 0 0 0 0 0 0 0 0 0
1352209159 1145 0 43 168 10 0 0 6 0 0 0 0 0 0 0 0 0 0 0
1352241082 1145 0 44 168 10 0 0 6 0 0 0 0 0 0 0 0 0 0 0
1352301234 1146 0 44 168 10 0 0 6 0 0 0 0 0 0 0 0 0 0 0
1352332712 1147 0 44 168 10 0 0 6 0 0 0 0 0 0 0 0 0 0 0
1352336605 1148 0 44 168 10 0 0 6 0 0 0 0 0 0 0 0 0 0 0
1352367294 1149 0 44 168 10 0 0 6 0 0 0 0 0 0 0 0 0 0 0
1352367527 1150 0 44 168 10 0 0 6 0 0 0 0 0 0 0 0 0 0 0
1356802785 1151 0 44 168 10 0 0 6 0 0 0 0 0 0 0 0 0 0 0
1356825450 1152 0 44 168 10 0 0 6 0 0 0 0 0 0 0 0 0 0 0
1358715439 1153 0 44 168 10 0 0 6 0 0 0 0 0 0 0 0 0 0 0
1358717305 1154 0 44 168 10 0 0 6 0 0 0 0 0 0 0 0 0 0 0
1361556316 1155 0 44 168 10 0 0 6 0 0 0 0 0 0 0 0 0 0 0
1361987930 1156 0 44 168 10 0 0 6 0 0 0 0 0 0 0 0 0 0 0
1362798957 1157 0 44 168 10 0 0 6 0 0 0 0 0 0 0 0 0 0 0
1363704371 1158 0 44 168 10 0 0 6 0 0 0 0 0 0 0 0 0 0 0
1363895397 1159 0 44 168 10 0 0 6 0 0 0 0 0 0 0 0 0 0 0
1364240030 1160 0 44 168 10 0 0 6 0 0 0 0 0 0 0 0 0 0 0
1364681206 1161 0 44 168 10 0 0 6 0 0 0 0 0 0 0 0 0 0 0
1364693315 1162 0 44 168 10 0 0 6 0 0 0 0 0 0 0 0 0 0 0
1364870810 1163 0 44 168 10 0 0 6 0 0 0 0 0 0 0 0 0 0 0
1365084693 1164 0 44 168 10 0 0 6 0 0 0 0 0 0 0 0 0 0 0
1365099803 1165 0 44 168 10 0 0 6 0 0 0 0 0 0 0 0 0 0 0
1365132605 1166 0 44 168 10 0 0 6 0 0 0 0 0 0 0 0 0 0 0
1365206868 1167 0 44 168 10 0 0 6 0 0 0 0 0 0 0 0 0 0 0
1365266554 1168 0 44 168 10 0 0 6 0 0 0 0 0 0 0 0 0 0 0
1365272958 1169 0 44 168 10 0 0 6 0 0 0 0 0 0 0 0 0 0 0
1365279294 1170 0 44 168 10 0 0 6 0 0 0 0 0 0 0 0 0 0 0
1365286920 1171 0 44 168 10 0 0 6 0 0 0 0 0 0 0 0 0 0 0
1365295333 1172 0 44 168 10 0 0 6 0 0 0 0 0 0 0 0 0 0 0
1365301827 1173 0 44 168 10 0 0 6 0 0 0 0 0 0 0 0 0 0 0
1366204760 1174 0 44 168 10 0 0 6 0 0 0 0 0 0 0 0 0 0 0
1366591635 1175 0 44 168 10 0 0 6 0 0 0 0 0 0 0 0 0 0 0
1367254028 1176 0 44 168 10 0 0 6 0 0 0 0 0 0 0 0 0 0 0
1367414829 1176 0 44 168 10 0 0 6 1 0 0 0 0 0 0 0 0 0 0
1367431793 1177 0 44 168 10 0 0 6 1 0 0 0 0 0 0 0 0 0 0
1367574920 1177 0 44 168 10 0 0 6 2 0 0 0 0 0 0 0 0 0 0
1367575285 1177 0 44 168 10 0 0 6 3 0 0 0 0 0 0 0 0 0 0
1367575578 1177 0 44 168 10 0 0 6 4 0 0 0 0 0 0 0 0 0 0
1367590038 1178 0 44 168 10 0 0 6 4 0 0 0 0 0 0 0 0 0 0
1367591144 1179 0 44 168 10 0 0 6 4 0 0 0 0 0 0 0 0 0 0
1367592682 1180 0 44 168 10 0 0 6 4 0 0 0 0 0 0 0 0 0 0
1367599064 1181 0 44 168 10 0 0 6 4 0 0 0 0 0 0 0 0 0 0
1367603321 1181 0 44 168 10 0 0 6 5 0 0 0 0 0 0 0 0 0 0
1367884994 1182 0 44 168 10 0 0 6 5 0 0 0 0 0 0 0 0 0 0
1368023432 1183 0 44 168 10 0 0 6 5 0 0 0 0 0 0 0 0 0 0
1368229396 1184 0 44 168 10 0 0 6 5 0 0 0 0 0 0 0 0 0 0
1368288643 1184 0 45 168 10 0 0 6 5 0 0 0 0 0 0 0 0 0 0
1368303387 1185 0 45 168 10 0 0 6 5 0 0 0 0 0 0 0 0 0 0
1368313500 1186 0 45 168 10 0 0 6 5 0 0 0 0 0 0 0 0 0 0
1368371565 1187 0 45 168 10 0 0 6 5 0 0 0 0 0 0 0 0 0 0
1368373911 1188 0 45 168 10 0 0 6 5 0 0 0 0 0 0 0 0 0 0
1368632844 1189 0 45 168 10 0 0 6 5 0 0 0 0 0 0 0 0 0 0
1369139978 1190 0 45 168 10 0 0 6 5 0 0 0 0 0 0 0 0 0 0
1369654608 1191 0 45 168 10 0 0 6 5 0 0 0 0 0 0 0 0 0 0
1369658102 1192 0 45 168 10 0 0 6 5 0 0 0 0 0 0 0 0 0 0
1369752150 1192 0 45 168 11 0 0 6 5 0 0 0 0 0 0 0 0 0 0
1369765450 1193 0 45 168 11 0 0 6 5 0 0 0 0 0 0 0 0 0 0
1369772733 1194 0 45 168 11 0 0 6 5 0 0 0 0 0 0 0 0 0 0
1370054144 1195 0 45 168 11 0 0 6 5 0 0 0 0 0 0 0 0 0 0
1370095537 1196 0 45 168 11 0 0 6 5 0 0 0 0 0 0 0 0 0 0
1370620589 1197 0 45 168 11 0 0 6 5 0 0 0 0 0 0 0 0 0 0
1370629100 1198 0 45 168 11 0 0 6 5 0 0 0 0 0 0 0 0 0 0
1370948611 1199 0 45 168 11 0 0 6 5 0 0 0 0 0 0 0 0 0 0
1370987398 1200 0 45 168 11 0 0 6 5 0 0 0 0 0 0 0 0 0 0
1371450653 1201 0 45 168 11 0 0 6 5 0 0 0 0 0 0 0 0 0 0
1371457674 1202 0 45 168 11 0 0 6 5 0 0 0 0 0 0 0 0 0 0
1371458960 1203 0 45 168 11 0 0 6 5 0 0 0 0 0 0 0 0 0 0
1371667956 1204 0 45 168 11 0 0 6 5 0 0 0 0 0 0 0 0 0 0
1371681966 1205 0 45 168 11 0 0 6 5 0 0 0 0 0 0 0 0 0 0
1371761938 1206 0 45 168 11 0 0 6 5 0 0 0 0 0 0 0 0 0 0
1371770071 1207 0 45 168 11 0 0 6 5 0 0 0 0 0 0 0 0 0 0
1372096740 1208 0 45 168 11 0 0 6 5 0 0 0 0 0 0 0 0 0 0
1372103579 1209 0 45 168 11 0 0 6 5 0 0 0 0 0 0 0 0 0 0
1372164905 1210 0 45 168 11 0 0 6 5 0 0 0 0 0 0 0 0 0 0
1372178721 1211 0 45 168 11 0 0 6 5 0 0 0 0 0 0 0 0 0 0
1372438356 1212 0 45 168 11 0 0 6 5 0 0 0 0 0 0 0 0 0 0
1372453010 1213 0 45 168 11 0 0 6 5 0 0 0 0 0 0 0 0 0 0
1372537128 1214 0 45 168 11 0 0 6 5 0 0 0 0 0 0 0 0 0 0
1372704199 1215 0 45 168 11 0 0 6 5 0 0 0 0 0 0 0 0 0 0
1372722244 1216 0 45 168 11 0 0 6 5 0 0 0 0 0 0 0 0 0 0
1372812289 1217 0 45 168 11 0 0 6 5 0 0 0 0 0 0 0 0 0 0
1372982342 1218 0 45 168 11 0 0 6 5 0 0 0 0 0 0 0 0 0 0
1372985234 1219 0 45 168 11 0 0 6 5 0 0 0 0 0 0 0 0 0 0
1373045867 1220 0 45 168 11 0 0 6 5 0 0 0 0 0 0 0 0 0 0
1373116755 1221 0 45 168 11 0 0 6 5 0 0 0 0 0 0 0 0 0 0
1373219286 1222 0 45 168 11 0 0 6 5 0 0 0 0 0 0 0 0 0 0
1373403163 1222 0 46 168 11 0 0 6 5 0 0 0 0 0 0 0 0 0 0
1373403193 1222 0 47 168 11 0 0 6 5 0 0 0 0 0 0 0 0 0 0
1373415899 1223 0 47 168 11 0 0 6 5 0 0 0 0 0 0 0 0 0 0
1373581222 1224 0 47 168 11 0 0 6 5 0 0 0 0 0 0 0 0 0 0
1373590356 1224 0 48 168 11 0 0 6 5 0 0 0 0 0 0 0 0 0 0
1373590370 1224 0 49 168 11 0 0 6 5 0 0 0 0 0 0 0 0 0 0
1373590383 1224 0 50 168 11 0 0 6 5 0 0 0 0 0 0 0 0 0 0
1373654527 1225 0 50 168 11 0 0 6 5 0 0 0 0 0 0 0 0 0 0
1373656308 1226 0 50 168 11 0 0 6 5 0 0 0 0 0 0 0 0 0 0
1373667347 1227 0 50 168 11 0 0 6 5 0 0 0 0 0 0 0 0 0 0
1373936590 1228 0 50 168 11 0 0 6 5 0 0 0 0 0 0 0 0 0 0
1373998061 1229 0 50 168 11 0 0 6 5 0 0 0 0 0 0 0 0 0 0
1374103681 1230 0 50 168 11 0 0 6 5 0 0 0 0 0 0 0 0 0 0
1374675439 1231 0 50 168 11 0 0 6 5 0 0 0 0 0 0 0 0 0 0
1374676711 1232 0 50 168 11 0 0 6 5 0 0 0 0 0 0 0 0 0 0
1374682354 1233 0 50 168 11 0 0 6 5 0 0 0 0 0 0 0 0 0 0
1374689818 1234 0 50 168 11 0 0 6 5 0 0 0 0 0 0 0 0 0 0
1374692739 1235 0 50 168 11 0 0 6 5 0 0 0 0 0 0 0 0 0 0
1374701971 1236 0 50 168 11 0 0 6 5 0 0 0 0 0 0 0 0 0 0
1374718186 1237 0 50 168 11 0 0 6 5 0 0 0 0 0 0 0 0 0 0
1374760461 1238 0 50 168 11 0 0 6 5 0 0 0 0 0 0 0 0 0 0
1374787272 1239 0 50 168 11 0 0 6 5 0 0 0 0 0 0 0 0 0 0
1374847204 1240 0 50 168 11 0 0 6 5 0 0 0 0 0 0 0 0 0 0
1374973956 1240 0 51 168 11 0 0 6 5 0 0 0 0 0 0 0 0 0 0
1374974858 1240 0 52 168 11 0 0 6 5 0 0 0 0 0 0 0 0 0 0
1375147432 1241 0 52 168 11 0 0 6 5 0 0 0 0 0 0 0 0 0 0
1375664221 1242 0 52 168 11 0 0 6 5 0 0 0 0 0 0 0 0 0 0
1375666187 1243 0 52 168 11 0 0 6 5 0 0 0 0 0 0 0 0 0 0
1375917573 1244 0 52 168 11 0 0 6 5 0 0 0 0 0 0 0 0 0 0
1375918734 1245 0 52 168 11 0 0 6 5 0 0 0 0 0 0 0 0 0 0
1375996823 1246 0 52 168 11 0 0 6 5 0 0 0 0 0 0 0 0 0 0
1376010418 1247 0 52 168 11 0 0 6 5 0 0 0 0 0 0 0 0 0 0
1376084028 1248 0 52 168 11 0 0 6 5 0 0 0 0 0 0 0 0 0 0
1376102070 1249 0 52 168 11 0 0 6 5 0 0 0 0 0 0 0 0 0 0
1376102405 1250 0 52 168 11 0 0 6 5 0 0 0 0 0 0 0 0 0 0
1376267968 1251 0 52 168 11 0 0 6 5 0 0 0 0 0 0 0 0 0 0
1376354215 1252 0 52 168 11 0 0 6 5 0 0 0 0 0 0 0 0 0 0
1376444641 1253 0 52 168 11 0 0 6 5 0 0 0 0 0 0 0 0 0 0
1376445775 1254 0 52 168 11 0 0 6 5 0 0 0 0 0 0 0 0 0 0
1376479253 1255 0 52 168 11 0 0 6 5 0 0 0 0 0 0 0 0 0 0
1376480332 1256 0 52 168 11 0 0 6 5 0 0 0 0 0 0 0 0 0 0
1376483153 1257 0 52 168 11 0 0 6 5 0 0 0 0 0 0 0 0 0 0
1376496248 1258 0 52 168 11 0 0 6 5 0 0 0 0 0 0 0 0 0 0
1376498266 1259 0 52 168 11 0 0 6 5 0 0 0 0 0 0 0 0 0 0
1376516459 1260 0 52 168 11 0 0 6 5 0 0 0 0 0 0 0 0 0 0
1376582010 1261 0 52 168 11 0 0 6 5 0 0 0 0 0 0 0 0 0 0
1376841873 1262 0 52 168 11 0 0 6 5 0 0 0 0 0 0 0 0 0 0
1376867335 1263 0 52 168 11 0 0 6 5 0 0 0 0 0 0 0 0 0 0
1376925268 1264 0 52 168 11 0 0 6 5 0 0 0 0 0 0 0 0 0 0
1377103311 1265 0 52 168 11 0 0 6 5 0 0 0 0 0 0 0 0 0 0
1377133331 1266 0 52 168 11 0 0 6 5 0 0 0 0 0 0 0 0 0 0
1377555321 1267 0 52 168 11 0 0 6 5 0 0 0 0 0 0 0 0 0 0
1378211287 1267 0 52 168 12 0 0 6 5 0 0 0 0 0 0 0 0 0 0
1378732247 1267 0 52 168 13 0 0 6 5 0 0 0 0 0 0 0 0 0 0
1378812402 1268 0 52 168 13 0 0 6 5 0 0 0 0 0 0 0 0 0 0
1378837849 1269 0 52 168 13 0 0 6 5 0 0 0 0 0 0 0 0 0 0
1378839641 1270 0 52 168 13 0 0 6 5 0 0 0 0 0 0 0 0 0 0
1378919974 1271 0 52 168 13 0 0 6 5 0 0 0 0 0 0 0 0 0 0
1378944689 1272 0 52 168 13 0 0 6 5 0 0 0 0 0 0 0 0 0 0
1378945925 1273 0 52 168 13 0 0 6 5 0 0 0 0 0 0 0 0 0 0
1379442341 1274 0 52 168 13 0 0 6 5 0 0 0 0 0 0 0 0 0 0
1379443266 1275 0 52 168 13 0 0 6 5 0 0 0 0 0 0 0 0 0 0
1379452812 1276 0 52 168 13 0 0 6 5 0 0 0 0 0 0 0 0 0 0
1379629958 1277 0 52 168 13 0 0 6 5 0 0 0 0 0 0 0 0 0 0
1379689456 1278 0 52 168 13 0 0 6 5 0 0 0 0 0 0 0 0 0 0
1379850464 1279 0 52 168 13 0 0 6 5 0 0 0 0 0 0 0 0 0 0
1379884312 1280 0 52 168 13 0 0 6 5 0 0 0 0 0 0 0 0 0 0
1380121476 1281 0 52 168 13 0 0 6 5 0 0 0 0 0 0 0 0 0 0
1380152224 1282 0 52 168 13 0 0 6 5 0 0 0 0 0 0 0 0 0 0
1380304012 1283 0 52 168 13 0 0 6 5 0 0 0 0 0 0 0 0 0 0
1380311631 1284 0 52 168 13 0 0 6 5 0 0 0 0 0 0 0 0 0 0
1380316896 1285 0 52 168 13 0 0 6 5 0 0 0 0 0 0 0 0 0 0
1380319042 1286 0 52 168 13 0 0 6 5 0 0 0 0 0 0 0 0 0 0
1380587399 1287 0 52 168 13 0 0 6 5 0 0 0 0 0 0 0 0 0 0
1381608973 1287 0 53 168 13 0 0 6 5 0 0 0 0 0 0 0 0 0 0
1384014466 1288 0 53 168 13 0 0 6 5 0 0 0 0 0 0 0 0 0 0
1384522406 1288 0 54 168 13 0 0 6 5 0 0 0 0 0 0 0 0 0 0
1384522423 1288 0 55 168 13 0 0 6 5 0 0 0 0 0 0 0 0 0 0
1384570283 1289 0 55 168 13 0 0 6 5 0 0 0 0 0 0 0 0 0 0
1384630299 1289 0 56 168 13 0 0 6 5 0 0 0 0 0 0 0 0 0 0
1384630326 1289 0 57 168 13 0 0 6 5 0 0 0 0 0 0 0 0 0 0
1384630343 1289 0 58 168 13 0 0 6 5 0 0 0 0 0 0 0 0 0 0
1384915629 1290 0 58 168 13 0 0 6 5 0 0 0 0 0 0 0 0 0 0
1385080834 1291 0 58 168 13 0 0 6 5 0 0 0 0 0 0 0 0 0 0
1385242945 1292 0 58 168 13 0 0 6 5 0 0 0 0 0 0 0 0 0 0
1385256448 1292 0 59 168 13 0 0 6 5 0 0 0 0 0 0 0 0 0 0
1385267432 1293 0 59 168 13 0 0 6 5 0 0 0 0 0 0 0 0 0 0
1390334855 1293 0 60 168 13 0 0 6 5 0 0 0 0 0 0 0 0 0 0
1390334951 1293 0 61 168 13 0 0 6 5 0 0 0 0 0 0 0 0 0 0
1390492351 1294 0 61 168 13 0 0 6 5 0 0 0 0 0 0 0 0 0 0
1391476917 1295 0 61 168 13 0 0 6 5 0 0 0 0 0 0 0 0 0 0
1391794628 1295 0 62 168 13 0 0 6 5 0 0 0 0 0 0 0 0 0 0
1391794641 1295 0 63 168 13 0 0 6 5 0 0 0 0 0 0 0 0 0 0
1393634207 1296 0 63 168 13 0 0 6 5 0 0 0 0 0 0 0 0 0 0
1393635672 1297 0 63 168 13 0 0 6 5 0 0 0 0 0 0 0 0 0 0
1393701863 1298 0 63 168 13 0 0 6 5 0 0 0 0 0 0 0 0 0 0
1394143605 1299 0 63 168 13 0 0 6 5 0 0 0 0 0 0 0 0 0 0
1394238202 1300 0 63 168 13 0 0 6 5 0 0 0 0 0 0 0 0 0 0
1394302334 1301 0 63 168 13 0 0 6 5 0 0 0 0 0 0 0 0 0 0
1394638732 1302 0 63 168 13 0 0 6 5 0 0 0 0 0 0 0 0 0 0
1394657489 1303 0 63 168 13 0 0 6 5 0 0 0 0 0 0 0 0 0 0
1394663469 1304 0 63 168 13 0 0 6 5 0 0 0 0 0 0 0 0 0 0
1394758159 1305 0 63 168 13 0 0 6 5 0 0 0 0 0 0 0 0 0 0
1394839181 1305 0 64 168 13 0 0 6 5 0 0 0 0 0 0 0 0 0 0
1395212236 1305 0 65 168 13 0 0 6 5 0 0 0 0 0 0 0 0 0 0
1395282421 1306 0 65 168 13 0 0 6 5 0 0 0 0 0 0 0 0 0 0
1395458314 1307 0 65 168 13 0 0 6 5 0 0 0 0 0 0 0 0 0 0
1395459191 1308 0 65 168 13 0 0 6 5 0 0 0 0 0 0 0 0 0 0
1395460319 1309 0 65 168 13 0 0 6 5 0 0 0 0 0 0 0 0 0 0
1395499560 1310 0 65 168 13 0 0 6 5 0 0 0 0 0 0 0 0 0 0
1395502173 1311 0 65 168 13 0 0 6 5 0 0 0 0 0 0 0 0 0 0
1395513763 1311 0 66 168 13 0 0 6 5 0 0 0 0 0 0 0 0 0 0
1395531135 1312 0 66 168 13 0 0 6 5 0 0 0 0 0 0 0 0 0 0
1395541243 1313 0 66 168 13 0 0 6 5 0 0 0 0 0 0 0 0 0 0
1395621048 1314 0 66 168 13 0 0 6 5 0 0 0 0 0 0 0 0 0 0
1395660300 1315 0 66 168 13 0 0 6 5 0 0 0 0 0 0 0 0 0 0
1395668060 1316 0 66 168 13 0 0 6 5 0 0 0 0 0 0 0 0 0 0
1395792841 1317 0 66 168 13 0 0 6 5 0 0 0 0 0 0 0 0 0 0
1395793854 1318 0 66 168 13 0 0 6 5 0 0 0 0 0 0 0 0 0 0
1395795973 1319 0 66 168 13 0 0 6 5 0 0 0 0 0 0 0 0 0 0
1395843242 1320 0 66 168 13 0 0 6 5 0 0 0 0 0 0 0 0 0 0
1395876121 1321 0 66 168 13 0 0 6 5 0 0 0 0 0 0 0 0 0 0
1396053953 1322 0 66 168 13 0 0 6 5 0 0 0 0 0 0 0 0 0 0
1396231578 1323 0 66 168 13 0 0 6 5 0 0 0 0 0 0 0 0 0 0
1396487864 1324 0 66 168 13 0 0 6 5 0 0 0 0 0 0 0 0 0 0
1396489591 1325 0 66 168 13 0 0 6 5 0 0 0 0 0 0 0 0 0 0
1396567794 1326 0 66 168 13 0 0 6 5 0 0 0 0 0 0 0 0 0 0
1396618625 1327 0 66 168 13 0 0 6 5 0 0 0 0 0 0 0 0 0 0
1396622042 1328 0 66 168 13 0 0 6 5 0 0 0 0 0 0 0 0 0 0
1396639276 1329 0 66 168 13 0 0 6 5 0 0 0 0 0 0 0 0 0 0
1396710840 1329 0 67 168 13 0 0 6 5 0 0 0 0 0 0 0 0 0 0
1396741017 1330 0 67 168 13 0 0 6 5 0 0 0 0 0 0 0 0 0 0
1396742316 1331 0 67 168 13 0 0 6 5 0 0 0 0 0 0 0 0 0 0
1396800133 1332 0 67 168 13 0 0 6 5 0 0 0 0 0 0 0 0 0 0
1396812330 1333 0 67 168 13 0 0 6 5 0 0 0 0 0 0 0 0 0 0
1396824541 1334 0 67 168 13 0 0 6 5 0 0 0 0 0 0 0 0 0 0
1396826437 1335 0 67 168 13 0 0 6 5 0 0 0 0 0 0 0 0 0 0
1396919065 1336 0 67 168 13 0 0 6 5 0 0 0 0 0 0 0 0 0 0
1397073187 1337 0 67 168 13 0 0 6 5 0 0 0 0 0 0 0 0 0 0
1397085223 1338 0 67 168 13 0 0 6 5 0 0 0 0 0 0 0 0 0 0
1397113993 1339 0 67 168 13 0 0 6 5 0 0 0 0 0 0 0 0 0 0
1397136187 1340 0 67 168 13 0 0 6 5 0 0 0 0 0 0 0 0 0 0
1397138873 1341 0 67 168 13 0 0 6 5 0 0 0 0 0 0 0 0 0 0
1397346006 1342 0 67 168 13 0 0 6 5 0 0 0 0 0 0 0 0 0 0
1397348447 1343 0 67 168 13 0 0 6 5 0 0 0 0 0 0 0 0 0 0
1397517206 1344 0 67 168 13 0 0 6 5 0 0 0 0 0 0 0 0 0 0
1397522201 1345 0 67 168 13 0 0 6 5 0 0 0 0 0 0 0 0 0 0
1397555208 1346 0 67 168 13 0 0 6 5 0 0 0 0 0 0 0 0 0 0
1397748244 1347 0 67 168 13 0 0 6 5 0 0 0 0 0 0 0 0 0 0
1397827411 1348 0 67 168 13 0 0 6 5 0 0 0 0 0 0 0 0 0 0
1398221906 1349 0 67 168 13 0 0 6 5 0 0 0 0 0 0 0 0 0 0
1398496351 1349 0 68 168 13 0 0 6 5 0 0 0 0 0 0 0 0 0 0
1398613604 1350 0 68 168 13 0 0 6 5 0 0 0 0 0 0 0 0 0 0
1398775765 1351 0 68 168 13 0 0 6 5 0 0 0 0 0 0 0 0 0 0
1398922611 1352 0 68 168 13 0 0 6 5 0 0 0 0 0 0 0 0 0 0
1398957763 1353 0 68 168 13 0 0 6 5 0 0 0 0 0 0 0 0 0 0
1398965151 1354 0 68 168 13 0 0 6 5 0 0 0 0 0 0 0 0 0 0
1398992714 1355 0 68 168 13 0 0 6 5 0 0 0 0 0 0 0 0 0 0
1399066769 1356 0 68 168 13 0 0 6 5 0 0 0 0 0 0 0 0 0 0
1399069706 1357 0 68 168 13 0 0 6 5 0 0 0 0 0 0 0 0 0 0
1399075818 1358 0 68 168 13 0 0 6 5 0 0 0 0 0 0 0 0 0 0
1399499241 1359 0 68 168 13 0 0 6 5 0 0 0 0 0 0 0 0 0 0
1399501073 1360 0 68 168 13 0 0 6 5 0 0 0 0 0 0 0 0 0 0
1399512286 1361 0 68 168 13 0 0 6 5 0 0 0 0 0 0 0 0 0 0
1399833910 1362 0 68 168 13 0 0 6 5 0 0 0 0 0 0 0 0 0 0
1399856091 1363 0 68 168 13 0 0 6 5 0 0 0 0 0 0 0 0 0 0
1399894604 1364 0 68 168 13 0 0 6 5 0 0 0 0 0 0 0 0 0 0
1399904658 1365 0 68 168 13 0 0 6 5 0 0 0 0 0 0 0 0 0 0
1399931312 1366 0 68 168 13 0 0 6 5 0 0 0 0 0 0 0 0 0 0
1399933551 1367 0 68 168 13 0 0 6 5 0 0 0 0 0 0 0 0 0 0
1399935507 1368 0 68 168 13 0 0 6 5 0 0 0 0 0 0 0 0 0 0
1399988053 1369 0 68 168 13 0 0 6 5 0 0 0 0 0 0 0 0 0 0
1400116481 1370 0 68 168 13 0 0 6 5 0 0 0 0 0 0 0 0 0 0
1400158952 1371 0 68 168 13 0 0 6 5 0 0 0 0 0 0 0 0 0 0
1400188836 1372 0 68 168 13 0 0 6 5 0 0 0 0 0 0 0 0 0 0
1400287468 1373 0 68 168 13 0 0 6 5 0 0 0 0 0 0 0 0 0 0
1400327030 1373 0 69 168 13 0 0 6 5 0 0 0 0 0 0 0 0 0 0
1400371491 1373 0 70 168 13 0 0 6 5 0 0 0 0 0 0 0 0 0 0
1400429060 1373 0 71 168 13 0 0 6 5 0 0 0 0 0 0 0 0 0 0
1400429080 1373 0 72 168 13 0 0 6 5 0 0 0 0 0 0 0 0 0 0
1400437342 1374 0 72 168 13 0 0 6 5 0 0 0 0 0 0 0 0 0 0
1400447694 1374 0 73 168 13 0 0 6 5 0 0 0 0 0 0 0 0 0 0
1400543989 1375 0 73 168 13 0 0 6 5 0 0 0 0 0 0 0 0 0 0
1400621070 1375 0 74 168 13 0 0 6 5 0 0 0 0 0 0 0 0 0 0
1400651538 1376 0 74 168 13 0 0 6 5 0 0 0 0 0 0 0 0 0 0
1400703277 1377 0 74 168 13 0 0 6 5 0 0 0 0 0 0 0 0 0 0
1400714096 1378 0 74 168 13 0 0 6 5 0 0 0 0 0 0 0 0 0 0
1400781044 1378 0 75 168 13 0 0 6 5 0 0 0 0 0 0 0 0 0 0
1400864843 1379 0 75 168 13 0 0 6 5 0 0 0 0 0 0 0 0 0 0
1400901723 1380 0 75 168 13 0 0 6 5 0 0 0 0 0 0 0 0 0 0
1401503964 1381 0 75 168 13 0 0 6 5 0 0 0 0 0 0 0 0 0 0
1402223570 1381 0 76 168 13 0 0 6 5 0 0 0 0 0 0 0 0 0 0
1402355537 1382 0 76 168 13 0 0 6 5 0 0 0 0 0 0 0 0 0 0
1402357253 1383 0 76 168 13 0 0 6 5 0 0 0 0 0 0 0 0 0 0
1402579826 1384 0 76 168 13 0 0 6 5 0 0 0 0 0 0 0 0 0 0
1402774539 1385 0 76 168 13 0 0 6 5 0 0 0 0 0 0 0 0 0 0
1403389352 1386 0 76 168 13 0 0 6 5 0 0 0 0 0 0 0 0 0 0
1404430387 1387 0 76 168 13 0 0 6 5 0 0 0 0 0 0 0 0 0 0
1405293136 1388 0 76 168 13 0 0 6 5 0 0 0 0 0 0 0 0 0 0
1407106026 1388 0 77 168 13 0 0 6 5 0 0 0 0 0 0 0 0 0 0
1407157751 1389 0 77 168 13 0 0 6 5 0 0 0 0 0 0 0 0 0 0
1407190540 1390 0 77 168 13 0 0 6 5 0 0 0 0 0 0 0 0 0 0
1407623999 1391 0 77 168 13 0 0 6 5 0 0 0 0 0 0 0 0 0 0
1407880040 1392 0 77 168 13 0 0 6 5 0 0 0 0 0 0 0 0 0 0
1408150642 1393 0 77 168 13 0 0 6 5 0 0 0 0 0 0 0 0 0 0
1408629616 1394 0 77 168 13 0 0 6 5 0 0 0 0 0 0 0 0 0 0
1408644274 1395 0 77 168 13 0 0 6 5 0 0 0 0 0 0 0 0 0 0
1409182081 1396 0 77 168 13 0 0 6 5 0 0 0 0 0 0 0 0 0 0
1409526295 1397 0 77 168 13 0 0 6 5 0 0 0 0 0 0 0 0 0 0
1409752525 1398 0 77 168 13 0 0 6 5 0 0 0 0 0 0 0 0 0 0
1410130424 1399 0 77 168 13 0 0 6 5 0 0 0 0 0 0 0 0 0 0
1410363599 1400 0 77 168 13 0 0 6 5 0 0 0 0 0 0 0 0 0 0
1410381459 1401 0 77 168 13 0 0 6 5 0 0 0 0 0 0 0 0 0 0
1411988753 1402 0 77 168 13 0 0 6 5 0 0 0 0 0 0 0 0 0 0
1411992956 1403 0 77 168 13 0 0 6 5 0 0 0 0 0 0 0 0 0 0
1412173893 1403 0 77 168 13 0 0 7 5 0 0 0 0 0 0 0 0 0 0
1412627068 1404 0 77 168 13 0 0 7 5 0 0 0 0 0 0 0 0 0 0
1412630257 1405 0 77 168 13 0 0 7 5 0 0 0 0 0 0 0 0 0 0
1412817225 1406 0 77 168 13 0 0 7 5 0 0 0 0 0 0 0 0 0 0
1412822488 1407 0 77 168 13 0 0 7 5 0 0 0 0 0 0 0 0 0 0
1413056326 1408 0 77 168 13 0 0 7 5 0 0 0 0 0 0 0 0 0 0
1413181040 1409 0 77 168 13 0 0 7 5 0 0 0 0 0 0 0 0 0 0
1413339801 1410 0 77 168 13 0 0 7 5 0 0 0 0 0 0 0 0 0 0
1413405938 1410 0 78 168 13 0 0 7 5 0 0 0 0 0 0 0 0 0 0
1413468718 1411 0 78 168 13 0 0 7 5 0 0 0 0 0 0 0 0 0 0
1413482728 1412 0 78 168 13 0 0 7 5 0 0 0 0 0 0 0 0 0 0
1413493718 1413 0 78 168 13 0 0 7 5 0 0 0 0 0 0 0 0 0 0
1413513604 1414 0 78 168 13 0 0 7 5 0 0 0 0 0 0 0 0 0 0
1415274698 1415 0 78 168 13 0 0 7 5 0 0 0 0 0 0 0 0 0 0
1415333066 1416 0 78 168 13 0 0 7 5 0 0 0 0 0 0 0 0 0 0
1415388830 1417 0 78 168 13 0 0 7 5 0 0 0 0 0 0 0 0 0 0
1415453546 1418 0 78 168 13 0 0 7 5 0 0 0 0 0 0 0 0 0 0
1415502668 1419 0 78 168 13 0 0 7 5 0 0 0 0 0 0 0 0 0 0
1416003319 1420 0 78 168 13 0 0 7 5 0 0 0 0 0 0 0 0 0 0
1416449685 1421 0 78 168 13 0 0 7 5 0 0 0 0 0 0 0 0 0 0
1416548339 1422 0 78 168 13 0 0 7 5 0 0 0 0 0 0 0 0 0 0
1416804617 1423 0 78 168 13 0 0 7 5 0 0 0 0 0 0 0 0 0 0
1417065541 1424 0 78 168 13 0 0 7 5 0 0 0 0 0 0 0 0 0 0
1417447786 1425 0 78 168 13 0 0 7 5 0 0 0 0 0 0 0 0 0 0
1417468293 1426 0 78 168 13 0 0 7 5 0 0 0 0 0 0 0 0 0 0
1418096022 1427 0 78 168 13 0 0 7 5 0 0 0 0 0 0 0 0 0 0
1418420280 1427 0 79 168 13 0 0 7 5 0 0 0 0 0 0 0 0 0 0
1418885357 1427 0 80 168 13 0 0 7 5 0 0 0 0 0 0 0 0 0 0
1418952215 1428 0 80 168 13 0 0 7 5 0 0 0 0 0 0 0 0 0 0
1419034946 1429 0 80 168 13 0 0 7 5 0 0 0 0 0 0 0 0 0 0
1419046998 1430 0 80 168 13 0 0 7 5 0 0 0 0 0 0 0 0 0 0
1419348008 1431 0 80 168 13 0 0 7 5 0 0 0 0 0 0 0 0 0 0
1419466537 1432 0 80 168 13 0 0 7 5 0 0 0 0 0 0 0 0 0 0
1419595965 1433 0 80 168 13 0 0 7 5 0 0 0 0 0 0 0 0 0 0
1419632112 1433 0 80 168 14 0 0 7 5 0 0 0 0 0 0 0 0 0 0
1420050576 1434 0 80 168 14 0 0 7 5 0 0 0 0 0 0 0 0 0 0
1420050639 1435 0 80 168 14 0 0 7 5 0 0 0 0 0 0 0 0 0 0
1420051981 1436 0 80 168 14 0 0 7 5 0 0 0 0 0 0 0 0 0 0
1420060066 1437 0 80 168 14 0 0 7 5 0 0 0 0 0 0 0 0 0 0
1420064458 1438 0 80 168 14 0 0 7 5 0 0 0 0 0 0 0 0 0 0
1420139766 1439 0 80 168 14 0 0 7 5 0 0 0 0 0 0 0 0 0 0
1420193105 1439 0 80 168 15 0 0 7 5 0 0 0 0 0 0 0 0 0 0
1420196285 1439 0 80 168 16 0 0 7 5 0 0 0 0 0 0 0 0 0 0
1420203528 1439 0 80 168 17 0 0 7 5 0 0 0 0 0 0 0 0 0 0
1420209558 1440 0 80 168 17 0 0 7 5 0 0 0 0 0 0 0 0 0 0
1420840839 1440 0 80 168 18 0 0 7 5 0 0 0 0 0 0 0 0 0 0
1422199628 1441 0 80 168 18 0 0 7 5 0 0 0 0 0 0 0 0 0 0
1422206659 1442 0 80 168 18 0 0 7 5 0 0 0 0 0 0 0 0 0 0
1422208068 1443 0 80 168 18 0 0 7 5 0 0 0 0 0 0 0 0 0 0
1422431406 1444 0 80 168 18 0 0 7 5 0 0 0 0 0 0 0 0 0 0
1422539893 1445 0 80 168 18 0 0 7 5 0 0 0 0 0 0 0 0 0 0
1422579409 1446 0 80 168 18 0 0 7 5 0 0 0 0 0 0 0 0 0 0
1422615103 1447 0 80 168 18 0 0 7 5 0 0 0 0 0 0 0 0 0 0
1422766954 1448 0 80 168 18 0 0 7 5 0 0 0 0 0 0 0 0 0 0
1422832935 1449 0 80 168 18 0 0 7 5 0 0 0 0 0 0 0 0 0 0
1423032364 1450 0 80 168 18 0 0 7 5 0 0 0 0 0 0 0 0 0 0
1423043075 1451 0 80 168 18 0 0 7 5 0 0 0 0 0 0 0 0 0 0
1423044367 1452 0 80 168 18 0 0 7 5 0 0 0 0 0 0 0 0 0 0
1423274334 1453 0 80 168 18 0 0 7 5 0 0 0 0 0 0 0 0 0 0
1423328747 1454 0 80 168 18 0 0 7 5 0 0 0 0 0 0 0 0 0 0
1423378141 1455 0 80 168 18 0 0 7 5 0 0 0 0 0 0 0 0 0 0
1423417836 1456 0 80 168 18 0 0 7 5 0 0 0 0 0 0 0 0 0 0
1423492276 1457 0 80 168 18 0 0 7 5 0 0 0 0 0 0 0 0 0 0
1423505311 1458 0 80 168 18 0 0 7 5 0 0 0 0 0 0 0 0 0 0
1423522040 1459 0 80 168 18 0 0 7 5 0 0 0 0 0 0 0 0 0 0
1423544117 1460 0 80 168 18 0 0 7 5 0 0 0 0 0 0 0 0 0 0
1423622232 1461 0 80 168 18 0 0 7 5 0 0 0 0 0 0 0 0 0 0
1423637669 1461 0 81 168 18 0 0 7 5 0 0 0 0 0 0 0 0 0 0
1423665165 1462 0 81 168 18 0 0 7 5 0 0 0 0 0 0 0 0 0 0
1423706543 1463 0 81 168 18 0 0 7 5 0 0 0 0 0 0 0 0 0 0
1423706625 1464 0 81 168 18 0 0 7 5 0 0 0 0 0 0 0 0 0 0
1423708067 1465 0 81 168 18 0 0 7 5 0 0 0 0 0 0 0 0 0 0
1423712231 1466 0 81 168 18 0 0 7 5 0 0 0 0 0 0 0 0 0 0
1423755174 1467 0 81 168 18 0 0 7 5 0 0 0 0 0 0 0 0 0 0
1424358599 1468 0 81 168 18 0 0 7 5 0 0 0 0 0 0 0 0 0 0
1424667212 1469 0 81 168 18 0 0 7 5 0 0 0 0 0 0 0 0 0 0
1424708724 1470 0 81 168 18 0 0 7 5 0 0 0 0 0 0 0 0 0 0
1424880180 1471 0 81 168 18 0 0 7 5 0 0 0 0 0 0 0 0 0 0
1424882103 1472 0 81 168 18 0 0 7 5 0 0 0 0 0 0 0 0 0 0
1424897740 1472 0 82 168 18 0 0 7 5 0 0 0 0 0 0 0 0 0 0
1424904797 1473 0 82 168 18 0 0 7 5 0 0 0 0 0 0 0 0 0 0
1424920171 1474 0 82 168 18 0 0 7 5 0 0 0 0 0 0 0 0 0 0
1425591683 1474 0 83 168 18 0 0 7 5 0 0 0 0 0 0 0 0 0 0
1425652481 1475 0 83 168 18 0 0 7 5 0 0 0 0 0 0 0 0 0 0
1425663189 1476 0 83 168 18 0 0 7 5 0 0 0 0 0 0 0 0 0 0
1427331627 1477 0 83 168 18 0 0 7 5 0 0 0 0 0 0 0 0 0 0
1427381569 1478 0 83 168 18 0 0 7 5 0 0 0 0 0 0 0 0 0 0
1427392327 1479 0 83 168 18 0 0 7 5 0 0 0 0 0 0 0 0 0 0
1427652292 1480 0 83 168 18 0 0 7 5 0 0 0 0 0 0 0 0 0 0
1428195596 1481 0 83 168 18 0 0 7 5 0 0 0 0 0 0 0 0 0 0
1428517215 1482 0 83 168 18 0 0 7 5 0 0 0 0 0 0 0 0 0 0
1428846484 1483 0 83 168 18 0 0 7 5 0 0 0 0 0 0 0 0 0 0
1428849610 1484 0 83 168 18 0 0 7 5 0 0 0 0 0 0 0 0 0 0
1429734548 1485 0 83 168 18 0 0 7 5 0 0 0 0 0 0 0 0 0 0
1431106334 1486 0 83 168 18 0 0 7 5 0 0 0 0 0 0 0 0 0 0
1431294097 1487 0 83 168 18 0 0 7 5 0 0 0 0 0 0 0 0 0 0
1431384002 1488 0 83 168 18 0 0 7 5 0 0 0 0 0 0 0 0 0 0
1431478567 1489 0 83 168 18 0 0 7 5 0 0 0 0 0 0 0 0 0 0
1432002831 1490 0 83 168 18 0 0 7 5 0 0 0 0 0 0 0 0 0 0
1432005688 1491 0 83 168 18 0 0 7 5 0 0 0 0 0 0 0 0 0 0
1432506056 1492 0 83 168 18 0 0 7 5 0 0 0 0 0 0 0 0 0 0
1432507310 1493 0 83 168 18 0 0 7 5 0 0 0 0 0 0 0 0 0 0
1432681736 1494 0 83 168 18 0 0 7 5 0 0 0 0 0 0 0 0 0 0
1432882618 1495 0 83 168 18 0 0 7 5 0 0 0 0 0 0 0 0 0 0
1434680269 1496 0 83 168 18 0 0 7 5 0 0 0 0 0 0 0 0 0 0
1434762361 1497 0 83 168 18 0 0 7 5 0 0 0 0 0 0 0 0 0 0
1435115656 1498 0 83 168 18 0 0 7 5 0 0 0 0 0 0 0 0 0 0
1435284549 1499 0 83 168 18 0 0 7 5 0 0 0 0 0 0 0 0 0 0
1435602428 1500 0 83 168 18 0 0 7 5 0 0 0 0 0 0 0 0 0 0
1435880601 1501 0 83 168 18 0 0 7 5 0 0 0 0 0 0 0 0 0 0
1435926531 1502 0 83 168 18 0 0 7 5 0 0 0 0 0 0 0 0 0 0
1437921705 1503 0 83 168 18 0 0 7 5 0 0 0 0 0 0 0 0 0 0
1437921836 1504 0 83 168 18 0 0 7 5 0 0 0 0 0 0 0 0 0 0
1437924243 1505 0 83 168 18 0 0 7 5 0 0 0 0 0 0 0 0 0 0
1437926464 1506 0 83 168 18 0 0 7 5 0 0 0 0 0 0 0 0 0 0
1438515621 1507 0 83 168 18 0 0 7 5 0 0 0 0 0 0 0 0 0 0
1438517799 1508 0 83 168 18 0 0 7 5 0 0 0 0 0 0 0 0 0 0
1438553513 1509 0 83 168 18 0 0 7 5 0 0 0 0 0 0 0 0 0 0
1438880131 1510 0 83 168 18 0 0 7 5 0 0 0 0 0 0 0 0 0 0
1438958622 1511 0 83 168 18 0 0 7 5 0 0 0 0 0 0 0 0 0 0
1439373525 1512 0 83 168 18 0 0 7 5 0 0 0 0 0 0 0 0 0 0
1439385871 1513 0 83 168 18 0 0 7 5 0 0 0 0 0 0 0 0 0 0
1440117671 1514 0 83 168 18 0 0 7 5 0 0 0 0 0 0 0 0 0 0
1440427617 1515 0 83 168 18 0 0 7 5 0 0 0 0 0 0 0 0 0 0
1440540411 1516 0 83 168 18 0 0 7 5 0 0 0 0 0 0 0 0 0 0
1441548654 1517 0 83 168 18 0 0 7 5 0 0 0 0 0 0 0 0 0 0
1441575029 1518 0 83 168 18 0 0 7 5 0 0 0 0 0 0 0 0 0 0
1441672008 1519 0 83 168 18 0 0 7 5 0 0 0 0 0 0 0 0 0 0
1441763967 1520 0 83 168 18 0 0 7 5 0 0 0 0 0 0 0 0 0 0
1441928052 1521 0 83 168 18 0 0 7 5 0 0 0 0 0 0 0 0 0 0
1441931829 1522 0 83 168 18 0 0 7 5 0 0 0 0 0 0 0 0 0 0
1441986536 1523 0 83 168 18 0 0 7 5 0 0 0 0 0 0 0 0 0 0
1441988908 1524 0 83 168 18 0 0 7 5 0 0 0 0 0 0 0 0 0 0
1441993736 1525 0 83 168 18 0 0 7 5 0 0 0 0 0 0 0 0 0 0
1442270393 1526 0 83 168 18 0 0 7 5 0 0 0 0 0 0 0 0 0 0
1442345223 1526 0 84 168 18 0 0 7 5 0 0 0 0 0 0 0 0 0 0
1442864398 1527 0 84 168 18 0 0 7 5 0 0 0 0 0 0 0 0 0 0
1443136707 1528 0 84 168 18 0 0 7 5 0 0 0 0 0 0 0 0 0 0
1443698034 1529 0 84 168 18 0 0 7 5 0 0 0 0 0 0 0 0 0 0
1443701279 1530 0 84 168 18 0 0 7 5 0 0 0 0 0 0 0 0 0 0
1444334338 1531 0 84 168 18 0 0 7 5 0 0 0 0 0 0 0 0 0 0
1444338168 1532 0 84 168 18 0 0 7 5 0 0 0 0 0 0 0 0 0 0
1445089451 1533 0 84 168 18 0 0 7 5 0 0 0 0 0 0 0 0 0 0
1445716281 1533 0 85 168 18 0 0 7 5 0 0 0 0 0 0 0 0 0 0
1446426871 1534 0 85 168 18 0 0 7 5 0 0 0 0 0 0 0 0 0 0
1446432649 1535 0 85 168 18 0 0 7 5 0 0 0 0 0 0 0 0 0 0
1446480918 1536 0 85 168 18 0 0 7 5 0 0 0 0 0 0 0 0 0 0
1446956397 1537 0 85 168 18 0 0 7 5 0 0 0 0 0 0 0 0 0 0
1446958169 1538 0 85 168 18 0 0 7 5 0 0 0 0 0 0 0 0 0 0
1447011084 1539 0 85 168 18 0 0 7 5 0 0 0 0 0 0 0 0 0 0
1447120146 1540 0 85 168 18 0 0 7 5 0 0 0 0 0 0 0 0 0 0
1447200325 1541 0 85 168 18 0 0 7 5 0 0 0 0 0 0 0 0 0 0
1447209688 1542 0 85 168 18 0 0 7 5 0 0 0 0 0 0 0 0 0 0
1447214658 1543 0 85 168 18 0 0 7 5 0 0 0 0 0 0 0 0 0 0
1447385476 1544 0 85 168 18 0 0 7 5 0 0 0 0 0 0 0 0 0 0
1447428319 1545 0 85 168 18 0 0 7 5 0 0 0 0 0 0 0 0 0 0
1453645126 1546 0 85 168 18 0 0 7 5 0 0 0 0 0 0 0 0 0 0
1456122911 1547 0 85 168 18 0 0 7 5 0 0 0 0 0 0 0 0 0 0
1456125613 1548 0 85 168 18 0 0 7 5 0 0 0 0 0 0 0 0 0 0
1456166455 1549 0 85 168 18 0 0 7 5 0 0 0 0 0 0 0 0 0 0
1456179114 1550 0 85 168 18 0 0 7 5 0 0 0 0 0 0 0 0 0 0
1456188692 1551 0 85 168 18 0 0 7 5 0 0 0 0 0 0 0 0 0 0
1456720233 1552 0 85 168 18 0 0 7 5 0 0 0 0 0 0 0 0 0 0
1456762386 1553 0 85 168 18 0 0 7 5 0 0 0 0 0 0 0 0 0 0
1456769146 1554 0 85 168 18 0 0 7 5 0 0 0 0 0 0 0 0 0 0
1456772520 1555 0 85 168 18 0 0 7 5 0 0 0 0 0 0 0 0 0 0
1456794532 1556 0 85 168 18 0 0 7 5 0 0 0 0 0 0 0 0 0 0
1456797450 1557 0 85 168 18 0 0 7 5 0 0 0 0 0 0 0 0 0 0
1456877922 1558 0 85 168 18 0 0 7 5 0 0 0 0 0 0 0 0 0 0
1457929543 1559 0 85 168 18 0 0 7 5 0 0 0 0 0 0 0 0 0 0
1459874962 1560 0 85 168 18 0 0 7 5 0 0 0 0 0 0 0 0 0 0
1459876197 1561 0 85 168 18 0 0 7 5 0 0 0 0 0 0 0 0 0 0
1459893825 1562 0 85 168 18 0 0 7 5 0 0 0 0 0 0 0 0 0 0
1462319903 1563 0 85 168 18 0 0 7 5 0 0 0 0 0 0 0 0 0 0
1462941442 1563 0 86 168 18 0 0 7 5 0 0 0 0 0 0 0 0 0 0
1464042435 1564 0 86 168 18 0 0 7 5 0 0 0 0 0 0 0 0 0 0
1464044829 1565 0 86 168 18 0 0 7 5 0 0 0 0 0 0 0 0 0 0
1464091760 1566 0 86 168 18 0 0 7 5 0 0 0 0 0 0 0 0 0 0
1464439531 1567 0 86 168 18 0 0 7 5 0 0 0 0 0 0 0 0 0 0
1464691722 1568 0 86 168 18 0 0 7 5 0 0 0 0 0 0 0 0 0 0
1464751730 1569 0 86 168 18 0 0 7 5 0 0 0 0 0 0 0 0 0 0
1464879109 1570 0 86 168 18 0 0 7 5 0 0 0 0 0 0 0 0 0 0
1464880039 1571 0 86 168 18 0 0 7 5 0 0 0 0 0 0 0 0 0 0
1464886427 1572 0 86 168 18 0 0 7 5 0 0 0 0 0 0 0 0 0 0
1464988030 1573 0 86 168 18 0 0 7 5 0 0 0 0 0 0 0 0 0 0
1465089522 1574 0 86 168 18 0 0 7 5 0 0 0 0 0 0 0 0 0 0
1465177149 1575 0 86 168 18 0 0 7 5 0 0 0 0 0 0 0 0 0 0
1465224252 1576 0 86 168 18 0 0 7 5 0 0 0 0 0 0 0 0 0 0
1465227715 1577 0 86 168 18 0 0 7 5 0 0 0 0 0 0 0 0 0 0
1465230799 1578 0 86 168 18 0 0 7 5 0 0 0 0 0 0 0 0 0 0
1465231226 1579 0 86 168 18 0 0 7 5 0 0 0 0 0 0 0 0 0 0
1465232201 1580 0 86 168 18 0 0 7 5 0 0 0 0 0 0 0 0 0 0
1465336040 1581 0 86 168 18 0 0 7 5 0 0 0 0 0 0 0 0 0 0
1465336394 1582 0 86 168 18 0 0 7 5 0 0 0 0 0 0 0 0 0 0
1465337916 1583 0 86 168 18 0 0 7 5 0 0 0 0 0 0 0 0 0 0
1465346074 1584 0 86 168 18 0 0 7 5 0 0 0 0 0 0 0 0 0 0
1466098705 1585 0 86 168 18 0 0 7 5 0 0 0 0 0 0 0 0 0 0
1466102950 1586 0 86 168 18 0 0 7 5 0 0 0 0 0 0 0 0 0 0
1466106304 1587 0 86 168 18 0 0 7 5 0 0 0 0 0 0 0 0 0 0
1466122906 1588 0 86 168 18 0 0 7 5 0 0 0 0 0 0 0 0 0 0
1466124035 1589 0 86 168 18 0 0 7 5 0 0 0 0 0 0 0 0 0 0
1466129633 1590 0 86 168 18 0 0 7 5 0 0 0 0 0 0 0 0 0 0
1466131010 1591 0 86 168 18 0 0 7 5 0 0 0 0 0 0 0 0 0 0
1466445700 1592 0 86 168 18 0 0 7 5 0 0 0 0 0 0 0 0 0 0
1466625087 1593 0 86 168 18 0 0 7 5 0 0 0 0 0 0 0 0 0 0
1466814498 1594 0 86 168 18 0 0 7 5 0 0 0 0 0 0 0 0 0 0
1466861489 1595 0 86 168 18 0 0 7 5 0 0 0 0 0 0 0 0 0 0
1466870777 1596 0 86 168 18 0 0 7 5 0 0 0 0 0 0 0 0 0 0
1466882950 1597 0 86 168 18 0 0 7 5 0 0 0 0 0 0 0 0 0 0
1467124626 1598 0 86 168 18 0 0 7 5 0 0 0 0 0 0 0 0 0 0
1467131035 1599 0 86 168 18 0 0 7 5 0 0 0 0 0 0 0 0 0 0
1467137933 1600 0 86 168 18 0 0 7 5 0 0 0 0 0 0 0 0 0 0
1467252812 1601 0 86 168 18 0 0 7 5 0 0 0 0 0 0 0 0 0 0
1467297476 1602 0 86 168 18 0 0 7 5 0 0 0 0 0 0 0 0 0 0
1467402095 1603 0 86 168 18 0 0 7 5 0 0 0 0 0 0 0 0 0 0
1467428279 1604 0 86 168 18 0 0 7 5 0 0 0 0 0 0 0 0 0 0
1467567464 1605 0 86 168 18 0 0 7 5 0 0 0 0 0 0 0 0 0 0
1467681663 1606 0 86 168 18 0 0 7 5 0 0 0 0 0 0 0 0 0 0
1467726519 1607 0 86 168 18 0 0 7 5 0 0 0 0 0 0 0 0 0 0
1467900486 1608 0 86 168 18 0 0 7 5 0 0 0 0 0 0 0 0 0 0
1467901705 1609 0 86 168 18 0 0 7 5 0 0 0 0 0 0 0 0 0 0
1467908087 1610 0 86 168 18 0 0 7 5 0 0 0 0 0 0 0 0 0 0
1467910544 1611 0 86 168 18 0 0 7 5 0 0 0 0 0 0 0 0 0 0
1467913745 1612 0 86 168 18 0 0 7 5 0 0 0 0 0 0 0 0 0 0
1467995496 1613 0 86 168 18 0 0 7 5 0 0 0 0 0 0 0 0 0 0
1468721949 1614 0 86 168 18 0 0 7 5 0 0 0 0 0 0 0 0 0 0
1468723923 1615 0 86 168 18 0 0 7 5 0 0 0 0 0 0 0 0 0 0
1468725528 1616 0 86 168 18 0 0 7 5 0 0 0 0 0 0 0 0 0 0
1468775383 1617 0 86 168 18 0 0 7 5 0 0 0 0 0 0 0 0 0 0
1468858941 1618 0 86 168 18 0 0 7 5 0 0 0 0 0 0 0 0 0 0
1468876041 1619 0 86 168 18 0 0 7 5 0 0 0 0 0 0 0 0 0 0
1468932792 1620 0 86 168 18 0 0 7 5 0 0 0 0 0 0 0 0 0 0
1469630325 1621 0 86 168 18 0 0 7 5 0 0 0 0 0 0 0 0 0 0
1469808287 1622 0 86 168 18 0 0 7 5 0 0 0 0 0 0 0 0 0 0
1469899441 1623 0 86 168 18 0 0 7 5 0 0 0 0 0 0 0 0 0 0
1470095126 1624 0 86 168 18 0 0 7 5 0 0 0 0 0 0 0 0 0 0
1470149020 1625 0 86 168 18 0 0 7 5 0 0 0 0 0 0 0 0 0 0
1470249414 1626 0 86 168 18 0 0 7 5 0 0 0 0 0 0 0 0 0 0
1470518748 1627 0 86 168 18 0 0 7 5 0 0 0 0 0 0 0 0 0 0
1470679107 1628 0 86 168 18 0 0 7 5 0 0 0 0 0 0 0 0 0 0
1470702821 1629 0 86 168 18 0 0 7 5 0 0 0 0 0 0 0 0 0 0
1470749015 1630 0 86 168 18 0 0 7 5 0 0 0 0 0 0 0 0 0 0
1470932670 1631 0 86 168 18 0 0 7 5 0 0 0 0 0 0 0 0 0 0
1470933920 1632 0 86 168 18 0 0 7 5 0 0 0 0 0 0 0 0 0 0
1470937317 1633 0 86 168 18 0 0 7 5 0 0 0 0 0 0 0 0 0 0
1470959987 1634 0 86 168 18 0 0 7 5 0 0 0 0 0 0 0 0 0 0
1471015545 1635 0 86 168 18 0 0 7 5 0 0 0 0 0 0 0 0 0 0
1471016596 1636 0 86 168 18 0 0 7 5 0 0 0 0 0 0 0 0 0 0
1471018580 1637 0 86 168 18 0 0 7 5 0 0 0 0 0 0 0 0 0 0
1471090665 1638 0 86 168 18 0 0 7 5 0 0 0 0 0 0 0 0 0 0
1471095387 1639 0 86 168 18 0 0 7 5 0 0 0 0 0 0 0 0 0 0
1471110059 1640 0 86 168 18 0 0 7 5 0 0 0 0 0 0 0 0 0 0
1471177718 1641 0 86 168 18 0 0 7 5 0 0 0 0 0 0 0 0 0 0
1471179110 1642 0 86 168 18 0 0 7 5 0 0 0 0 0 0 0 0 0 0
1471188862 1643 0 86 168 18 0 0 7 5 0 0 0 0 0 0 0 0 0 0
1471191450 1644 0 86 168 18 0 0 7 5 0 0 0 0 0 0 0 0 0 0
1471195758 1645 0 86 168 18 0 0 7 5 0 0 0 0 0 0 0 0 0 0
1471208127 1646 0 86 168 18 0 0 7 5 0 0 0 0 0 0 0 0 0 0
1471525539 1647 0 86 168 18 0 0 7 5 0 0 0 0 0 0 0 0 0 0
1471526813 1648 0 86 168 18 0 0 7 5 0 0 0 0 0 0 0 0 0 0
1471567460 1649 0 86 168 18 0 0 7 5 0 0 0 0 0 0 0 0 0 0
1471811309 1649 0 87 168 18 0 0 7 5 0 0 0 0 0 0 0 0 0 0
1471811322 1649 0 88 168 18 0 0 7 5 0 0 0 0 0 0 0 0 0 0
1472127856 1650 0 88 168 18 0 0 7 5 0 0 0 0 0 0 0 0 0 0
1472217834 1651 0 88 168 18 0 0 7 5 0 0 0 0 0 0 0 0 0 0
1472229042 1652 0 88 168 18 0 0 7 5 0 0 0 0 0 0 0 0 0 0
1472391643 1653 0 88 168 18 0 0 7 5 0 0 0 0 0 0 0 0 0 0
1472476119 1654 0 88 168 18 0 0 7 5 0 0 0 0 0 0 0 0 0 0
1472479585 1655 0 88 168 18 0 0 7 5 0 0 0 0 0 0 0 0 0 0
1472488340 1656 0 88 168 18 0 0 7 5 0 0 0 0 0 0 0 0 0 0
1472522478 1657 0 88 168 18 0 0 7 5 0 0 0 0 0 0 0 0 0 0
1472561092 1658 0 88 168 18 0 0 7 5 0 0 0 0 0 0 0 0 0 0
1472563558 1659 0 88 168 18 0 0 7 5 0 0 0 0 0 0 0 0 0 0
1472582291 1660 0 88 168 18 0 0 7 5 0 0 0 0 0 0 0 0 0 0
1472595689 1661 0 88 168 18 0 0 7 5 0 0 0 0 0 0 0 0 0 0
1472601506 1662 0 88 168 18 0 0 7 5 0 0 0 0 0 0 0 0 0 0
1472658057 1663 0 88 168 18 0 0 7 5 0 0 0 0 0 0 0 0 0 0
1472664111 1664 0 88 168 18 0 0 7 5 0 0 0 0 0 0 0 0 0 0
1472675020 1665 0 88 168 18 0 0 7 5 0 0 0 0 0 0 0 0 0 0
1472838331 1666 0 88 168 18 0 0 7 5 0 0 0 0 0 0 0 0 0 0
1472924613 1667 0 88 168 18 0 0 7 5 0 0 0 0 0 0 0 0 0 0
1472928366 1668 0 88 168 18 0 0 7 5 0 0 0 0 0 0 0 0 0 0
1472930073 1669 0 88 168 18 0 0 7 5 0 0 0 0 0 0 0 0 0 0
1473027707 1670 0 88 168 18 0 0 7 5 0 0 0 0 0 0 0 0 0 0
1473034671 1671 0 88 168 18 0 0 7 5 0 0 0 0 0 0 0 0 0 0
1473077505 1672 0 88 168 18 0 0 7 5 0 0 0 0 0 0 0 0 0 0
1473168437 1673 0 88 168 18 0 0 7 5 0 0 0 0 0 0 0 0 0 0
1473217443 1674 0 88 168 18 0 0 7 5 0 0 0 0 0 0 0 0 0 0
1473256446 1675 0 88 168 18 0 0 7 5 0 0 0 0 0 0 0 0 0 0
1473293674 1676 0 88 168 18 0 0 7 5 0 0 0 0 0 0 0 0 0 0
1473299263 1677 0 88 168 18 0 0 7 5 0 0 0 0 0 0 0 0 0 0
1473339869 1678 0 88 168 18 0 0 7 5 0 0 0 0 0 0 0 0 0 0
1473364908 1679 0 88 168 18 0 0 7 5 0 0 0 0 0 0 0 0 0 0
1473438430 1680 0 88 168 18 0 0 7 5 0 0 0 0 0 0 0 0 0 0
1473440387 1681 0 88 168 18 0 0 7 5 0 0 0 0 0 0 0 0 0 0
1473466783 1682 0 88 168 18 0 0 7 5 0 0 0 0 0 0 0 0 0 0
1473510957 1683 0 88 168 18 0 0 7 5 0 0 0 0 0 0 0 0 0 0
1473522122 1684 0 88 168 18 0 0 7 5 0 0 0 0 0 0 0 0 0 0
1473638243 1685 0 88 168 18 0 0 7 5 0 0 0 0 0 0 0 0 0 0
1473705786 1686 0 88 168 18 0 0 7 5 0 0 0 0 0 0 0 0 0 0
1473717932 1687 0 88 168 18 0 0 7 5 0 0 0 0 0 0 0 0 0 0
1473801225 1688 0 88 168 18 0 0 7 5 0 0 0 0 0 0 0 0 0 0
1473900004 1689 0 88 168 18 0 0 7 5 0 0 0 0 0 0 0 0 0 0
1473944519 1690 0 88 168 18 0 0 7 5 0 0 0 0 0 0 0 0 0 0
1473947532 1691 0 88 168 18 0 0 7 5 0 0 0 0 0 0 0 0 0 0
1473961189 1692 0 88 168 18 0 0 7 5 0 0 0 0 0 0 0 0 0 0
1473963898 1693 0 88 168 18 0 0 7 5 0 0 0 0 0 0 0 0 0 0
1474050531 1694 0 88 168 18 0 0 7 5 0 0 0 0 0 0 0 0 0 0
1474216807 1695 0 88 168 18 0 0 7 5 0 0 0 0 0 0 0 0 0 0
1474411544 1696 0 88 168 18 0 0 7 5 0 0 0 0 0 0 0 0 0 0
1474462373 1697 0 88 168 18 0 0 7 5 0 0 0 0 0 0 0 0 0 0
1474481979 1698 0 88 168 18 0 0 7 5 0 0 0 0 0 0 0 0 0 0
1474484323 1699 0 88 168 18 0 0 7 5 0 0 0 0 0 0 0 0 0 0
1474490181 1700 0 88 168 18 0 0 7 5 0 0 0 0 0 0 0 0 0 0
1474642359 1701 0 88 168 18 0 0 7 5 0 0 0 0 0 0 0 0 0 0
1474748482 1702 0 88 168 18 0 0 7 5 0 0 0 0 0 0 0 0 0 0
1474752785 1703 0 88 168 18 0 0 7 5 0 0 0 0 0 0 0 0 0 0
1474825267 1704 0 88 168 18 0 0 7 5 0 0 0 0 0 0 0 0 0 0
1474837108 1705 0 88 168 18 0 0 7 5 0 0 0 0 0 0 0 0 0 0
1474845679 1706 0 88 168 18 0 0 7 5 0 0 0 0 0 0 0 0 0 0
1475012311 1707 0 88 168 18 0 0 7 5 0 0 0 0 0 0 0 0 0 0
1475013887 1708 0 88 168 18 0 0 7 5 0 0 0 0 0 0 0 0 0 0
1475339391 1709 0 88 168 18 0 0 7 5 0 0 0 0 0 0 0 0 0 0
1475350457 1710 0 88 168 18 0 0 7 5 0 0 0 0 0 0 0 0 0 0
1475353853 1711 0 88 168 18 0 0 7 5 0 0 0 0 0 0 0 0 0 0
1475887328 1712 0 88 168 18 0 0 7 5 0 0 0 0 0 0 0 0 0 0
1475931201 1713 0 88 168 18 0 0 7 5 0 0 0 0 0 0 0 0 0 0
1476052915 1714 0 88 168 18 0 0 7 5 0 0 0 0 0 0 0 0 0 0
1476062258 1715 0 88 168 18 0 0 7 5 0 0 0 0 0 0 0 0 0 0
1476137041 1716 0 88 168 18 0 0 7 5 0 0 0 0 0 0 0 0 0 0
1476157960 1717 0 88 168 18 0 0 7 5 0 0 0 0 0 0 0 0 0 0
1476192069 1718 0 88 168 18 0 0 7 5 0 0 0 0 0 0 0 0 0 0
1476320007 1719 0 88 168 18 0 0 7 5 0 0 0 0 0 0 0 0 0 0
1476342003 1720 0 88 168 18 0 0 7 5 0 0 0 0 0 0 0 0 0 0
1476342351 1721 0 88 168 18 0 0 7 5 0 0 0 0 0 0 0 0 0 0
1476363182 1722 0 88 168 18 0 0 7 5 0 0 0 0 0 0 0 0 0 0
1476393167 1723 0 88 168 18 0 0 7 5 0 0 0 0 0 0 0 0 0 0
1476394300 1724 0 88 168 18 0 0 7 5 0 0 0 0 0 0 0 0 0 0
1476570238 1725 0 88 168 18 0 0 7 5 0 0 0 0 0 0 0 0 0 0
1478033445 1726 0 88 168 18 0 0 7 5 0 0 0 0 0 0 0 0 0 0
1478472129 1727 0 88 168 18 0 0 7 5 0 0 0 0 0 0 0 0 0 0
1478526917 1728 0 88 168 18 0 0 7 5 0 0 0 0 0 0 0 0 0 0
1479079440 1729 0 88 168 18 0 0 7 5 0 0 0 0 0 0 0 0 0 0
1483237626 1730 0 88 168 18 0 0 7 5 0 0 0 0 0 0 0 0 0 0
1483302151 1731 0 88 168 18 0 0 7 5 0 0 0 0 0 0 0 0 0 0
1483308449 1732 0 88 168 18 0 0 7 5 0 0 0 0 0 0 0 0 0 0
1483981164 1733 0 88 168 18 0 0 7 5 0 0 0 0 0 0 0 0 0 0
1484195657 1734 0 88 168 18 0 0 7 5 0 0 0 0 0 0 0 0 0 0
1484197106 1735 0 88 168 18 0 0 7 5 0 0 0 0 0 0 0 0 0 0
1485101673 1736 0 88 168 18 0 0 7 5 0 0 0 0 0 0 0 0 0 0
1485103507 1737 0 88 168 18 0 0 7 5 0 0 0 0 0 0 0 0 0 0
1485226380 1738 0 88 168 18 0 0 7 5 0 0 0 0 0 0 0 0 0 0
1485286171 1739 0 88 168 18 0 0 7 5 0 0 0 0 0 0 0 0 0 0
1485297206 1739 0 89 168 18 0 0 7 5 0 0 0 0 0 0 0 0 0 0
1485364539 1740 0 89 168 18 0 0 7 5 0 0 0 0 0 0 0 0 0 0
1485399629 1741 0 89 168 18 0 0 7 5 0 0 0 0 0 0 0 0 0 0
1485403765 1742 0 89 168 18 0 0 7 5 0 0 0 0 0 0 0 0 0 0
1485525925 1743 0 89 168 18 0 0 7 5 0 0 0 0 0 0 0 0 0 0
1485528535 1744 0 89 168 18 0 0 7 5 0 0 0 0 0 0 0 0 0 0
1485530501 1745 0 89 168 18 0 0 7 5 0 0 0 0 0 0 0 0 0 0
1485795809 1746 0 89 168 18 0 0 7 5 0 0 0 0 0 0 0 0 0 0
1485889130 1747 0 89 168 18 0 0 7 5 0 0 0 0 0 0 0 0 0 0
1486052534 1748 0 89 168 18 0 0 7 5 0 0 0 0 0 0 0 0 0 0
1486063911 1749 0 89 168 18 0 0 7 5 0 0 0 0 0 0 0 0 0 0
1486247544 1750 0 89 168 18 0 0 7 5 0 0 0 0 0 0 0 0 0 0
1486341809 1751 0 89 168 18 0 0 7 5 0 0 0 0 0 0 0 0 0 0
1486404172 1752 0 89 168 18 0 0 7 5 0 0 0 0 0 0 0 0 0 0
1486423985 1753 0 89 168 18 0 0 7 5 0 0 0 0 0 0 0 0 0 0
1486426269 1754 0 89 168 18 0 0 7 5 0 0 0 0 0 0 0 0 0 0
1486489813 1755 0 89 168 18 0 0 7 5 0 0 0 0 0 0 0 0 0 0
1486584820 1756 0 89 168 18 0 0 7 5 0 0 0 0 0 0 0 0 0 0
1486791452 1757 0 89 168 18 0 0 7 5 0 0 0 0 0 0 0 0 0 0
1486927949 1758 0 89 168 18 0 0 7 5 0 0 0 0 0 0 0 0 0 0
1486942846 1759 0 89 168 18 0 0 7 5 0 0 0 0 0 0 0 0 0 0
1487020377 1760 0 89 168 18 0 0 7 5 0 0 0 0 0 0 0 0 0 0
1487026616 1761 0 89 168 18 0 0 7 5 0 0 0 0 0 0 0 0 0 0
1487068526 1762 0 89 168 18 0 0 7 5 0 0 0 0 0 0 0 0 0 0
1487070941 1763 0 89 168 18 0 0 7 5 0 0 0 0 0 0 0 0 0 0
1487072688 1764 0 89 168 18 0 0 7 5 0 0 0 0 0 0 0 0 0 0
1487186215 1765 0 89 168 18 0 0 7 5 0 0 0 0 0 0 0 0 0 0
1487196205 1766 0 89 168 18 0 0 7 5 0 0 0 0 0 0 0 0 0 0
1487268327 1767 0 89 168 18 0 0 7 5 0 0 0 0 0 0 0 0 0 0
1487384099 1768 0 89 168 18 0 0 7 5 0 0 0 0 0 0 0 0 0 0
1487390851 1769 0 89 168 18 0 0 7 5 0 0 0 0 0 0 0 0 0 0
1487440040 1770 0 89 168 18 0 0 7 5 0 0 0 0 0 0 0 0 0 0
1487610314 1771 0 89 168 18 0 0 7 5 0 0 0 0 0 0 0 0 0 0
1487614056 1772 0 89 168 18 0 0 7 5 0 0 0 0 0 0 0 0 0 0
1487615110 1773 0 89 168 18 0 0 7 5 0 0 0 0 0 0 0 0 0 0
1487615212 1774 0 89 168 18 0 0 7 5 0 0 0 0 0 0 0 0 0 0
1487616223 1775 0 89 168 18 0 0 7 5 0 0 0 0 0 0 0 0 0 0
1487696892 1776 0 89 168 18 0 0 7 5 0 0 0 0 0 0 0 0 0 0
1487729923 1777 0 89 168 18 0 0 7 5 0 0 0 0 0 0 0 0 0 0
1487784520 1778 0 89 168 18 0 0 7 5 0 0 0 0 0 0 0 0 0 0
1487796980 1779 0 89 168 18 0 0 7 5 0 0 0 0 0 0 0 0 0 0
1487823281 1780 0 89 168 18 0 0 7 5 0 0 0 0 0 0 0 0 0 0
1487858352 1781 0 89 168 18 0 0 7 5 0 0 0 0 0 0 0 0 0 0
1488122595 1782 0 89 168 18 0 0 7 5 0 0 0 0 0 0 0 0 0 0
1488167363 1783 0 89 168 18 0 0 7 5 0 0 0 0 0 0 0 0 0 0
1488231739 1784 0 89 168 18 0 0 7 5 0 0 0 0 0 0 0 0 0 0
1488330098 1785 0 89 168 18 0 0 7 5 0 0 0 0 0 0 0 0 0 0
1488340527 1786 0 89 168 18 0 0 7 5 0 0 0 0 0 0 0 0 0 0
1488349490 1787 0 89 168 18 0 0 7 5 0 0 0 0 0 0 0 0 0 0
1488583119 1788 0 89 168 18 0 0 7 5 0 0 0 0 0 0 0 0 0 0
1488674818 1789 0 89 168 18 0 0 7 5 0 0 0 0 0 0 0 0 0 0
1488739050 1790 0 89 168 18 0 0 7 5 0 0 0 0 0 0 0 0 0 0
1488811139 1791 0 89 168 18 0 0 7 5 0 0 0 0 0 0 0 0 0 0
1488814039 1792 0 89 168 18 0 0 7 5 0 0 0 0 0 0 0 0 0 0
1488815099 1793 0 89 168 18 0 0 7 5 0 0 0 0 0 0 0 0 0 0
1488906896 1794 0 89 168 18 0 0 7 5 0 0 0 0 0 0 0 0 0 0
1488993633 1795 0 89 168 18 0 0 7 5 0 0 0 0 0 0 0 0 0 0
1489020051 1796 0 89 168 18 0 0 7 5 0 0 0 0 0 0 0 0 0 0
1489155967 1797 0 89 168 18 0 0 7 5 0 0 0 0 0 0 0 0 0 0
1489178536 1798 0 89 168 18 0 0 7 5 0 0 0 0 0 0 0 0 0 0
1489370546 1799 0 89 168 18 0 0 7 5 0 0 0 0 0 0 0 0 0 0
1489446200 1800 0 89 168 18 0 0 7 5 0 0 0 0 0 0 0 0 0 0
1489803214 1801 0 89 168 18 0 0 7 5 0 0 0 0 0 0 0 0 0 0
1489805284 1802 0 89 168 18 0 0 7 5 0 0 0 0 0 0 0 0 0 0
1489805557 1803 0 89 168 18 0 0 7 5 0 0 0 0 0 0 0 0 0 0
1490024103 1804 0 89 168 18 0 0 7 5 0 0 0 0 0 0 0 0 0 0
1490222100 1805 0 89 168 18 0 0 7 5 0 0 0 0 0 0 0 0 0 0
1490275524 1806 0 89 168 18 0 0 7 5 0 0 0 0 0 0 0 0 0 0
1490287766 1807 0 89 168 18 0 0 7 5 0 0 0 0 0 0 0 0 0 0
1490358491 1808 0 89 168 18 0 0 7 5 0 0 0 0 0 0 0 0 0 0
1490371828 1809 0 89 168 18 0 0 7 5 0 0 0 0 0 0 0 0 0 0
1490483918 1810 0 89 168 18 0 0 7 5 0 0 0 0 0 0 0 0 0 0
1490491614 1811 0 89 168 18 0 0 7 5 0 0 0 0 0 0 0 0 0 0
1490579200 1812 0 89 168 18 0 0 7 5 0 0 0 0 0 0 0 0 0 0
1490660772 1813 0 89 168 18 0 0 7 5 0 0 0 0 0 0 0 0 0 0
1490719567 1814 0 89 168 18 0 0 7 5 0 0 0 0 0 0 0 0 0 0
1490734853 1815 0 89 168 18 0 0 7 5 0 0 0 0 0 0 0 0 0 0
1490819221 1816 0 89 168 18 0 0 7 5 0 0 0 0 0 0 0 0 0 0
1490995874 1817 0 89 168 18 0 0 7 5 0 0 0 0 0 0 0 0 0 0
1491018820 1818 0 89 168 18 0 0 7 5 0 0 0 0 0 0 0 0 0 0
1491061790 1819 0 89 168 18 0 0 7 5 0 0 0 0 0 0 0 0 0 0
1491160136 1820 0 89 168 18 0 0 7 5 0 0 0 0 0 0 0 0 0 0
1491162628 1821 0 89 168 18 0 0 7 5 0 0 0 0 0 0 0 0 0 0
1491162745 1822 0 89 168 18 0 0 7 5 0 0 0 0 0 0 0 0 0 0
1491164312 1823 0 89 168 18 0 0 7 5 0 0 0 0 0 0 0 0 0 0
1491168937 1824 0 89 168 18 0 0 7 5 0 0 0 0 0 0 0 0 0 0
1491258218 1825 0 89 168 18 0 0 7 5 0 0 0 0 0 0 0 0 0 0
1491617062 1826 0 89 168 18 0 0 7 5 0 0 0 0 0 0 0 0 0 0
1491669222 1827 0 89 168 18 0 0 7 5 0 0 0 0 0 0 0 0 0 0
1491755215 1828 0 89 168 18 0 0 7 5 0 0 0 0 0 0 0 0 0 0
1491958928 1829 0 89 168 18 0 0 7 5 0 0 0 0 0 0 0 0 0 0
1491961493 1830 0 89 168 18 0 0 7 5 0 0 0 0 0 0 0 0 0 0
1492005898 1831 0 89 168 18 0 0 7 5 0 0 0 0 0 0 0 0 0 0
1492131947 1832 0 89 168 18 0 0 7 5 0 0 0 0 0 0 0 0 0 0
1492134927 1833 0 89 168 18 0 0 7 5 0 0 0 0 0 0 0 0 0 0
1492176767 1834 0 89 168 18 0 0 7 5 0 0 0 0 0 0 0 0 0 0
1492219759 1835 0 89 168 18 0 0 7 5 0 0 0 0 0 0 0 0 0 0
1492535649 1836 0 89 168 18 0 0 7 5 0 0 0 0 0 0 0 0 0 0
1492887193 1837 0 89 168 18 0 0 7 5 0 0 0 0 0 0 0 0 0 0
1492890144 1838 0 89 168 18 0 0 7 5 0 0 0 0 0 0 0 0 0 0
1492890428 1839 0 89 168 18 0 0 7 5 0 0 0 0 0 0 0 0 0 0
1493227073 1840 0 89 168 18 0 0 7 5 0 0 0 0 0 0 0 0 0 0
1493228525 1841 0 89 168 18 0 0 7 5 0 0 0 0 0 0 0 0 0 0
1494603833 1842 0 89 168 18 0 0 7 5 0 0 0 0 0 0 0 0 0 0
1494686149 1843 0 89 168 18 0 0 7 5 0 0 0 0 0 0 0 0 0 0
1494688060 1844 0 89 168 18 0 0 7 5 0 0 0 0 0 0 0 0 0 0
1494779938 1845 0 89 168 18 0 0 7 5 0 0 0 0 0 0 0 0 0 0
1494781017 1846 0 89 168 18 0 0 7 5 0 0 0 0 0 0 0 0 0 0
1494872108 1847 0 89 168 18 0 0 7 5 0 0 0 0 0 0 0 0 0 0
1494873193 1848 0 89 168 18 0 0 7 5 0 0 0 0 0 0 0 0 0 0
1494873357 1849 0 89 168 18 0 0 7 5 0 0 0 0 0 0 0 0 0 0
1494875463 1850 0 89 168 18 0 0 7 5 0 0 0 0 0 0 0 0 0 0
1495472714 1851 0 89 168 18 0 0 7 5 0 0 0 0 0 0 0 0 0 0
1495551714 1852 0 89 168 18 0 0 7 5 0 0 0 0 0 0 0 0 0 0
1495554841 1853 0 89 168 18 0 0 7 5 0 0 0 0 0 0 0 0 0 0
1495987672 1854 0 89 168 18 0 0 7 5 0 0 0 0 0 0 0 0 0 0
1495999222 1855 0 89 168 18 0 0 7 5 0 0 0 0 0 0 0 0 0 0
1495999811 1856 0 89 168 18 0 0 7 5 0 0 0 0 0 0 0 0 0 0
1496000838 1857 0 89 168 18 0 0 7 5 0 0 0 0 0 0 0 0 0 0
1496002017 1858 0 89 168 18 0 0 7 5 0 0 0 0 0 0 0 0 0 0
1496079851 1859 0 89 168 18 0 0 7 5 0 0 0 0 0 0 0 0 0 0
1496081479 1860 0 89 168 18 0 0 7 5 0 0 0 0 0 0 0 0 0 0
1496147479 1861 0 89 168 18 0 0 7 5 0 0 0 0 0 0 0 0 0 0
1496150762 1862 0 89 168 18 0 0 7 5 0 0 0 0 0 0 0 0 0 0
1496152070 1863 0 89 168 18 0 0 7 5 0 0 0 0 0 0 0 0 0 0
1496154578 1864 0 89 168 18 0 0 7 5 0 0 0 0 0 0 0 0 0 0
1496240269 1865 0 89 168 18 0 0 7 5 0 0 0 0 0 0 0 0 0 0
1496409407 1866 0 89 168 18 0 0 7 5 0 0 0 0 0 0 0 0 0 0
1496682450 1867 0 89 168 18 0 0 7 5 0 0 0 0 0 0 0 0 0 0
1496683638 1868 0 89 168 18 0 0 7 5 0 0 0 0 0 0 0 0 0 0
1497027859 1869 0 89 168 18 0 0 7 5 0 0 0 0 0 0 0 0 0 0
1497114725 1870 0 89 168 18 0 0 7 5 0 0 0 0 0 0 0 0 0 0
1498770682 1870 0 90 168 18 0 0 7 5 0 0 0 0 0 0 0 0 0 0
1498831726 1871 0 90 168 18 0 0 7 5 0 0 0 0 0 0 0 0 0 0
1498833887 1872 0 90 168 18 0 0 7 5 0 0 0 0 0 0 0 0 0 0
1498836001 1873 0 90 168 18 0 0 7 5 0 0 0 0 0 0 0 0 0 0
1498838438 1874 0 90 168 18 0 0 7 5 0 0 0 0 0 0 0 0 0 0
1498977406 1874 0 91 168 18 0 0 7 5 0 0 0 0 0 0 0 0 0 0
1499444902 1875 0 91 168 18 0 0 7 5 0 0 0 0 0 0 0 0 0 0
1499461955 1875 0 92 168 18 0 0 7 5 0 0 0 0 0 0 0 0 0 0
1499701064 1876 0 92 168 18 0 0 7 5 0 0 0 0 0 0 0 0 0 0
1500564425 1877 0 92 168 18 0 0 7 5 0 0 0 0 0 0 0 0 0 0
1500572190 1878 0 92 168 18 0 0 7 5 0 0 0 0 0 0 0 0 0 0
1501959854 1879 0 92 168 18 0 0 7 5 0 0 0 0 0 0 0 0 0 0
1502128858 1880 0 92 168 18 0 0 7 5 0 0 0 0 0 0 0 0 0 0
1505653060 1880 0 93 168 18 0 0 7 5 0 0 0 0 0 0 0 0 0 0
1506801035 1880 0 94 168 18 0 0 7 5 0 0 0 0 0 0 0 0 0 0
1508963827 1880 0 95 168 18 0 0 7 5 0 0 0 0 0 0 0 0 0 0
1511449268 1881 0 95 168 18 0 0 7 5 0 0 0 0 0 0 0 0 0 0
1511456236 1882 0 95 168 18 0 0 7 5 0 0 0 0 0 0 0 0 0 0
1514313810 1883 0 95 168 18 0 0 7 5 0 0 0 0 0 0 0 0 0 0
1515449839 1883 0 96 168 18 0 0 7 5 0 0 0 0 0 0 0 0 0 0
1515449850 1883 0 97 168 18 0 0 7 5 0 0 0 0 0 0 0 0 0 0
1515449860 1883 0 98 168 18 0 0 7 5 0 0 0 0 0 0 0 0 0 0
1515522560 1884 0 98 168 18 0 0 7 5 0 0 0 0 0 0 0 0 0 0
1515679290 1885 0 98 168 18 0 0 7 5 0 0 0 0 0 0 0 0 0 0
1515680643 1886 0 98 168 18 0 0 7 5 0 0 0 0 0 0 0 0 0 0
1515682946 1887 0 98 168 18 0 0 7 5 0 0 0 0 0 0 0 0 0 0
1515688665 1888 0 98 168 18 0 0 7 5 0 0 0 0 0 0 0 0 0 0
1516031205 1889 0 98 168 18 0 0 7 5 0 0 0 0 0 0 0 0 0 0
1516039738 1890 0 98 168 18 0 0 7 5 0 0 0 0 0 0 0 0 0 0
1516642434 1891 0 98 168 18 0 0 7 5 0 0 0 0 0 0 0 0 0 0
1517582207 1892 0 98 168 18 0 0 7 5 0 0 0 0 0 0 0 0 0 0
1517583846 1893 0 98 168 18 0 0 7 5 0 0 0 0 0 0 0 0 0 0
1517586634 1894 0 98 168 18 0 0 7 5 0 0 0 0 0 0 0 0 0 0
1517844453 1895 0 98 168 18 0 0 7 5 0 0 0 0 0 0 0 0 0 0
1517850049 1896 0 98 168 18 0 0 7 5 0 0 0 0 0 0 0 0 0 0
1518201119 1897 0 98 168 18 0 0 7 5 0 0 0 0 0 0 0 0 0 0
1518284964 1898 0 98 168 18 0 0 7 5 0 0 0 0 0 0 0 0 0 0
1518288079 1899 0 98 168 18 0 0 7 5 0 0 0 0 0 0 0 0 0 0
1518290680 1900 0 98 168 18 0 0 7 5 0 0 0 0 0 0 0 0 0 0
1518446952 1901 0 98 168 18 0 0 7 5 0 0 0 0 0 0 0 0 0 0
1518450073 1902 0 98 168 18 0 0 7 5 0 0 0 0 0 0 0 0 0 0
1518453680 1903 0 98 168 18 0 0 7 5 0 0 0 0 0 0 0 0 0 0
1518879011 1904 0 98 168 18 0 0 7 5 0 0 0 0 0 0 0 0 0 0
1518883105 1905 0 98 168 18 0 0 7 5 0 0 0 0 0 0 0 0 0 0
1519148337 1906 0 98 168 18 0 0 7 5 0 0 0 0 0 0 0 0 0 0
1519151558 1907 0 98 168 18 0 0 7 5 0 0 0 0 0 0 0 0 0 0
1519154752 1908 0 98 168 18 0 0 7 5 0 0 0 0 0 0 0 0 0 0
1519239137 1909 0 98 168 18 0 0 7 5 0 0 0 0 0 0 0 0 0 0
1519242665 1910 0 98 168 18 0 0 7 5 0 0 0 0 0 0 0 0 0 0
1519243928 1911 0 98 168 18 0 0 7 5 0 0 0 0 0 0 0 0 0 0
1519245906 1912 0 98 168 18 0 0 7 5 0 0 0 0 0 0 0 0 0 0
1519247782 1913 0 98 168 18 0 0 7 5 0 0 0 0 0 0 0 0 0 0
1519495088 1914 0 98 168 18 0 0 7 5 0 0 0 0 0 0 0 0 0 0
1519496856 1915 0 98 168 18 0 0 7 5 0 0 0 0 0 0 0 0 0 0
1519498513 1916 0 98 168 18 0 0 7 5 0 0 0 0 0 0 0 0 0 0
1519566488 1917 0 98 168 18 0 0 7 5 0 0 0 0 0 0 0 0 0 0
1519568360 1918 0 98 168 18 0 0 7 5 0 0 0 0 0 0 0 0 0 0
1519577773 1919 0 98 168 18 0 0 7 5 0 0 0 0 0 0 0 0 0 0
1519579906 1920 0 98 168 18 0 0 7 5 0 0 0 0 0 0 0 0 0 0
1519639983 1921 0 98 168 18 0 0 7 5 0 0 0 0 0 0 0 0 0 0
1519646952 1922 0 98 168 18 0 0 7 5 0 0 0 0 0 0 0 0 0 0
1519654070 1923 0 98 168 18 0 0 7 5 0 0 0 0 0 0 0 0 0 0
1519657857 1924 0 98 168 18 0 0 7 5 0 0 0 0 0 0 0 0 0 0
1519758317 1925 0 98 168 18 0 0 7 5 0 0 0 0 0 0 0 0 0 0
1520244868 1926 0 98 168 18 0 0 7 5 0 0 0 0 0 0 0 0 0 0
1520266856 1927 0 98 168 18 0 0 7 5 0 0 0 0 0 0 0 0 0 0
1520594865 1928 0 98 168 18 0 0 7 5 0 0 0 0 0 0 0 0 0 0
1520601349 1929 0 98 168 18 0 0 7 5 0 0 0 0 0 0 0 0 0 0
1520777876 1930 0 98 168 18 0 0 7 5 0 0 0 0 0 0 0 0 0 0
1520779660 1931 0 98 168 18 0 0 7 5 0 0 0 0 0 0 0 0 0 0
1520781528 1932 0 98 168 18 0 0 7 5 0 0 0 0 0 0 0 0 0 0
1520865023 1933 0 98 168 18 0 0 7 5 0 0 0 0 0 0 0 0 0 0
1521031908 1934 0 98 168 18 0 0 7 5 0 0 0 0 0 0 0 0 0 0
1521216207 1935 0 98 168 18 0 0 7 5 0 0 0 0 0 0 0 0 0 0
1521393137 1936 0 98 168 18 0 0 7 5 0 0 0 0 0 0 0 0 0 0
1521396169 1936 0 99 168 18 0 0 7 5 0 0 0 0 0 0 0 0 0 0
1521461472 1937 0 99 168 18 0 0 7 5 0 0 0 0 0 0 0 0 0 0
1521571616 1938 0 99 168 18 0 0 7 5 0 0 0 0 0 0 0 0 0 0
1521573230 1939 0 99 168 18 0 0 7 5 0 0 0 0 0 0 0 0 0 0
1521824356 1940 0 99 168 18 0 0 7 5 0 0 0 0 0 0 0 0 0 0
1521826258 1941 0 99 168 18 0 0 7 5 0 0 0 0 0 0 0 0 0 0
1521898735 1942 0 99 168 18 0 0 7 5 0 0 0 0 0 0 0 0 0 0
1521900759 1943 0 99 168 18 0 0 7 5 0 0 0 0 0 0 0 0 0 0
1521956073 1943 1 99 168 18 0 0 7 5 0 0 0 0 0 0 0 0 0 0
1521985684 1944 1 99 168 18 0 0 7 5 0 0 0 0 0 0 0 0 0 0
1521989058 1945 1 99 168 18 0 0 7 5 0 0 0 0 0 0 0 0 0 0
1521991582 1945 1 100 168 18 0 0 7 5 0 0 0 0 0 0 0 0 0 0
1522057194 1946 1 100 168 18 0 0 7 5 0 0 0 0 0 0 0 0 0 0
1522063396 1946 2 100 168 18 0 0 7 5 0 0 0 0 0 0 0 0 0 0
1522132580 1946 3 100 168 18 0 0 7 5 0 0 0 0 0 0 0 0 0 0
1522324356 1947 3 100 168 18 0 0 7 5 0 0 0 0 0 0 0 0 0 0
1522328148 1947 4 100 168 18 0 0 7 5 0 0 0 0 0 0 0 0 0 0
1522328487 1947 5 100 168 18 0 0 7 5 0 0 0 0 0 0 0 0 0 0
1522340883 1948 5 100 168 18 0 0 7 5 0 0 0 0 0 0 0 0 0 0
1522760890 1949 5 100 168 18 0 0 7 5 0 0 0 0 0 0 0 0 0 0
1522762669 1950 5 100 168 18 0 0 7 5 0 0 0 0 0 0 0 0 0 0
1522764781 1951 5 100 168 18 0 0 7 5 0 0 0 0 0 0 0 0 0 0
1522767428 1952 5 100 168 18 0 0 7 5 0 0 0 0 0 0 0 0 0 0
1522771790 1953 5 100 168 18 0 0 7 5 0 0 0 0 0 0 0 0 0 0
1522803371 1953 6 100 168 18 0 0 7 5 0 0 0 0 0 0 0 0 0 0
1522850669 1954 6 100 168 18 0 0 7 5 0 0 0 0 0 0 0 0 0 0
1522853059 1955 6 100 168 18 0 0 7 5 0 0 0 0 0 0 0 0 0 0
1522855687 1956 6 100 168 18 0 0 7 5 0 0 0 0 0 0 0 0 0 0
1522954913 1957 6 100 168 18 0 0 7 5 0 0 0 0 0 0 0 0 0 0
1523561756 1957 6 101 168 18 0 0 7 5 0 0 0 0 0 0 0 0 0 0
1524081821 1958 6 101 168 18 0 0 7 5 0 0 0 0 0 0 0 0 0 0
1524533262 1958 7 101 168 18 0 0 7 5 0 0 0 0 0 0 0 0 0 0
1524559105 1958 8 101 168 18 0 0 7 5 0 0 0 0 0 0 0 0 0 0
1524559927 1958 9 101 168 18 0 0 7 5 0 0 0 0 0 0 0 0 0 0
1524619090 1958 10 101 168 18 0 0 7 5 0 0 0 0 0 0 0 0 0 0
1524619230 1958 11 101 168 18 0 0 7 5 0 0 0 0 0 0 0 0 0 0
1524620278 1958 12 101 168 18 0 0 7 5 0 0 0 0 0 0 0 0 0 0
1524620571 1958 13 101 168 18 0 0 7 5 0 0 0 0 0 0 0 0 0 0
1524622544 1958 14 101 168 18 0 0 7 5 0 0 0 0 0 0 0 0 0 0
1524623209 1958 15 101 168 18 0 0 7 5 0 0 0 0 0 0 0 0 0 0
1524759783 1959 15 101 168 18 0 0 7 5 0 0 0 0 0 0 0 0 0 0
1524763346 1960 15 101 168 18 0 0 7 5 0 0 0 0 0 0 0 0 0 0
1524854233 1961 15 101 168 18 0 0 7 5 0 0 0 0 0 0 0 0 0 0
1525456433 1962 15 101 168 18 0 0 7 5 0 0 0 0 0 0 0 0 0 0
1525687485 1963 15 101 168 18 0 0 7 5 0 0 0 0 0 0 0 0 0 0
1525687642 1964 15 101 168 18 0 0 7 5 0 0 0 0 0 0 0 0 0 0
1525690841 1965 15 101 168 18 0 0 7 5 0 0 0 0 0 0 0 0 0 0
1526046957 1966 15 101 168 18 0 0 7 5 0 0 0 0 0 0 0 0 0 0
1526048889 1967 15 101 168 18 0 0 7 5 0 0 0 0 0 0 0 0 0 0
1526058264 1968 15 101 168 18 0 0 7 5 0 0 0 0 0 0 0 0 0 0
1526132980 1969 15 101 168 18 0 0 7 5 0 0 0 0 0 0 0 0 0 0
1526136295 1970 15 101 168 18 0 0 7 5 0 0 0 0 0 0 0 0 0 0
1526400660 1971 15 101 168 18 0 0 7 5 0 0 0 0 0 0 0 0 0 0
1526402909 1972 15 101 168 18 0 0 7 5 0 0 0 0 0 0 0 0 0 0
1526569774 1973 15 101 168 18 0 0 7 5 0 0 0 0 0 0 0 0 0 0
1526572085 1974 15 101 168 18 0 0 7 5 0 0 0 0 0 0 0 0 0 0
1526650521 1975 15 101 168 18 0 0 7 5 0 0 0 0 0 0 0 0 0 0
1526652053 1976 15 101 168 18 0 0 7 5 0 0 0 0 0 0 0 0 0 0
1526827724 1977 15 101 168 18 0 0 7 5 0 0 0 0 0 0 0 0 0 0
1526897283 1978 15 101 168 18 0 0 7 5 0 0 0 0 0 0 0 0 0 0
1527013368 1979 15 101 168 18 0 0 7 5 0 0 0 0 0 0 0 0 0 0
1527255398 1980 15 101 168 18 0 0 7 5 0 0 0 0 0 0 0 0 0 0
1527432657 1981 15 101 168 18 0 0 7 5 0 0 0 0 0 0 0 0 0 0
1527434928 1982 15 101 168 18 0 0 7 5 0 0 0 0 0 0 0 0 0 0
1527436307 1983 15 101 168 18 0 0 7 5 0 0 0 0 0 0 0 0 0 0
1527502258 1984 15 101 168 18 0 0 7 5 0 0 0 0 0 0 0 0 0 0
1527508935 1985 15 101 168 18 0 0 7 5 0 0 0 0 0 0 0 0 0 0
1527690956 1986 15 101 168 18 0 0 7 5 0 0 0 0 0 0 0 0 0 0
1527704094 1987 15 101 168 18 0 0 7 5 0 0 0 0 0 0 0 0 0 0
1527862533 1988 15 101 168 18 0 0 7 5 0 0 0 0 0 0 0 0 0 0
1527950761 1989 15 101 168 18 0 0 7 5 0 0 0 0 0 0 0 0 0 0
1527952943 1990 15 101 168 18 0 0 7 5 0 0 0 0 0 0 0 0 0 0
1527958229 1991 15 101 168 18 0 0 7 5 0 0 0 0 0 0 0 0 0 0
1528037295 1992 15 101 168 18 0 0 7 5 0 0 0 0 0 0 0 0 0 0
1528106183 1993 15 101 168 18 0 0 7 5 0 0 0 0 0 0 0 0 0 0
1528111304 1994 15 101 168 18 0 0 7 5 0 0 0 0 0 0 0 0 0 0
1528112857 1994 16 101 168 18 0 0 7 5 0 0 0 0 0 0 0 0 0 0
1528379069 1995 16 101 168 18 0 0 7 5 0 0 0 0 0 0 0 0 0 0
1528381514 1996 16 101 168 18 0 0 7 5 0 0 0 0 0 0 0 0 0 0
1528637700 1997 16 101 168 18 0 0 7 5 0 0 0 0 0 0 0 0 0 0
1528639733 1998 16 101 168 18 0 0 7 5 0 0 0 0 0 0 0 0 0 0
1528718888 1998 17 101 168 18 0 0 7 5 0 0 0 0 0 0 0 0 0 0
1528722564 1999 17 101 168 18 0 0 7 5 0 0 0 0 0 0 0 0 0 0
1528726341 1999 18 101 168 18 0 0 7 5 0 0 0 0 0 0 0 0 0 0
1528826366 2000 18 101 168 18 0 0 7 5 0 0 0 0 0 0 0 0 0 0
1528835261 2001 18 101 168 18 0 0 7 5 0 0 0 0 0 0 0 0 0 0
1528890140 2001 19 101 168 18 0 0 7 5 0 0 0 0 0 0 0 0 0 0
1528933991 2001 20 101 168 18 0 0 7 5 0 0 0 0 0 0 0 0 0 0
1529075540 2002 20 101 168 18 0 0 7 5 0 0 0 0 0 0 0 0 0 0
1529330759 2003 20 101 168 18 0 0 7 5 0 0 0 0 0 0 0 0 0 0
1529682814 2004 20 101 168 18 0 0 7 5 0 0 0 0 0 0 0 0 0 0
1529844689 2005 20 101 168 18 0 0 7 5 0 0 0 0 0 0 0 0 0 0
1529846876 2006 20 101 168 18 0 0 7 5 0 0 0 0 0 0 0 0 0 0
1529846962 2007 20 101 168 18 0 0 7 5 0 0 0 0 0 0 0 0 0 0
1529848521 2008 20 101 168 18 0 0 7 5 0 0 0 0 0 0 0 0 0 0
1529951005 2009 20 101 168 18 0 0 7 5 0 0 0 0 0 0 0 0 0 0
1529971328 2009 21 101 168 18 0 0 7 5 0 0 0 0 0 0 0 0 0 0
1530032028 2010 21 101 168 18 0 0 7 5 0 0 0 0 0 0 0 0 0 0
1530105733 2011 21 101 168 18 0 0 7 5 0 0 0 0 0 0 0 0 0 0
1530192387 2012 21 101 168 18 0 0 7 5 0 0 0 0 0 0 0 0 0 0
1530196629 2013 21 101 168 18 0 0 7 5 0 0 0 0 0 0 0 0 0 0
1530677343 2013 21 102 168 18 0 0 7 5 0 0 0 0 0 0 0 0 0 0
1530729667 2014 21 102 168 18 0 0 7 5 0 0 0 0 0 0 0 0 0 0
1530731076 2015 21 102 168 18 0 0 7 5 0 0 0 0 0 0 0 0 0 0
1530732909 2016 21 102 168 18 0 0 7 5 0 0 0 0 0 0 0 0 0 0
1531313526 2016 22 102 168 18 0 0 7 5 0 0 0 0 0 0 0 0 0 0
1531432656 2016 22 103 168 18 0 0 7 5 0 0 0 0 0 0 0 0 0 0
1531483885 2016 23 103 168 18 0 0 7 5 0 0 0 0 0 0 0 0 0 0
1531484076 2016 24 103 168 18 0 0 7 5 0 0 0 0 0 0 0 0 0 0
1531943280 2016 24 103 168 18 0 0 8 5 0 0 0 0 0 0 0 0 0 0
1532271185 2017 24 103 168 18 0 0 8 5 0 0 0 0 0 0 0 0 0 0
1532302671 2018 24 103 168 18 0 0 8 5 0 0 0 0 0 0 0 0 0 0
1532437719 2019 24 103 168 18 0 0 8 5 0 0 0 0 0 0 0 0 0 0
1533938945 2020 24 103 168 18 0 0 8 5 0 0 0 0 0 0 0 0 0 0
1534785673 2021 24 103 168 18 0 0 8 5 0 0 0 0 0 0 0 0 0 0
1536758372 2022 24 103 168 18 0 0 8 5 0 0 0 0 0 0 0 0 0 0
1536764545 2023 24 103 168 18 0 0 8 5 0 0 0 0 0 0 0 0 0 0
1537110706 2024 24 103 168 18 0 0 8 5 0 0 0 0 0 0 0 0 0 0
1537117785 2025 24 103 168 18 0 0 8 5 0 0 0 0 0 0 0 0 0 0
1537181920 2026 24 103 168 18 0 0 8 5 0 0 0 0 0 0 0 0 0 0
1539693199 2026 25 103 168 18 0 0 8 5 0 0 0 0 0 0 0 0 0 0
1540050751 2027 25 103 168 18 0 0 8 5 0 0 0 0 0 0 0 0 0 0
1540053046 2028 25 103 168 18 0 0 8 5 0 0 0 0 0 0 0 0 0 0
1540055189 2029 25 103 168 18 0 0 8 5 0 0 0 0 0 0 0 0 0 0
1540086393 2029 26 103 168 18 0 0 8 5 0 0 0 0 0 0 0 0 0 0
1540550481 2029 27 103 168 18 0 0 8 5 0 0 0 0 0 0 0 0 0 0
1540605533 2029 28 103 168 18 0 0 8 5 0 0 0 0 0 0 0 0 0 0
1542203869 2029 29 103 168 18 0 0 8 5 0 0 0 0 0 0 0 0 0 0
1542539015 2029 30 103 168 18 0 0 8 5 0 0 0 0 0 0 0 0 0 0
1542604308 2029 31 103 168 18 0 0 8 5 0 0 0 0 0 0 0 0 0 0
1542691305 2029 32 103 168 18 0 0 8 5 0 0 0 0 0 0 0 0 0 0
1542698764 2029 33 103 168 18 0 0 8 5 0 0 0 0 0 0 0 0 0 0
1542777956 2029 34 103 168 18 0 0 8 5 0 0 0 0 0 0 0 0 0 0
1542848656 2029 35 103 168 18 0 0 8 5 0 0 0 0 0 0 0 0 0 0
1542869635 2029 36 103 168 18 0 0 8 5 0 0 0 0 0 0 0 0 0 0
1542910206 2030 36 103 168 18 0 0 8 5 0 0 0 0 0 0 0 0 0 0
1543771281 2030 36 104 168 18 0 0 8 5 0 0 0 0 0 0 0 0 0 0
1544069832 2030 37 104 168 18 0 0 8 5 0 0 0 0 0 0 0 0 0 0
1544415461 2030 38 104 168 18 0 0 8 5 0 0 0 0 0 0 0 0 0 0
1544784769 2030 39 104 168 18 0 0 8 5 0 0 0 0 0 0 0 0 0 0
1545688732 2030 39 105 168 18 0 0 8 5 0 0 0 0 0 0 0 0 0 0
1545688758 2030 39 106 168 18 0 0 8 5 0 0 0 0 0 0 0 0 0 0
1545688778 2030 39 107 168 18 0 0 8 5 0 0 0 0 0 0 0 0 0 0
1545688797 2030 39 108 168 18 0 0 8 5 0 0 0 0 0 0 0 0 0 0
1545688816 2030 39 109 168 18 0 0 8 5 0 0 0 0 0 0 0 0 0 0
1546798003 2030 39 110 168 18 0 0 8 5 0 0 0 0 0 0 0 0 0 0
1546803131 2030 39 111 168 18 0 0 8 5 0 0 0 0 0 0 0 0 0 0
1547568785 2031 39 111 168 18 0 0 8 5 0 0 0 0 0 0 0 0 0 0
1547572540 2032 39 111 168 18 0 0 8 5 0 0 0 0 0 0 0 0 0 0
1547822289 2033 39 111 168 18 0 0 8 5 0 0 0 0 0 0 0 0 0 0
1547823752 2034 39 111 168 18 0 0 8 5 0 0 0 0 0 0 0 0 0 0
1547830396 2035 39 111 168 18 0 0 8 5 0 0 0 0 0 0 0 0 0 0
1547992136 2036 39 111 168 18 0 0 8 5 0 0 0 0 0 0 0 0 0 0
1547995408 2037 39 111 168 18 0 0 8 5 0 0 0 0 0 0 0 0 0 0
1548024341 2037 39 112 168 18 0 0 8 5 0 0 0 0 0 0 0 0 0 0
1548024372 2037 39 113 168 18 0 0 8 5 0 0 0 0 0 0 0 0 0 0
1548120140 2037 40 113 168 18 0 0 8 5 0 0 0 0 0 0 0 0 0 0
1548120602 2037 41 113 168 18 0 0 8 5 0 0 0 0 0 0 0 0 0 0
1548294546 2037 42 113 168 18 0 0 8 5 0 0 0 0 0 0 0 0 0 0
1548334253 2037 42 114 168 18 0 0 8 5 0 0 0 0 0 0 0 0 0 0
1548446783 2038 42 114 168 18 0 0 8 5 0 0 0 0 0 0 0 0 0 0
1548449097 2039 42 114 168 18 0 0 8 5 0 0 0 0 0 0 0 0 0 0
1548649094 2039 43 114 168 18 0 0 8 5 0 0 0 0 0 0 0 0 0 0
1548811760 2039 44 114 168 18 0 0 8 5 0 0 0 0 0 0 0 0 0 0
1549026450 2040 44 114 168 18 0 0 8 5 0 0 0 0 0 0 0 0 0 0
1549130525 2041 44 114 168 18 0 0 8 5 0 0 0 0 0 0 0 0 0 0
1550527697 2041 44 115 168 18 0 0 8 5 0 0 0 0 0 0 0 0 0 0
1550774209 2042 44 115 168 18 0 0 8 5 0 0 0 0 0 0 0 0 0 0
1551130225 2042 44 116 168 18 0 0 8 5 0 0 0 0 0 0 0 0 0 0
1555236984 2042 45 116 168 18 0 0 8 5 0 0 0 0 0 0 0 0 0 0
1555498070 2042 46 116 168 18 0 0 8 5 0 0 0 0 0 0 0 0 0 0
1555498151 2042 47 116 168 18 0 0 8 5 0 0 0 0 0 0 0 0 0 0
1555498248 2042 48 116 168 18 0 0 8 5 0 0 0 0 0 0 0 0 0 0
1555827953 2042 49 116 168 18 0 0 8 5 0 0 0 0 0 0 0 0 0 0
1557145904 2042 50 116 168 18 0 0 8 5 0 0 0 0 0 0 0 0 0 0
1557146124 2042 51 116 168 18 0 0 8 5 0 0 0 0 0 0 0 0 0 0
1558460996 2043 51 116 168 18 0 0 8 5 0 0 0 0 0 0 0 0 0 0
1558461155 2044 51 116 168 18 0 0 8 5 0 0 0 0 0 0 0 0 0 0
1559566493 2045 51 116 168 18 0 0 8 5 0 0 0 0 0 0 0 0 0 0
1559571629 2046 51 116 168 18 0 0 8 5 0 0 0 0 0 0 0 0 0 0
1559575599 2047 51 116 168 18 0 0 8 5 0 0 0 0 0 0 0 0 0 0
1559730855 2047 52 116 168 18 0 0 8 5 0 0 0 0 0 0 0 0 0 0
1559836003 2048 52 116 168 18 0 0 8 5 0 0 0 0 0 0 0 0 0 0
1561242225 2049 52 116 168 18 0 0 8 5 0 0 0 0 0 0 0 0 0 0
1561357516 2049 53 116 168 18 0 0 8 5 0 0 0 0 0 0 0 0 0 0
1561598416 2049 54 116 168 18 0 0 8 5 0 0 0 0 0 0 0 0 0 0
1561682949 2049 55 116 168 18 0 0 8 5 0 0 0 0 0 0 0 0 0 0
1561684025 2049 56 116 168 18 0 0 8 5 0 0 0 0 0 0 0 0 0 0
1563377211 2050 56 116 168 18 0 0 8 5 0 0 0 0 0 0 0 0 0 0
1563378673 2051 56 116 168 18 0 0 8 5 0 0 0 0 0 0 0 0 0 0
1563380502 2052 56 116 168 18 0 0 8 5 0 0 0 0 0 0 0 0 0 0
1563385834 2053 56 116 168 18 0 0 8 5 0 0 0 0 0 0 0 0 0 0
1563471821 2054 56 116 168 18 0 0 8 5 0 0 0 0 0 0 0 0 0 0
1563643436 2055 56 116 168 18 0 0 8 5 0 0 0 0 0 0 0 0 0 0
1563665541 2055 57 116 168 18 0 0 8 5 0 0 0 0 0 0 0 0 0 0
1563711912 2056 57 116 168 18 0 0 8 5 0 0 0 0 0 0 0 0 0 0
1563839307 2056 58 116 168 18 0 0 8 5 0 0 0 0 0 0 0 0 0 0
1563839672 2056 59 116 168 18 0 0 8 5 0 0 0 0 0 0 0 0 0 0
1563839944 2056 60 116 168 18 0 0 8 5 0 0 0 0 0 0 0 0 0 0
1563840165 2056 61 116 168 18 0 0 8 5 0 0 0 0 0 0 0 0 0 0
1564020252 2056 62 116 168 18 0 0 8 5 0 0 0 0 0 0 0 0 0 0
1564020391 2056 63 116 168 18 0 0 8 5 0 0 0 0 0 0 0 0 0 0
1564236641 2056 64 116 168 18 0 0 8 5 0 0 0 0 0 0 0 0 0 0
1564237559 2056 65 116 168 18 0 0 8 5 0 0 0 0 0 0 0 0 0 0
1564404568 2056 66 116 168 18 0 0 8 5 0 0 0 0 0 0 0 0 0 0
1564404735 2056 67 116 168 18 0 0 8 5 0 0 0 0 0 0 0 0 0 0
1564405149 2056 68 116 168 18 0 0 8 5 0 0 0 0 0 0 0 0 0 0
1564405647 2056 69 116 168 18 0 0 8 5 0 0 0 0 0 0 0 0 0 0
1564405772 2056 70 116 168 18 0 0 8 5 0 0 0 0 0 0 0 0 0 0
1566153241 2056 70 116 168 19 0 0 8 5 0 0 0 0 0 0 0 0 0 0
1567066781 2056 70 116 168 20 0 0 8 5 0 0 0 0 0 0 0 0 0 0
1574108567 2056 70 117 168 20 0 0 8 5 0 0 0 0 0 0 0 0 0 0
1574524461 2057 70 117 168 20 0 0 8 5 0 0 0 0 0 0 0 0 0 0
1576271583 2057 70 118 168 20 0 0 8 5 0 0 0 0 0 0 0 0 0 0
1577762149 2057 71 118 168 20 0 0 8 5 0 0 0 0 0 0 0 0 0 0
1577762259 2057 72 118 168 20 0 0 8 5 0 0 0 0 0 0 0 0 0 0
1578584705 2058 72 118 168 20 0 0 8 5 0 0 0 0 0 0 0 0 0 0
1578586025 2059 72 118 168 20 0 0 8 5 0 0 0 0 0 0 0 0 0 0
1580232045 2059 72 118 168 21 0 0 8 5 0 0 0 0 0 0 0 0 0 0
1580737789 2060 72 118 168 21 0 0 8 5 0 0 0 0 0 0 0 0 0 0
1580738618 2061 72 118 168 21 0 0 8 5 0 0 0 0 0 0 0 0 0 0
1580825120 2062 72 118 168 21 0 0 8 5 0 0 0 0 0 0 0 0 0 0
1580825905 2063 72 118 168 21 0 0 8 5 0 0 0 0 0 0 0 0 0 0
1581086107 2064 72 118 168 21 0 0 8 5 0 0 0 0 0 0 0 0 0 0
1581264226 2065 72 118 168 21 0 0 8 5 0 0 0 0 0 0 0 0 0 0
1581265602 2066 72 118 168 21 0 0 8 5 0 0 0 0 0 0 0 0 0 0
1581268267 2067 72 118 168 21 0 0 8 5 0 0 0 0 0 0 0 0 0 0
1581876570 2067 72 119 168 21 0 0 8 5 0 0 0 0 0 0 0 0 0 0
1582287991 2068 72 119 168 21 0 0 8 5 0 0 0 0 0 0 0 0 0 0
1582288860 2069 72 119 168 21 0 0 8 5 0 0 0 0 0 0 0 0 0 0
1582900107 2070 72 119 168 21 0 0 8 5 0 0 0 0 0 0 0 0 0 0
1582900861 2071 72 119 168 21 0 0 8 5 0 0 0 0 0 0 0 0 0 0
1582984696 2072 72 119 168 21 0 0 8 5 0 0 0 0 0 0 0 0 0 0
1582991470 2073 72 119 168 21 0 0 8 5 0 0 0 0 0 0 0 0 0 0
1583158085 2074 72 119 168 21 0 0 8 5 0 0 0 0 0 0 0 0 0 0
1583160949 2075 72 119 168 21 0 0 8 5 0 0 0 0 0 0 0 0 0 0
1583162095 2076 72 119 168 21 0 0 8 5 0 0 0 0 0 0 0 0 0 0
1583167230 2077 72 119 168 21 0 0 8 5 0 0 0 0 0 0 0 0 0 0
1583264293 2078 72 119 168 21 0 0 8 5 0 0 0 0 0 0 0 0 0 0
1583341229 2079 72 119 168 21 0 0 8 5 0 0 0 0 0 0 0 0 0 0
1583343573 2080 72 119 168 21 0 0 8 5 0 0 0 0 0 0 0 0 0 0
1583343625 2081 72 119 168 21 0 0 8 5 0 0 0 0 0 0 0 0 0 0
1583344565 2082 72 119 168 21 0 0 8 5 0 0 0 0 0 0 0 0 0 0
1583502308 2083 72 119 168 21 0 0 8 5 0 0 0 0 0 0 0 0 0 0
1583504238 2084 72 119 168 21 0 0 8 5 0 0 0 0 0 0 0 0 0 0
1583505231 2085 72 119 168 21 0 0 8 5 0 0 0 0 0 0 0 0 0 0
1583518604 2086 72 119 168 21 0 0 8 5 0 0 0 0 0 0 0 0 0 0
1583589273 2087 72 119 168 21 0 0 8 5 0 0 0 0 0 0 0 0 0 0
1583679511 2088 72 119 168 21 0 0 8 5 0 0 0 0 0 0 0 0 0 0
1583680793 2089 72 119 168 21 0 0 8 5 0 0 0 0 0 0 0 0 0 0
1583755752 2090 72 119 168 21 0 0 8 5 0 0 0 0 0 0 0 0 0 0
1583756250 2091 72 119 168 21 0 0 8 5 0 0 0 0 0 0 0 0 0 0
1583756800 2092 72 119 168 21 0 0 8 5 0 0 0 0 0 0 0 0 0 0
1583864884 2093 72 119 168 21 0 0 8 5 0 0 0 0 0 0 0 0 0 0
1583866340 2094 72 119 168 21 0 0 8 5 0 0 0 0 0 0 0 0 0 0
1583942130 2095 72 119 168 21 0 0 8 5 0 0 0 0 0 0 0 0 0 0
1584210663 2096 72 119 168 21 0 0 8 5 0 0 0 0 0 0 0 0 0 0
1584211313 2097 72 119 168 21 0 0 8 5 0 0 0 0 0 0 0 0 0 0
1584212160 2098 72 119 168 21 0 0 8 5 0 0 0 0 0 0 0 0 0 0
1584212886 2099 72 119 168 21 0 0 8 5 0 0 0 0 0 0 0 0 0 0
1584213825 2100 72 119 168 21 0 0 8 5 0 0 0 0 0 0 0 0 0 0
1584545329 2101 72 119 168 21 0 0 8 5 0 0 0 0 0 0 0 0 0 0
1584546556 2102 72 119 168 21 0 0 8 5 0 0 0 0 0 0 0 0 0 0
1584711448 2103 72 119 168 21 0 0 8 5 0 0 0 0 0 0 0 0 0 0
1585502950 2104 72 119 168 21 0 0 8 5 0 0 0 0 0 0 0 0 0 0
1585504141 2105 72 119 168 21 0 0 8 5 0 0 0 0 0 0 0 0 0 0
1585586404 2106 72 119 168 21 0 0 8 5 0 0 0 0 0 0 0 0 0 0
1585587618 2107 72 119 168 21 0 0 8 5 0 0 0 0 0 0 0 0 0 0
1585588164 2108 72 119 168 21 0 0 8 5 0 0 0 0 0 0 0 0 0 0
1585588761 2109 72 119 168 21 0 0 8 5 0 0 0 0 0 0 0 0 0 0
1585589645 2110 72 119 168 21 0 0 8 5 0 0 0 0 0 0 0 0 0 0
1586197165 2111 72 119 168 21 0 0 8 5 0 0 0 0 0 0 0 0 0 0
1586197989 2112 72 119 168 21 0 0 8 5 0 0 0 0 0 0 0 0 0 0
1586432680 2113 72 119 168 21 0 0 8 5 0 0 0 0 0 0 0 0 0 0
1586473275 2114 72 119 168 21 0 0 8 5 0 0 0 0 0 0 0 0 0 0
1586903830 2114 72 120 168 21 0 0 8 5 0 0 0 0 0 0 0 0 0 0
1587149909 2115 72 120 168 21 0 0 8 5 0 0 0 0 0 0 0 0 0 0
1587151542 2116 72 120 168 21 0 0 8 5 0 0 0 0 0 0 0 0 0 0
1587651731 2117 72 120 168 21 0 0 8 5 0 0 0 0 0 0 0 0 0 0
1587718441 2118 72 120 168 21 0 0 8 5 0 0 0 0 0 0 0 0 0 0
1587724895 2119 72 120 168 21 0 0 8 5 0 0 0 0 0 0 0 0 0 0
1587741510 2120 72 120 168 21 0 0 8 5 0 0 0 0 0 0 0 0 0 0
1587853755 2121 72 120 168 21 0 0 8 5 0 0 0 0 0 0 0 0 0 0
1588259799 2122 72 120 168 21 0 0 8 5 0 0 0 0 0 0 0 0 0 0
1589013717 2122 72 121 168 21 0 0 8 5 0 0 0 0 0 0 0 0 0 0
1589997810 2122 72 121 168 21 0 1 8 5 0 0 0 0 0 0 0 0 0 0
1591206623 2122 72 121 168 21 0 1 8 5 0 0 0 0 1 0 0 0 0 0
1593278334 2122 72 122 168 21 0 1 8 5 0 0 0 1 1 0 0 0 0 0
1593730630 2122 72 123 168 21 0 1 8 5 0 0 0 1 1 0 0 0 0 0
1593958909 2122 72 124 168 21 0 1 8 5 0 0 0 1 1 0 0 0 0 0
1594921273 2123 72 124 168 21 0 1 8 5 0 0 0 1 1 0 0 0 0 0
1594999942 2124 72 124 168 21 0 1 8 5 0 0 0 1 1 0 0 0 0 0
1595001703 2125 72 124 168 21 0 1 8 5 0 0 0 1 1 0 0 0 0 0
1595198152 2126 72 124 168 21 0 1 8 5 0 0 0 1 1 0 0 0 0 0
1595528744 2126 72 125 168 21 0 1 8 5 0 0 0 1 1 0 0 0 0 0
1595943130 2127 72 125 168 21 0 1 8 5 0 0 0 1 1 0 0 0 0 0
1596590273 2128 72 125 168 21 0 1 8 5 0 0 0 1 1 0 0 0 0 0
1596652435 2128 72 127 168 21 0 1 8 5 0 0 0 1 1 0 0 0 0 0
1597787784 2128 72 128 168 21 0 1 8 5 0 0 0 1 1 0 0 0 0 0
1598703950 2129 72 129 168 21 0 1 8 5 0 0 0 1 1 0 0 0 0 0
1598734545 2129 72 130 168 21 0 1 8 5 0 0 0 1 1 0 0 0 0 0
1599093211 2130 72 130 168 21 0 1 8 5 0 0 0 1 1 0 0 0 0 0
1599093263 2131 72 130 168 21 0 1 8 5 0 0 0 1 1 0 0 0 0 0
1599747461 2132 72 136 168 21 0 1 8 5 0 0 0 1 1 0 0 0 0 0
1599906620 2132 72 137 168 21 0 1 8 5 0 0 0 1 1 0 0 0 0 0
1599906653 2132 72 139 168 21 0 1 8 5 0 0 0 1 1 0 0 0 0 0
1601122865 2132 72 140 168 21 0 1 8 5 0 0 0 1 1 0 0 0 0 0
1601129458 2132 72 141 168 21 0 1 8 5 0 0 0 1 1 0 0 0 0 0
1601325593 2132 72 142 168 21 0 1 8 5 0 0 0 1 1 0 0 0 0 0
1601326128 2132 72 143 168 21 0 1 8 5 0 0 0 1 1 0 0 0 0 0
1601579755 2132 72 145 168 21 0 1 8 5 0 0 0 1 1 0 0 0 0 0
1603536486 2132 72 146 168 21 0 1 8 5 0 0 0 1 1 0 0 0 0 0
1603536529 2132 72 148 168 21 0 1 8 5 0 0 0 1 1 0 0 0 0 0
1603734311 2133 72 148 168 21 0 1 8 5 0 0 0 1 1 0 0 0 0 0
1605440814 2134 72 148 168 21 0 1 8 5 0 0 0 1 1 0 0 0 0 0
1605456109 2135 72 148 168 21 0 1 8 5 0 0 0 1 1 0 0 0 0 0
1605894137 2136 72 148 168 21 0 1 8 5 0 0 0 1 1 0 0 0 0 0
1605942458 2136 72 149 168 21 0 1 8 5 0 0 2 1 1 0 0 0 0 0
1606529609 2136 73 149 168 21 0 1 8 5 0 0 2 1 1 0 0 0 0 0
1610013716 2136 73 149 168 21 0 2 8 5 0 0 2 1 1 0 0 0 0 0
1610155270 2136 73 149 168 21 0 3 8 5 0 0 2 1 1 0 0 0 0 0
1611259775 2137 73 149 168 21 0 3 8 5 0 0 2 1 1 0 0 0 0 0
1611310311 2137 73 149 168 21 0 7 8 5 0 0 2 1 1 0 0 0 0 0
1611333268 2137 73 149 168 21 0 8 8 5 0 0 2 1 1 0 0 0 0 0
1611483105 2137 73 149 168 21 0 9 8 5 0 0 2 1 1 0 0 0 0 0
1611585937 2138 73 149 168 21 0 10 8 5 0 0 2 1 1 0 0 0 0 0
1611880238 2139 73 149 168 21 0 10 8 5 0 0 2 1 1 0 0 0 0 0
1612219024 2140 73 149 168 21 0 10 8 5 0 0 2 1 1 0 0 0 0 0
1612220438 2141 73 149 168 21 0 10 8 5 0 0 2 1 1 0 0 0 0 0
1612223096 2142 73 149 168 21 0 10 8 5 0 0 2 1 1 0 0 0 0 0
1613178370 2143 73 149 168 21 0 10 8 5 0 0 2 1 1 0 0 0 0 0
1613220815 2144 73 149 168 21 0 10 8 5 0 0 2 1 1 0 0 0 0 0
1613407425 2145 73 149 168 21 0 10 8 5 0 0 2 1 1 0 0 0 0 0
1613416494 2146 73 149 168 21 0 10 8 5 0 0 2 1 1 0 0 0 0 0
1613610281 2147 73 149 168 21 0 10 8 5 0 0 2 1 1 0 0 0 0 0
1614079722 2147 74 149 168 21 0 10 8 5 0 0 2 1 1 0 0 0 0 0
1614160912 2147 75 149 168 21 0 10 8 5 0 0 2 1 1 0 0 0 0 0
1614349699 2148 75 149 168 21 0 10 8 5 0 0 2 1 1 0 0 0 0 0
1614539054 2149 75 149 168 21 0 10 8 5 0 0 2 1 1 0 0 0 0 0
1614633632 2150 75 149 168 21 0 10 8 5 0 0 2 1 1 0 0 0 0 0
1614991144 2150 75 149 168 21 0 10 8 5 0 1 2 1 1 0 0 0 0 0
1615051017 2150 75 150 168 21 0 10 8 5 0 1 2 1 1 0 0 0 0 0
1615071449 2151 75 150 168 21 0 10 8 5 0 1 2 1 1 0 0 0 0 0
1615071574 2152 75 150 168 21 0 10 8 5 0 1 2 1 1 0 0 0 0 0
1615073014 2153 75 150 168 21 0 10 8 5 0 1 2 1 1 0 0 0 0 0
1615165781 2154 75 150 168 21 0 10 8 5 0 1 2 1 1 0 0 0 0 0
1615204144 2154 76 150 168 21 0 10 8 5 0 1 2 1 1 0 0 0 0 0
1615204225 2154 77 150 168 21 0 10 8 5 0 1 2 1 1 0 0 0 0 0
1615205078 2154 78 150 168 21 0 10 8 5 0 1 2 1 1 0 0 0 0 0
1615219918 2155 78 150 168 21 0 10 8 5 0 1 2 1 1 0 0 0 0 0
1615226838 2156 78 150 168 21 0 10 8 5 0 1 2 1 1 0 0 0 0 0
1615286818 2156 79 150 168 21 0 10 8 5 0 1 2 1 1 0 0 0 0 0
1615286875 2156 80 150 168 21 0 10 8 5 0 1 2 1 1 0 0 0 0 0
1615470998 2156 80 150 168 21 0 10 8 5 0 1 2 1 1 0 1 0 0 0
1615554436 2156 82 150 168 21 0 10 8 5 0 1 2 1 1 0 1 0 0 0
1615720756 2156 83 150 168 21 0 10 8 5 0 1 2 1 1 0 1 0 0 0
1615721097 2156 84 150 168 21 0 10 8 5 0 1 2 1 1 0 1 0 0 0
1615722677 2156 85 150 168 21 0 10 8 5 0 1 2 1 1 0 1 0 0 0
1615977216 2156 86 150 168 21 0 10 8 5 0 1 2 1 1 0 1 0 0 0
1616011112 2157 86 150 168 21 0 10 8 5 0 1 2 1 1 0 1 0 0 0
1616014471 2158 86 150 168 21 0 10 8 5 0 1 2 1 1 0 1 0 0 0
1616148865 2158 87 150 168 21 0 10 8 5 0 1 2 1 1 0 1 0 0 0
1616210227 2159 87 150 168 21 0 10 8 5 0 1 2 1 1 0 1 0 0 0
1616246322 2160 87 150 168 21 0 10 8 5 0 1 2 1 1 0 1 0 0 0
1616416679 2160 90 150 168 21 0 10 8 5 0 1 2 1 1 0 1 0 0 0
1616512531 2160 90 150 168 21 0 10 8 5 0 2 2 1 1 0 1 0 0 0
1616525722 2161 90 150 168 21 0 10 8 5 0 2 2 1 1 0 1 0 0 0
1616529070 2162 90 150 168 21 0 10 8 5 0 2 2 1 1 0 1 0 0 0
1616710063 2163 90 150 168 21 0 10 8 5 0 2 2 1 1 0 1 0 0 0
1616854997 2164 90 150 168 21 0 10 8 5 0 2 2 1 1 0 1 0 0 0
1616975842 2165 90 150 168 21 0 10 8 5 0 2 2 1 1 0 1 0 0 0
1616977714 2166 90 150 168 21 0 10 8 5 0 2 2 1 1 0 1 0 0 0
1617303159 2167 90 150 168 21 0 10 8 5 0 2 2 1 1 0 1 0 0 0
1618590885 2168 90 150 168 21 0 10 8 5 0 2 2 1 1 0 1 0 0 0
1618593084 2169 90 150 168 21 0 10 8 5 0 2 2 1 1 0 1 0 0 0
1618594148 2170 90 150 168 21 0 10 8 5 0 2 2 1 1 0 1 0 0 0
1618620904 2171 90 150 168 21 0 10 8 5 0 2 2 1 1 0 1 0 0 0
1619231633 2172 90 150 168 21 0 10 8 5 0 2 2 1 1 0 1 0 0 0
1624329545 2173 90 150 168 21 0 10 8 5 0 2 2 1 1 0 1 0 0 0
1624470491 2174 90 150 168 21 0 10 8 5 0 2 2 1 1 0 1 0 0 0
1624475247 2175 90 150 168 21 0 10 8 5 0 2 2 1 1 0 1 0 0 0
1625008763 2176 90 150 168 21 0 10 8 5 0 2 2 1 1 0 1 0 0 0
1628429731 2177 90 150 168 21 0 10 8 5 0 2 2 1 1 0 1 0 0 0
1629728289 2178 90 150 168 21 0 10 8 5 0 2 2 1 1 0 1 0 0 0
1629730067 2179 90 150 168 21 0 10 8 5 0 2 2 1 1 0 1 0 0 0
1630055101 2179 91 150 168 21 0 10 8 5 0 2 2 1 1 0 1 0 0 0
1632255065 2180 91 152 168 21 0 10 8 5 0 2 2 1 1 0 1 0 0 0
1633447819 2181 91 152 168 21 0 10 8 5 0 2 2 1 1 0 1 0 0 0
1633992848 2182 91 152 168 21 0 10 8 5 0 2 2 1 1 0 1 0 0 0
1634852500 2183 91 152 168 21 0 10 8 5 0 2 2 1 1 0 1 0 0 0
1634853907 2184 91 152 168 21 0 10 8 5 0 2 2 1 1 0 1 0 0 0
1635379091 2185 91 152 168 21 0 10 8 5 0 2 2 1 1 0 1 0 0 0
1635379916 2186 91 152 168 21 0 10 8 5 0 2 2 1 1 0 1 0 0 0
1635690512 2187 91 152 168 21 0 10 8 5 0 2 2 1 1 0 1 0 0 0
1635763072 2187 92 152 168 21 0 10 8 5 0 2 2 1 1 0 1 0 0 0
1635861964 2188 92 152 168 21 0 10 8 5 0 2 2 1 1 0 1 0 0 0
1635862918 2189 92 152 168 21 0 10 8 5 0 2 2 1 1 0 1 0 0 0
1635863852 2190 92 152 168 21 0 10 8 5 0 2 2 1 1 0 1 0 0 0
1635951025 2191 92 152 168 21 0 10 8 5 0 2 2 1 1 0 1 0 0 0
1635951751 2192 92 152 168 21 0 10 8 5 0 2 2 1 1 0 1 0 0 0
1635952444 2193 92 152 168 21 0 10 8 5 0 2 2 1 1 0 1 0 0 0
1636237035 2194 92 152 168 21 0 10 8 5 0 2 2 1 1 0 1 0 0 0
1636238138 2195 92 152 168 21 0 10 8 5 0 2 2 1 1 0 1 0 0 0
1636323449 2196 92 152 168 21 0 10 8 5 0 2 2 1 1 0 1 0 0 0
1636324421 2197 92 152 168 21 0 10 8 5 0 2 2 1 1 0 1 0 0 0
1636325221 2198 92 152 168 21 0 10 8 5 0 2 2 1 1 0 1 0 0 0
1636325861 2199 92 152 168 21 0 10 8 5 0 2 2 1 1 0 1 0 0 0
1636401148 2200 92 152 168 21 0 10 8 5 0 2 2 1 1 0 1 0 0 0
1637623086 2201 92 152 168 21 0 10 8 5 0 2 2 1 1 0 1 0 0 0
1637698047 2202 92 152 168 21 0 10 8 5 0 2 2 1 1 0 1 0 0 0
1637698981 2203 92 152 168 21 0 10 8 5 1 2 2 1 1 0 1 0 0 0
1637923418 2203 92 152 168 21 0 10 8 5 1 2 2 1 1 0 1 0 0 1
1638268579 2203 93 152 168 21 0 10 8 5 2 2 2 1 1 0 1 0 0 1
1639846351 2204 93 152 168 21 0 10 8 5 2 2 2 1 1 0 1 0 0 1
1640266718 2205 93 152 168 21 0 10 8 5 2 2 2 1 1 0 1 0 0 1
1640268008 2206 93 152 168 21 0 10 8 5 2 2 2 1 1 0 1 0 0 1
1641154386 2207 93 152 168 21 0 10 8 5 2 2 2 1 1 0 1 0 0 1
1641155567 2208 93 152 168 21 0 10 8 5 2 2 2 1 1 0 1 0 0 1
1641160784 2209 93 152 168 21 0 10 8 5 2 2 2 1 1 0 1 0 0 1
1641161562 2210 93 152 168 21 0 10 8 5 2 2 2 1 1 0 1 0 0 1
1641881003 2211 93 152 168 21 0 10 8 5 2 2 2 1 1 0 1 0 0 1
1642026022 2212 93 152 168 21 0 10 8 5 2 2 2 1 1 0 1 0 0 1
1642210967 2213 93 152 168 21 0 10 8 5 2 2 2 1 1 0 1 0 0 1
1642269764 2214 93 152 168 21 0 10 8 5 2 2 2 1 1 0 1 0 0 1
1642432383 2215 93 152 168 21 0 10 8 5 2 2 2 1 1 0 1 0 0 1
1642525172 2215 93 152 168 21 0 11 8 5 2 2 2 1 1 0 1 0 0 1
1642639787 2216 93 152 168 21 0 11 8 5 2 2 2 1 1 0 1 0 0 1
1642640014 2217 93 152 168 21 0 11 8 5 2 2 2 1 1 0 1 0 0 1
1642709509 2218 93 152 168 21 0 11 8 5 2 2 2 1 1 0 1 0 0 1
1643553661 2219 93 152 168 21 0 11 8 5 2 2 2 1 1 0 1 0 0 1
1644085662 2220 93 152 168 21 0 11 8 5 2 2 2 1 1 0 1 0 0 1
1644343069 2221 93 152 168 21 0 11 8 5 2 2 2 1 1 0 1 0 0 1
1644352729 2222 93 152 168 21 0 11 8 5 2 2 2 1 1 0 1 0 0 1
1645549278 2223 93 152 168 21 0 11 8 5 2 2 2 1 1 0 1 0 0 1
1645743213 2224 93 152 168 21 0 11 8 5 2 2 2 1 1 0 1 0 0 1
1647097424 2225 93 152 168 21 0 11 8 5 2 2 2 1 1 0 1 0 0 1
1648757786 2226 93 152 168 21 0 11 8 5 2 2 2 1 1 0 1 0 0 1
1649548581 2227 93 152 168 21 0 11 8 5 2 2 2 1 1 0 1 0 0 1
1649596452 2227 93 153 168 21 0 11 8 5 2 2 2 1 1 0 1 0 0 1
1649873776 2227 93 154 168 21 0 11 8 5 2 2 2 1 1 0 1 0 0 1
1649876770 2227 93 155 168 21 0 11 8 5 2 2 2 1 1 0 1 0 0 1
1650039901 2227 93 156 168 21 0 11 8 5 2 2 2 1 1 0 1 0 0 1
1650048911 2227 93 157 168 21 0 11 8 5 2 2 2 1 1 0 1 0 0 1
1650049511 2227 93 158 168 21 0 11 8 5 2 2 2 1 1 0 1 0 0 1
1650111952 2227 93 159 168 21 0 11 8 5 2 2 2 1 1 0 1 0 0 1
1650135915 2227 93 160 168 21 0 11 8 5 2 2 2 1 1 0 1 0 0 1
1650139991 2227 93 161 168 21 0 11 8 5 2 2 2 1 1 0 1 0 0 1
1650145424 2227 93 162 168 21 0 11 8 5 2 2 2 1 1 0 1 0 0 1
1650721044 2227 93 163 168 21 0 11 8 5 2 2 2 1 1 0 1 0 0 1
1650809570 2227 93 164 168 21 0 11 8 5 2 2 2 1 1 0 1 0 0 1
1651420189 2228 93 164 168 21 0 11 8 5 2 2 2 1 1 0 1 0 0 1
1651422113 2229 93 164 168 21 0 11 8 5 2 2 2 1 1 0 1 0 0 1
1651512250 2230 93 164 168 21 0 11 8 5 2 2 2 1 1 0 1 0 0 1
1651596364 2231 93 164 168 21 0 11 8 5 2 2 2 1 1 0 1 0 0 1
1651604430 2232 93 164 168 21 0 11 8 5 2 2 2 1 1 0 1 0 0 1
1651604475 2233 93 164 168 21 0 11 8 5 2 2 2 1 1 0 1 0 0 1
1651693409 2234 93 164 168 21 0 11 8 5 2 2 2 1 1 0 1 0 0 1
1651694865 2235 93 164 168 21 0 11 8 5 2 2 2 1 1 0 1 0 0 1
1651895053 2236 93 164 168 21 0 11 8 5 2 2 2 1 1 0 1 0 0 1
1651937457 2237 93 164 168 21 0 11 8 5 2 2 2 1 1 0 1 0 0 1
1652289561 2238 93 164 168 21 0 11 8 5 2 2 2 1 1 0 1 0 0 1
1652301407 2239 93 164 168 21 0 11 8 5 2 2 2 1 1 0 1 0 0 1
1652365900 2240 93 164 168 21 0 11 8 5 2 2 2 1 1 0 1 0 0 1
1652497822 2241 93 164 168 21 0 11 8 5 2 2 2 1 1 0 1 0 0 1
1652751542 2242 93 164 168 21 0 11 8 5 2 2 2 1 1 0 1 0 0 1
1652801972 2243 93 164 168 21 0 11 8 5 2 2 2 1 1 0 1 0 0 1
1653161161 2244 93 164 168 21 0 11 8 5 2 2 2 1 1 0 1 0 0 1
1653433940 2245 93 164 168 21 0 11 8 5 2 2 2 1 1 0 1 0 0 1
1653767736 2246 93 164 168 21 0 11 8 5 2 2 2 1 1 0 1 0 0 1
1653768596 2247 93 164 168 21 0 11 8 5 2 2 2 1 1 0 1 0 0 1
1654386315 2248 93 164 168 21 0 11 8 5 2 2 2 1 1 0 1 0 0 1
1654387492 2249 93 164 168 21 0 11 8 5 2 2 2 1 1 0 1 0 0 1
1654453279 2250 93 164 168 21 0 11 8 5 2 2 2 1 1 0 1 0 0 1
1654460823 2251 93 164 168 21 0 11 8 5 2 2 2 1 1 0 1 0 0 1
1654467321 2252 93 164 168 21 0 11 8 5 2 2 2 1 1 0 1 0 0 1
1654621338 2253 93 164 168 21 0 11 8 5 2 2 2 1 1 0 1 0 0 1
1654790185 2253 93 165 168 21 0 11 8 5 2 2 2 1 1 0 1 0 0 1
1654917400 2253 94 165 168 21 0 11 8 5 2 2 2 1 1 0 1 0 0 1
1655090474 2253 95 165 168 21 0 11 8 5 2 2 2 1 1 0 1 0 0 1
1655091056 2253 98 165 168 21 0 11 8 5 2 2 2 1 1 0 1 0 0 1
1655136335 2254 98 166 168 21 0 11 8 5 2 2 2 1 1 0 1 0 0 1
1655233256 2254 98 167 168 21 0 11 8 5 2 2 2 1 1 0 1 0 0 1
1655238597 2255 98 167 168 21 0 11 8 5 2 2 2 1 1 0 1 0 0 1
1655421830 2256 98 167 168 21 0 11 8 5 2 2 2 1 1 0 1 0 0 1
1655424121 2257 98 167 168 21 0 11 8 5 2 2 2 1 1 0 1 0 0 1
1655434242 2257 99 167 168 21 0 11 8 5 2 2 2 1 1 0 1 0 0 1
1655648220 2257 100 167 168 21 0 11 8 5 2 2 2 1 1 0 1 0 0 1
1655648617 2257 103 167 168 21 0 11 8 5 2 2 2 1 1 0 1 0 0 1
1655803225 2258 103 167 168 21 0 11 8 5 2 2 2 1 1 0 1 0 0 1
1655803748 2258 103 168 168 21 0 11 8 5 2 2 2 1 1 0 1 0 0 1
1655958602 2258 104 168 168 21 0 11 8 5 2 2 2 1 1 0 1 0 0 1
1655958664 2258 106 168 168 21 0 11 8 5 2 2 2 1 1 0 1 0 0 1
1656080563 2259 106 168 168 21 0 11 8 5 2 2 2 1 1 0 1 0 0 1
1656081823 2260 106 168 168 21 0 11 8 5 2 2 2 1 1 0 1 0 0 1
1656204469 2260 108 168 168 21 0 11 8 5 2 2 2 1 1 0 1 0 0 1
1656275224 2261 108 168 168 21 0 11 8 5 2 2 2 1 1 0 1 0 0 1
1656276409 2262 108 168 168 21 0 11 8 5 2 2 2 1 1 0 1 0 0 1
1656276508 2263 109 168 168 21 0 11 8 5 2 2 2 1 1 0 1 0 0 1
1656504097 2264 109 168 168 21 0 11 8 5 3 2 2 1 1 0 1 0 0 1
1656636213 2264 110 168 168 21 0 11 8 5 3 2 2 1 1 0 1 0 0 1
1656679338 2265 110 168 168 21 0 11 8 5 3 2 2 1 1 0 1 0 0 1
1656682862 2265 111 168 168 21 0 11 8 5 3 2 2 1 1 0 1 0 0 1
1656712065 2266 111 168 168 21 0 11 8 5 3 2 2 1 1 0 1 0 0 1
1656877824 2267 111 168 168 21 0 11 8 5 3 2 2 1 1 0 1 0 0 1
1656956187 2268 111 168 168 21 0 11 8 5 3 2 2 1 1 0 1 0 0 1
1657386879 2269 111 168 168 21 0 11 8 5 3 2 2 1 1 0 1 0 0 1
1657405303 2270 111 168 168 21 0 11 8 5 3 2 2 1 1 0 1 0 0 1
1657931248 2271 111 168 168 21 0 11 8 5 3 2 2 1 1 0 1 0 0 1
1657975963 2272 111 168 168 21 0 11 8 5 3 2 2 1 1 0 1 0 0 1
1657976982 2273 111 168 168 21 0 11 8 5 3 2 2 1 1 0 1 0 0 1
1658150488 2274 112 168 168 21 0 11 8 5 3 2 2 1 1 0 1 0 0 1
1658417282 2275 112 168 168 21 0 11 8 5 3 2 2 1 1 0 1 0 0 1
1658424721 2276 112 168 168 21 0 11 8 5 3 2 2 1 1 0 1 0 0 1
1658427063 2277 112 168 168 21 0 11 8 5 3 2 2 1 1 0 1 0 0 1
1658606581 2278 112 168 168 21 0 11 8 5 3 2 2 1 1 0 1 0 0 1
1658613484 2278 113 168 168 21 0 11 8 5 3 2 2 1 1 0 1 0 0 1
1659746048 2278 114 168 168 21 0 11 8 5 3 2 2 1 1 0 1 0 0 1
1660082758 2279 114 168 168 21 0 11 8 5 3 2 2 1 1 0 1 0 0 1
1660349720 2279 115 168 168 21 0 11 8 5 3 2 2 1 1 0 1 0 0 1
1660675195 2280 115 168 168 21 0 11 8 5 3 2 2 1 1 0 1 0 0 1
1660996127 2280 116 168 168 21 0 11 8 5 3 2 2 1 1 0 1 0 0 1
1663764655 2280 117 168 168 21 0 11 8 5 3 2 2 1 1 0 1 0 0 1
1664186836 2280 118 168 168 21 0 11 8 5 3 2 2 1 1 0 1 0 0 1
1667782173 2280 119 168 168 21 0 11 8 5 3 2 2 1 1 0 1 0 0 1
1667782546 2280 120 168 168 21 0 11 8 5 3 2 2 1 1 0 1 0 0 1
1672343889 2280 120 169 168 21 0 11 8 5 3 2 2 1 1 0 1 0 0 1
1675970742 2281 120 169 168 21 0 11 8 5 3 2 2 1 1 0 1 0 0 1
1675972631 2282 120 169 168 21 0 11 8 5 3 2 2 1 1 0 1 0 0 1
1675979181 2283 120 169 168 21 0 11 8 5 3 2 2 1 1 0 1 0 0 1
1675984335 2284 120 169 168 21 0 11 8 5 3 2 2 1 1 0 1 0 0 1
1676121720 2285 120 169 168 21 0 11 8 5 3 2 2 1 1 0 1 0 0 1
1676238987 2285 120 169 168 21 1 11 8 5 3 2 2 1 1 0 1 0 0 1
1676489366 2286 120 169 168 21 1 11 8 5 3 2 2 1 1 0 1 0 0 1
1676928619 2287 120 169 168 21 1 11 8 5 3 2 2 1 1 0 1 0 0 1
1677001684 2288 120 169 168 21 1 11 8 5 3 2 2 1 1 0 1 0 0 1
1677334702 2289 120 169 168 21 1 11 8 5 3 2 2 1 1 0 1 0 0 1
1677336117 2290 120 169 168 21 1 11 8 5 3 2 2 1 1 0 1 0 0 1
1677337128 2291 120 169 168 21 1 11 8 5 3 2 2 1 1 0 1 0 0 1
1677375698 2291 121 169 168 21 1 11 8 5 3 2 2 1 1 0 1 0 0 1
1677377078 2291 122 169 168 21 1 11 8 5 3 2 2 1 1 0 1 0 0 1
1677413211 2292 122 169 168 21 1 11 8 5 3 2 2 1 1 0 1 0 0 1
1678114217 2293 122 169 168 21 1 11 8 5 3 2 2 1 1 0 1 0 0 1
1680217149 2294 122 169 168 21 1 11 8 5 3 2 2 1 1 0 1 0 0 1
1680217591 2295 122 169 168 21 1 11 8 5 3 2 2 1 1 0 1 0 0 1
1681587518 2296 122 169 168 21 1 11 8 5 3 2 2 1 1 0 1 0 0 1
1681588797 2297 122 169 168 21 1 11 8 5 3 2 2 1 1 0 1 0 0 1
1681929591 2298 122 169 168 21 1 11 8 5 3 2 2 1 1 0 1 0 0 1
1682189894 2299 122 169 168 21 1 11 8 5 3 2 2 1 1 0 1 0 0 1
1682256442 2300 122 169 168 21 1 11 8 5 3 2 2 1 1 0 1 0 0 1
1682257208 2301 122 169 168 21 1 11 8 5 3 2 2 1 1 0 1 0 0 1
1682260672 2302 122 169 168 21 1 11 8 5 3 2 2 1 1 0 1 0 0 1
1682451814 2302 122 170 168 21 1 11 8 5 3 2 2 1 1 0 1 0 0 1
1682866135 2303 122 170 168 21 1 11 8 5 3 2 2 1 1 0 1 0 0 1
1682866255 2304 122 170 168 21 1 11 8 5 3 2 2 1 1 0 1 0 0 1
1682866884 2305 122 170 168 21 1 11 8 5 3 2 2 1 1 0 1 0 0 1
1683222689 2306 122 170 168 21 1 11 8 5 3 2 2 1 1 0 1 0 0 1
1683224538 2307 122 170 168 21 1 11 8 5 3 2 2 1 1 0 1 0 0 1
1683225985 2308 122 170 168 21 1 11 8 5 3 2 2 1 1 0 1 0 0 1
1683344646 2309 122 170 168 21 1 11 8 5 3 2 2 1 1 0 1 0 0 1
1683348284 2310 122 170 168 21 1 11 8 5 3 2 2 1 1 0 1 0 0 1
1683467592 2311 122 170 168 21 1 11 8 5 3 2 2 1 1 0 1 0 0 1
1683496027 2312 122 170 168 21 1 11 8 5 3 2 2 1 1 0 1 0 0 1
1683965561 2312 122 171 168 21 1 11 8 5 3 2 2 1 1 0 1 0 0 1
1684024893 2313 122 171 168 21 1 11 8 5 3 2 2 1 1 0 1 0 0 1
1684379394 2314 122 171 168 21 1 11 8 5 3 2 2 1 1 0 1 0 0 1
1684419147 2315 122 171 168 21 1 11 8 5 3 2 2 1 1 0 1 0 0 1
1686274653 2316 122 171 168 21 1 11 8 5 3 2 2 1 1 0 1 0 0 1
1686309897 2317 122 171 168 21 1 11 8 5 3 2 2 1 1 0 1 0 0 1
1686312997 2318 122 171 168 21 1 11 8 5 3 2 2 1 1 0 1 0 0 1
1686861586 2319 122 171 168 21 1 11 8 5 3 2 2 1 1 0 1 0 0 1
1686969707 2320 122 171 168 21 1 11 8 5 3 2 2 1 1 0 1 0 0 1
1686971812 2321 122 171 168 21 1 11 8 5 3 2 2 1 1 0 1 0 0 1
1687047985 2322 122 171 168 21 1 11 8 5 3 2 2 1 1 0 1 0 0 1
1687217333 2323 122 171 168 21 1 11 8 5 3 2 2 1 1 0 1 0 0 1
1687576883 2324 122 171 168 21 1 11 8 5 3 2 2 1 1 0 1 0 0 1
1687577380 2325 122 171 168 21 1 11 8 5 3 2 2 1 1 0 1 0 0 1
1687577834 2326 122 171 168 21 1 11 8 5 3 2 2 1 1 0 1 0 0 1
1687578511 2327 122 171 168 21 1 11 8 5 3 2 2 1 1 0 1 0 0 1
1687597356 2327 123 171 168 21 1 11 8 5 3 2 2 1 1 0 1 0 0 1
1687663721 2328 123 171 168 21 1 11 8 5 3 2 2 1 1 0 1 0 0 1
1687811712 2329 123 171 168 21 1 11 8 5 3 2 2 1 1 0 1 0 0 1
1687813836 2330 123 171 168 21 1 11 8 5 3 2 2 1 1 0 1 0 0 1
1687869897 2331 123 174 168 21 1 11 8 5 3 2 2 1 1 0 1 0 0 1
1687887377 2331 123 175 168 21 1 11 8 5 3 2 2 1 1 0 1 0 0 1
1687887664 2331 123 177 168 21 1 11 8 5 3 2 2 1 1 0 1 0 0 1
1688196087 2331 123 178 168 21 1 11 8 5 3 2 2 1 1 0 1 0 0 1
1688315623 2332 123 178 168 21 1 11 8 5 3 2 2 1 1 0 1 0 0 1
1688334561 2332 123 179 168 21 1 11 8 5 3 2 2 1 1 0 1 0 0 1
1688760199 2333 123 180 168 21 1 11 8 5 3 2 2 1 1 0 1 0 0 1
1688839723 2334 123 180 168 21 1 11 8 5 3 2 2 1 1 0 1 0 0 1
1688908524 2335 123 180 168 21 1 11 8 5 3 2 2 1 1 0 1 0 0 1
1688945888 2336 123 180 168 21 1 11 8 5 3 2 2 1 1 0 1 0 0 1
1689106378 2337 123 180 168 21 1 11 8 5 3 2 2 1 1 0 1 0 0 1
1689122068 2338 123 180 168 21 1 11 8 5 3 2 2 1 1 0 1 0 0 1
1689123222 2339 123 180 168 21 1 11 8 5 3 2 2 1 1 0 1 0 0 1
1689340511 2340 123 180 168 21 1 11 8 5 3 2 2 1 1 0 1 0 0 1
1689341450 2341 123 180 168 21 1 11 8 5 3 2 2 1 1 0 1 0 0 1
1689458204 2342 123 180 168 21 1 11 8 5 3 2 2 1 1 0 1 0 0 1
1689504585 2343 123 180 168 21 1 11 8 5 3 2 2 1 1 0 1 0 0 1
1689543331 2344 123 180 168 21 1 11 8 5 3 2 2 1 1 0 1 0 0 1
1689598627 2345 123 180 168 21 1 11 8 5 3 2 2 1 1 0 1 0 0 1
1689604200 2346 123 180 168 21 1 11 8 5 3 2 2 1 1 0 1 0 0 1
1689604999 2347 123 180 168 21 1 11 8 5 3 2 2 1 1 0 1 0 0 1
1689605515 2348 123 180 168 21 1 11 8 5 3 2 2 1 1 0 1 0 0 1
1689861381 2349 123 180 168 21 1 11 8 5 3 2 2 1 1 0 1 0 0 1
1690111817 2349 123 181 168 21 1 11 8 5 3 2 2 1 1 0 1 0 0 1
1690112091 2349 123 182 168 21 1 11 8 5 3 2 2 1 1 0 1 0 0 1
1690112177 2349 123 183 168 21 1 11 8 5 3 2 2 1 1 0 1 0 0 1
1691845419 2350 123 183 168 21 1 11 8 5 3 2 2 1 1 0 1 0 0 1
1693570859 2351 123 183 168 21 1 11 8 5 3 2 2 1 1 0 1 0 0 1
1693842683 2352 123 183 168 21 1 11 8 5 3 2 2 1 1 0 1 0 0 1
1694130819 2352 124 183 168 21 1 11 8 5 3 2 2 1 1 0 1 0 0 1
1694862638 2353 124 183 168 21 1 11 8 5 3 2 2 1 1 0 1 0 0 1
1695065475 2354 124 183 168 21 1 11 8 5 3 2 2 1 1 0 1 0 0 1
1695312603 2355 124 183 168 21 1 11 8 5 3 2 2 1 1 0 1 0 0 1
1695460965 2355 125 183 168 21 1 11 8 5 3 2 2 1 1 0 1 0 0 1
1695461303 2355 126 183 168 21 1 11 8 5 3 2 2 1 1 0 1 0 0 1
1695648553 2356 126 183 168 21 1 11 8 5 3 2 2 1 1 0 1 0 0 1
1695734212 2357 126 183 168 21 1 11 8 5 3 2 2 1 1 0 1 0 0 1
1696639797 2357 127 183 168 21 1 11 8 5 3 2 2 1 1 0 1 0 0 1
1696642506 2357 128 183 168 21 1 11 8 5 3 2 2 1 1 0 1 0 0 1
1696772746 2358 128 183 168 21 1 11 8 5 3 2 2 1 1 0 1 0 0 1
1696862825 2359 128 183 168 21 1 11 8 5 3 2 2 1 1 0 1 0 0 1
1696982291 2359 129 183 168 21 1 11 8 5 3 2 2 1 1 0 1 0 0 1
1697327152 2359 130 183 168 21 1 11 8 5 3 2 2 1 1 0 1 0 0 1
1697409334 2360 130 183 168 21 1 11 8 5 3 2 2 1 1 0 1 0 0 1
1697413916 2360 131 183 168 21 1 11 8 5 3 2 2 1 1 0 1 0 0 1
1697456610 2360 132 183 168 21 1 11 8 5 3 2 2 1 1 0 1 0 0 1
1697457186 2360 133 183 168 21 1 11 8 5 3 2 2 1 1 0 1 0 0 1
1697624645 2360 134 183 168 21 1 11 8 5 3 2 2 1 1 0 1 0 0 1
1697713888 2360 135 183 168 21 1 11 8 5 3 2 2 1 1 0 1 0 0 1
1697760951 2360 136 183 168 21 1 11 8 5 3 2 2 1 1 0 1 0 0 1
1697891341 2360 137 183 168 21 1 11 8 5 3 2 2 1 1 0 1 0 0 1
1697892271 2360 138 183 168 21 1 11 8 5 3 2 2 1 1 0 1 0 0 1
1698326762 2361 138 183 168 21 1 11 8 5 3 2 2 1 1 0 1 0 0 1
1698434323 2362 138 183 168 21 1 11 8 5 3 2 2 1 1 0 1 0 0 1
1698540042 2363 138 183 168 21 1 11 8 5 3 2 2 1 1 0 1 0 0 1
1698580778 2363 139 183 168 21 1 11 8 5 3 2 2 1 1 0 1 0 0 1
1698582052 2363 140 183 168 21 1 11 8 5 3 2 2 1 1 0 1 0 0 1
1698666007 2364 140 183 168 21 1 11 8 5 3 2 2 1 1 0 1 0 0 1
1699058552 2364 142 183 168 21 1 11 8 5 3 2 2 1 1 0 1 0 0 1
1699146031 2364 143 183 168 21 1 11 8 5 3 2 2 1 1 0 1 0 0 1
1699188036 2364 144 183 168 21 1 11 8 5 3 2 2 1 1 0 1 0 0 1
1699400934 2364 145 183 168 21 1 11 8 5 3 2 2 1 1 0 1 0 0 1
1699688420 2364 146 183 168 21 1 11 8 5 3 2 2 1 1 0 1 0 0 1
1699752167 2364 147 183 168 21 1 11 8 5 3 2 2 1 1 0 1 0 0 1
1699893799 2365 147 183 168 21 1 11 8 5 3 2 2 1 1 0 1 0 0 1
1699955766 2365 148 183 168 21 1 11 8 5 3 2 2 1 1 0 1 0 0 1
1699961026 2365 149 183 168 21 1 11 8 5 3 2 2 1 1 0 1 0 0 1
1699970749 2365 150 183 168 21 1 11 8 5 3 2 2 1 1 0 1 0 0 1
1699974433 2365 151 183 168 21 1 11 8 5 3 2 2 1 1 0 1 0 0 1
1700006861 2365 152 183 168 21 1 11 8 5 3 2 2 1 1 0 1 0 0 1
1700007952 2365 153 183 168 21 1 11 8 5 3 2 2 1 1 0 1 0 0 1
1700096659 2365 154 183 168 21 1 11 8 5 3 2 2 1 1 0 1 0 0 1
1700223874 2365 155 183 168 21 1 11 8 5 3 2 2 1 1 0 1 0 0 1
1700309318 2365 156 183 168 21 1 11 8 5 3 2 2 1 1 0 1 0 0 1
1700314168 2365 157 183 168 21 1 11 8 5 3 2 2 1 1 0 1 0 0 1
1700567730 2365 158 183 168 21 1 11 8 5 3 2 2 1 1 0 1 0 0 1
1700951212 2366 158 183 168 21 1 11 8 5 3 2 2 1 1 0 1 0 0 1
1700998273 2366 159 183 168 21 1 11 8 5 3 2 2 1 1 0 1 0 0 1
1701001969 2367 159 183 168 21 1 11 8 5 3 2 2 1 1 0 1 0 0 1
1701212299 2368 159 183 168 21 1 11 8 5 3 2 2 1 1 0 1 0 0 1
1701268218 2369 159 183 168 21 1 11 8 5 3 2 2 1 1 0 1 0 0 1
1701283983 2370 159 183 168 21 1 11 8 5 3 2 2 1 1 0 1 0 0 1
1701359827 2371 159 183 168 21 1 11 8 5 3 2 2 1 1 0 1 0 0 1
1701472405 2372 159 183 168 21 1 11 8 5 3 2 2 1 1 0 1 0 0 1
1701480432 2373 159 183 168 21 1 11 8 5 3 2 2 1 1 0 1 0 0 1
1701481316 2374 159 183 168 21 1 11 8 5 3 2 2 1 1 0 1 0 0 1
1701481731 2374 160 183 168 21 1 11 8 5 3 2 2 1 1 0 1 0 0 1
1701514132 2374 161 183 168 21 1 11 8 5 3 2 2 1 1 0 1 0 0 1
1701560258 2375 161 183 168 21 1 11 8 5 3 2 2 1 1 0 1 0 0 1
1701713465 2376 161 183 168 21 1 11 8 5 3 2 2 1 1 0 1 0 0 1
1702045197 2376 162 183 168 21 1 11 8 5 3 2 2 1 1 0 1 0 0 1
1702046428 2376 163 184 168 21 1 11 8 5 3 2 2 1 1 0 1 0 0 1
1702085887 2376 164 184 168 21 1 11 8 5 3 2 2 1 1 0 1 0 0 1
1702212157 2376 165 184 168 21 1 11 8 5 3 2 2 1 1 0 1 0 0 1
1702331270 2377 165 184 168 21 1 11 8 5 3 2 2 1 1 0 1 0 0 1
1702554329 2377 166 184 168 21 1 11 8 5 3 2 2 1 1 0 1 0 0 1
1702822178 2378 166 184 168 21 1 11 8 5 3 2 2 1 1 0 1 0 0 1
1702824051 2379 166 184 168 21 1 11 8 5 3 2 2 1 1 0 1 0 0 1
1702869158 2380 166 184 168 21 1 11 8 5 3 2 2 1 1 0 1 0 0 1
1703008048 2381 166 184 168 21 1 11 8 5 3 2 2 1 1 0 1 0 0 1
1703164864 2382 166 184 168 21 1 11 8 5 3 2 2 1 1 0 1 0 0 1
1703205765 2382 167 184 168 21 1 11 8 5 3 2 2 1 1 0 1 0 0 1
1703244803 2382 168 184 168 21 1 11 8 5 3 2 2 1 1 0 1 0 0 1
1703376130 2383 168 184 168 21 1 11 8 5 3 2 2 1 1 0 1 0 0 1
1703792240 2384 168 184 168 21 1 11 8 5 3 2 2 1 1 0 1 0 0 1
1703793477 2385 168 184 168 21 1 11 8 5 3 2 2 1 1 0 1 0 0 1
1703808472 2385 169 184 168 21 1 11 8 5 3 2 2 1 1 0 1 0 0 1
1704142507 2386 169 184 168 21 1 11 8 5 3 2 2 1 1 0 1 0 0 1
1704189698 2387 169 184 168 21 1 11 8 5 3 2 2 1 1 0 1 0 0 1
1704364003 2387 170 184 168 21 1 11 8 5 3 2 2 1 1 0 1 0 0 1
1704366548 2387 171 184 168 21 1 11 8 5 3 2 2 1 1 0 1 0 0 1
1704453350 2387 172 184 168 21 1 11 8 5 3 2 2 1 1 0 1 0 0 1
1704502173 2387 173 184 168 21 1 11 8 5 3 2 2 1 1 0 1 0 0 1
1704504341 2387 174 184 168 21 1 11 8 5 3 2 2 1 1 0 1 0 0 1
1704585165 2388 174 184 168 21 1 11 8 5 3 2 2 1 1 0 1 0 0 1
1704713416 2388 175 184 168 21 1 11 8 5 3 2 2 1 1 0 1 0 0 1
1704725342 2389 175 184 168 21 1 11 8 5 3 2 2 1 1 0 1 0 0 1
1704725724 2390 175 187 168 21 1 11 8 5 3 2 2 1 1 0 1 0 0 1
1704802151 2391 175 187 168 21 1 11 8 5 3 2 2 1 1 0 1 0 0 1
1704816633 2392 175 187 168 21 1 11 8 5 3 2 2 1 1 0 1 0 0 1
1704828371 2393 175 187 168 21 1 11 8 5 3 2 2 1 1 0 1 0 0 1
1704846879 2393 176 187 168 21 1 11 8 5 3 2 2 1 1 0 1 0 0 1
1704991601 2393 176 188 168 21 1 11 8 5 3 2 2 1 1 0 1 0 0 1
1704991680 2393 176 189 168 21 1 11 8 5 3 2 2 1 1 0 1 0 0 1
1705012216 2393 176 190 168 21 1 11 8 5 3 2 2 1 1 0 1 0 0 1
1705284323 2394 176 190 168 21 1 11 8 5 3 2 2 1 1 0 1 0 0 1
1705325195 2395 176 190 168 21 1 11 8 5 3 2 2 1 1 0 1 0 0 1
1705329092 2396 176 190 168 21 1 11 8 5 3 2 2 1 1 0 1 0 0 1
1705399211 2396 177 190 168 21 1 11 8 5 3 2 2 1 1 0 1 0 0 1
1705968548 2396 178 190 168 21 1 11 8 5 3 2 2 1 1 0 1 0 0 1
1706005213 2396 179 190 168 21 1 11 8 5 3 2 2 1 1 0 1 0 0 1
1706006292 2396 180 190 168 21 1 11 8 5 3 2 2 1 1 0 1 0 0 1
1706050707 2397 180 190 168 21 1 11 8 5 3 2 2 1 1 0 1 0 0 1
1706096077 2397 181 190 168 21 1 11 8 5 3 2 2 1 1 0 1 0 0 1
1706403281 2397 182 190 168 21 1 11 8 5 3 2 2 1 1 0 1 0 0 1
1706446844 2397 183 190 168 21 1 11 8 5 3 2 2 1 1 0 1 0 0 1
1706451792 2397 184 190 168 21 1 11 8 5 3 2 2 1 1 0 1 0 0 1
1707091523 2398 184 190 168 21 1 11 8 5 3 2 2 1 1 0 1 0 0 1
1707157486 2399 184 190 168 21 1 11 8 5 3 2 2 1 1 0 1 0 0 1
1707271848 2400 184 190 168 21 1 11 8 5 3 2 2 1 1 0 1 0 0 1
1707272272 2401 184 190 168 21 1 11 8 5 3 2 2 1 1 0 1 0 0 1
1707274759 2402 184 190 168 21 1 11 8 5 3 2 2 1 1 0 1 0 0 1
1707275355 2403 184 190 168 21 1 11 8 5 3 2 2 1 1 0 1 0 0 1
1707305931 2403 185 190 168 21 1 11 8 5 3 2 2 1 1 0 1 0 0 1
1707422219 2403 185 191 168 21 1 11 8 5 3 2 2 1 1 0 1 0 0 1
1707649633 2403 186 191 168 21 1 11 8 5 3 2 2 1 1 0 1 0 0 1
1709343685 2404 186 191 168 21 1 11 8 5 3 2 2 1 1 0 1 0 0 1
1709348779 2405 186 191 168 21 1 11 8 5 3 2 2 1 1 0 1 0 0 1
1709431939 2405 187 191 168 21 1 11 8 5 3 2 2 1 1 0 1 0 0 1
1709506385 2406 187 191 168 21 1 11 8 5 3 2 2 1 1 0 1 0 0 1
1711463337 2407 187 191 168 21 1 11 8 5 3 2 2 1 1 0 1 0 0 1
1711668969 2408 187 191 168 21 1 11 8 5 3 2 2 1 1 0 1 0 0 1
1711669619 2409 187 191 168 21 1 11 8 5 3 2 2 1 1 0 1 0 0 1
1712102798 2409 188 191 168 21 1 11 8 5 3 2 2 1 1 0 1 0 0 1
1712138592 2409 189 191 168 21 1 11 8 5 3 2 2 1 1 0 1 0 0 1
1712201061 2410 189 191 168 21 1 11 8 5 3 2 2 1 1 0 1 0 0 1
1712319562 2410 190 191 168 21 1 11 8 5 3 2 2 1 1 0 1 0 0 1
1712372367 2410 191 191 168 21 1 11 8 5 3 2 2 1 1 0 1 0 0 1
1712527842 2411 191 191 168 21 1 11 8 5 3 2 2 1 1 0 1 0 0 1
1712534792 2411 192 191 168 21 1 11 8 5 3 2 2 1 1 0 1 0 0 1
1712596661 2412 192 191 168 21 1 11 8 5 3 2 2 1 1 0 1 0 0 1
1712596720 2413 192 191 168 21 1 11 8 5 3 2 2 1 1 0 1 0 0 1
1712596824 2414 192 191 168 21 1 11 8 5 3 2 2 1 1 0 1 0 0 1
1712706629 2414 193 191 168 21 1 11 8 5 3 2 2 1 1 0 1 0 0 1
1712721657 2415 193 191 168 21 1 11 8 5 3 2 2 1 1 0 1 0 0 1
1712722268 2416 193 191 168 21 1 11 8 5 3 2 2 1 1 0 1 0 0 1
1712780212 2417 193 191 168 21 1 11 8 5 3 2 2 1 1 0 1 0 0 1
1712784075 2418 193 192 168 21 1 11 8 5 3 2 2 1 1 0 1 0 0 1
1712875666 2419 193 192 168 21 1 11 8 5 3 2 2 1 1 0 1 0 0 1
1712917917 2419 194 192 168 21 1 11 8 5 3 2 2 1 1 0 1 0 0 1
1712923696 2420 194 192 168 21 1 11 8 5 3 2 2 1 1 0 1 0 0 1
1712942590 2421 194 192 168 21 1 11 8 5 3 2 2 1 1 0 1 0 0 1
1713112989 2422 194 192 168 21 1 11 8 5 3 2 2 1 1 0 1 0 0 1
1713178615 2422 195 192 168 21 1 11 8 5 3 2 2 1 1 0 1 0 0 1
1713179240 2422 196 192 168 21 1 11 8 5 3 2 2 1 1 0 1 0 0 1
1713297416 2423 196 192 168 21 1 11 8 5 3 2 2 1 1 0 1 0 0 1
1713310935 2424 196 192 168 21 1 11 8 5 3 2 2 1 1 0 1 0 0 1
1713314578 2425 196 192 168 21 1 11 8 5 3 2 2 1 1 0 1 0 0 1
1713320957 2426 196 192 168 21 1 11 8 5 3 2 2 1 1 0 1 0 0 1
1713321564 2427 196 192 168 21 1 11 8 5 3 2 2 1 1 0 1 0 0 1
1713322121 2428 196 192 168 21 1 11 8 5 3 2 2 1 1 0 1 0 0 1
1713441223 2429 196 192 168 21 1 11 8 5 3 2 2 1 1 0 1 0 0 1
1713572537 2429 197 192 168 21 1 11 8 5 3 2 2 1 1 0 1 0 0 1
1713578029 2429 198 192 168 21 1 11 8 5 3 2 2 1 1 0 1 0 0 1
1713587673 2429 199 192 168 21 1 11 8 5 3 2 2 1 1 0 1 0 0 1
1713661964 2430 199 192 168 21 1 11 8 5 3 2 2 1 1 0 1 0 0 1
1713777225 2430 200 192 168 21 1 11 8 5 3 2 2 1 1 0 1 0 0 1
1713829681 2430 201 192 168 21 1 11 8 5 3 2 2 1 1 0 1 0 0 1
1713953898 2430 202 192 168 21 1 11 8 5 3 2 2 1 1 0 1 0 0 1
1714002742 2430 203 192 168 21 1 11 8 5 3 2 2 1 1 0 1 0 0 1
1714054589 2431 203 192 168 21 1 11 8 5 3 2 2 1 1 0 1 0 0 1
1714313897 2432 203 192 168 21 1 11 8 5 3 2 2 1 1 0 1 0 0 1
1714322661 2433 203 192 168 21 1 11 8 5 3 2 2 1 1 0 1 0 0 1
1714395781 2434 203 192 168 21 1 11 8 5 3 2 2 1 1 0 1 0 0 1
1714398913 2435 203 192 168 21 1 11 8 5 3 2 2 1 1 0 1 0 0 1
1714443930 2436 203 192 168 21 1 11 8 5 3 2 2 1 1 0 1 0 0 1
1714520125 2437 203 192 168 21 1 11 8 5 3 2 2 1 1 0 1 0 0 1
1714522237 2438 203 192 168 21 1 11 8 5 3 2 2 1 1 0 1 0 0 1
1714563297 2438 204 192 168 21 1 11 8 5 3 2 2 1 1 0 1 0 0 1
1714563475 2438 205 192 168 21 1 11 8 5 3 2 2 1 1 0 1 0 0 1
1714573387 2439 205 192 168 21 1 11 8 5 3 2 2 1 1 0 1 0 0 1
1714581015 2440 205 192 168 21 1 11 8 5 3 2 2 1 1 0 1 0 0 1
1714637871 2440 206 192 168 21 1 11 8 5 3 2 2 1 1 0 1 0 0 1
1714692849 2440 207 193 168 21 1 11 8 5 3 2 2 1 1 0 1 0 0 1
1714836789 2441 207 193 168 21 1 11 8 5 3 2 2 1 1 0 1 0 0 1
1714843051 2442 207 193 168 21 1 11 8 5 3 2 2 1 1 0 1 0 0 1
1714944534 2443 207 193 168 21 1 11 8 5 3 2 2 1 1 0 1 0 0 1
1715030343 2444 207 193 168 21 1 11 8 5 3 2 2 1 1 0 1 0 0 1
1715079407 2444 208 193 168 21 1 11 8 5 3 2 2 1 1 0 1 0 0 1
1715187773 2445 208 193 168 21 1 11 8 5 3 2 2 1 1 0 1 0 0 1
1715208217 2446 208 193 168 21 1 11 8 5 3 2 2 1 1 0 1 0 0 1
1715258629 2447 208 193 168 21 1 11 8 5 3 2 2 1 1 0 1 0 0 1
1715340124 2448 208 193 168 21 1 11 8 5 3 2 2 1 1 0 1 0 0 1
1715554442 2449 208 193 168 21 1 11 8 5 3 2 2 1 1 0 1 0 0 1
1715651033 2450 208 193 168 21 1 11 8 5 3 2 2 1 1 0 1 0 0 1
1715694901 2450 209 193 168 21 1 11 8 5 3 2 2 1 1 0 1 0 0 1
1715718913 2451 209 193 168 21 1 11 8 5 3 2 2 1 1 0 1 0 0 1
1715720456 2452 209 193 168 21 1 11 8 5 3 2 2 1 1 0 1 0 0 1
1715873819 2453 209 193 168 21 1 11 8 5 3 2 2 1 1 0 1 0 0 1
1715887079 2454 209 193 168 21 1 11 8 5 3 2 2 1 1 0 1 0 0 1
1716031624 2455 209 193 168 21 1 11 8 5 3 2 2 1 1 0 1 0 0 1
1716055109 2456 209 193 168 21 1 11 8 5 3 2 2 1 1 0 1 0 0 1
1716133004 2457 209 193 168 21 1 11 8 5 3 2 2 1 1 0 1 0 0 1
1716324439 2458 209 193 168 21 1 11 8 5 3 2 2 1 1 0 1 0 0 1
1716371264 2458 210 193 168 21 1 11 8 5 3 2 2 1 1 0 1 0 0 1
1716564934 2459 210 193 168 21 1 11 8 5 3 2 2 1 1 0 1 0 0 1
1716608045 2460 210 193 168 21 1 11 8 5 3 2 2 1 1 0 1 0 0 1
1716685910 2461 210 193 168 21 1 11 8 5 3 2 2 1 1 0 1 0 0 1
1716687605 2462 210 193 168 21 1 11 8 5 3 2 2 1 1 0 1 0 0 1
1716688682 2463 210 193 168 21 1 11 8 5 3 2 2 1 1 0 1 0 0 1
1716690215 2464 210 193 168 21 1 11 8 5 3 2 2 1 1 0 1 0 0 1
1716771673 2464 211 193 168 21 1 11 8 5 3 2 2 1 1 0 1 0 0 1
1716772671 2465 211 193 168 21 1 11 8 5 3 2 2 1 1 0 1 0 0 1
1717168636 2466 211 193 168 21 1 11 8 5 3 2 2 1 1 0 1 0 0 1
1717182344 2467 211 193 168 21 1 11 8 5 3 2 2 1 1 0 1 0 0 1
1717340771 2468 211 193 168 21 1 11 8 5 3 2 2 1 1 0 1 0 0 1
1717341202 2469 211 193 168 21 1 11 8 5 3 2 2 1 1 0 1 0 0 1
1717409482 2469 212 193 168 21 1 11 8 5 3 2 2 1 1 0 1 0 0 1
1717575837 2469 212 194 168 21 1 11 8 5 3 2 2 1 1 0 1 0 0 1
1717894591 2469 213 194 168 21 1 11 8 5 3 2 2 1 1 0 1 0 0 1
1718116942 2469 214 194 168 21 1 11 8 5 3 2 2 1 1 0 1 0 0 1
1718150299 2469 215 194 168 21 1 11 8 5 3 2 2 1 1 0 1 0 0 1
1719080973 2470 215 195 168 21 1 11 8 5 3 2 2 1 1 0 1 0 0 1
1719401435 2470 216 195 168 21 1 11 8 5 3 2 2 1 1 0 1 0 0 1
1719402001 2470 217 195 168 21 1 11 8 5 3 2 2 1 1 0 1 0 0 1
1719403515 2470 218 195 168 21 1 11 8 5 3 2 2 1 1 0 1 0 0 1
1719404942 2470 219 195 168 21 1 11 8 5 3 2 2 1 1 0 1 0 0 1
1719526285 2470 219 196 168 21 1 11 8 5 3 2 2 1 1 0 1 0 0 1
1719526438 2470 219 197 168 21 1 11 8 5 3 2 2 1 1 0 1 0 0 1
1719526568 2470 219 198 168 21 1 11 8 5 3 2 2 1 1 0 1 0 0 1
1719566666 2470 219 199 168 21 1 11 8 5 3 2 2 1 1 0 1 0 0 1
1719624321 2471 219 199 168 21 1 11 8 5 3 2 2 1 1 0 1 0 0 1
1719624384 2472 219 199 168 21 1 11 8 5 3 2 2 1 1 0 1 0 0 1
1719625430 2473 219 199 168 21 1 11 8 5 3 2 2 1 1 0 1 0 0 1
1719667199 2474 219 199 168 21 1 11 8 5 3 2 2 1 1 0 1 0 0 1
1719684453 2475 219 199 168 21 1 11 8 5 3 2 2 1 1 0 1 0 0 1
1719698594 2476 219 199 168 21 1 11 8 5 3 2 2 1 1 0 1 0 0 1
1719790102 2476 220 199 168 21 1 11 8 5 3 2 2 1 1 0 1 0 0 1
1719796013 2477 220 199 168 21 1 11 8 5 3 2 2 1 1 0 1 0 0 1
1719828637 2477 221 199 168 21 1 11 8 5 3 2 2 1 1 0 1 0 0 1
1719829582 2477 222 199 168 21 1 11 8 5 3 2 2 1 1 0 1 0 0 1
1720017899 2478 222 199 168 21 1 11 8 5 3 2 2 1 1 0 1 0 0 1
1720019711 2479 222 199 168 21 1 11 8 5 3 2 2 1 1 0 1 0 0 1
1720105445 2480 222 199 168 21 1 11 8 5 3 2 2 1 1 0 1 0 0 1
1720392705 2481 222 199 168 21 1 11 8 5 3 2 2 1 1 0 1 0 0 1
1720396855 2482 222 199 168 21 1 11 8 5 3 2 2 1 1 0 1 0 0 1
1720397330 2483 222 199 168 21 1 11 8 5 3 2 2 1 1 0 1 0 0 1
1720403260 2484 222 199 168 21 1 11 8 5 3 2 2 1 1 0 1 0 0 1
1720429692 2485 222 199 168 21 1 11 8 5 3 2 2 1 1 0 1 0 0 1
1720435629 2486 222 199 168 21 1 11 8 5 3 2 2 1 1 0 1 0 0 1
1720445324 2487 222 199 168 21 1 11 8 5 3 2 2 1 1 0 1 0 0 1
1720445468 2488 222 199 168 21 1 11 8 5 3 2 2 1 1 0 1 0 0 1
1720556610 2489 222 199 168 21 1 11 8 5 3 2 2 1 1 0 1 0 0 1
1721593889 2490 222 199 168 21 1 11 8 5 3 2 2 1 1 0 1 0 0 1
1721691902 2491 222 199 168 21 1 11 8 5 3 2 2 1 1 0 1 0 0 1
1722094019 2492 222 199 168 21 1 11 8 5 3 2 2 1 1 0 1 0 0 1
1723477600 2493 222 199 168 21 1 11 8 5 3 2 2 1 1 0 1 0 0 1
1723766596 2494 222 199 168 21 1 11 8 5 3 2 2 1 1 0 1 0 0 1
1724581599 2494 222 199 168 21 1 12 8 5 3 2 2 1 1 0 1 0 0 1
1724764931 2495 222 199 168 21 1 12 8 5 3 2 2 1 1 0 1 0 0 1
1724836923 2496 222 199 168 21 1 12 8 5 3 2 2 1 1 0 1 0 0 1
1724843690 2497 222 199 168 21 1 12 8 5 3 2 2 1 1 0 1 0 0 1
1724935350 2497 223 199 168 21 1 12 8 5 3 2 2 1 1 0 1 0 0 1
1725669242 2497 224 199 168 21 1 12 8 5 3 2 2 1 1 0 1 0 0 1
1726702351 2497 225 199 168 21 1 12 8 5 3 2 2 1 1 0 1 0 0 1
1727567532 2497 226 199 168 21 1 12 8 5 3 2 2 1 1 0 1 0 0 1
1729036072 2497 227 199 168 21 1 12 8 5 3 2 2 1 1 0 1 0 0 1
1729036301 2497 228 199 168 21 1 12 8 5 3 2 2 1 1 0 1 0 0 1
1729036891 2497 229 199 168 21 1 12 8 5 3 2 2 1 1 0 1 0 0 1
1729077801 2497 230 199 168 21 1 12 8 5 3 2 2 1 1 0 1 0 0 1
1729209402 2497 231 199 168 21 1 12 8 5 3 2 2 1 1 0 1 0 0 1
1729330178 2497 231 199 168 21 1 13 8 5 3 2 2 1 1 0 1 0 0 1
1729387344 2497 232 199 168 21 1 13 8 5 3 2 2 1 1 0 1 0 0 1
1729516468 2497 233 199 168 21 1 13 8 5 3 2 2 1 1 0 1 0 0 1
1729516872 2497 234 199 168 21 1 13 8 5 3 2 2 1 1 0 1 0 0 1
1730464354 2497 235 200 168 21 1 13 8 5 3 2 2 1 1 0 1 0 0 1
1731543031 2498 236 200 168 21 1 13 8 5 3 2 2 1 1 0 1 0 0 1
1732805169 2499 236 200 168 21 1 13 8 5 3 2 2 1 1 0 1 0 0 1
1733093067 2500 236 200 168 21 1 13 8 5 3 2 2 1 1 0 1 0 0 1
1733223534 2500 237 200 168 21 1 13 8 5 3 2 2 1 1 0 1 0 0 1
1733587157 2501 237 200 168 21 1 13 8 5 3 2 2 1 1 0 1 0 0 1
1733588252 2502 237 200 168 21 1 13 8 5 3 2 2 1 1 0 1 0 0 1
1733594173 2503 237 200 168 21 1 13 8 5 3 2 2 1 1 0 1 0 0 1
1733828876 2504 237 200 168 21 1 13 8 5 3 2 2 1 1 0 1 0 0 1
1733921380 2504 238 200 168 21 1 13 8 5 3 2 2 1 1 0 1 0 0 1
1734695234 2505 238 200 168 21 1 13 8 5 3 2 2 1 1 0 1 0 0 1
1734705071 2506 238 200 168 21 1 13 8 5 3 2 2 1 1 0 1 0 0 1
1734705772 2507 238 200 168 21 1 13 8 5 3 2 2 1 1 0 1 0 0 1
1734706518 2508 238 200 168 21 1 13 8 5 3 2 2 1 1 0 1 0 0 1
1734726193 2509 238 200 168 21 1 13 8 5 3 2 2 1 1 0 1 0 0 1
1734727300 2510 238 200 168 21 1 13 8 5 3 2 2 1 1 0 1 0 0 1
1734727679 2511 238 200 168 21 1 13 8 5 3 2 2 1 1 0 1 0 0 1
1734860350 2511 238 201 168 21 1 13 8 5 3 2 2 1 1 0 1 0 0 1
1734912883 2512 238 201 168 21 1 13 8 5 3 2 2 1 1 0 1 0 0 1
1735085870 2513 238 201 168 21 1 13 8 5 3 2 2 1 1 0 1 0 0 1
1735101000 2514 238 201 168 21 1 13 8 5 3 2 2 1 1 0 1 0 0 1
1736119145 2515 238 201 168 21 1 13 8 5 3 2 2 1 1 0 1 0 0 1
1736376138 2516 238 201 168 21 1 13 8 5 3 2 2 1 1 0 1 0 0 1
1736388558 2517 238 201 168 21 1 13 8 5 3 2 2 1 1 0 1 0 0 1
1736388696 2518 238 201 168 21 1 13 8 5 3 2 2 1 1 0 1 0 0 1
1736494349 2519 238 201 168 21 1 13 8 5 3 2 2 1 1 0 1 0 0 1
1736560801 2520 238 201 168 21 1 13 8 5 3 2 2 1 1 0 1 0 0 1
1736597937 2521 238 201 168 21 1 13 8 5 3 2 2 1 1 0 1 0 0 1
1736765182 2522 238 201 168 21 1 13 8 5 3 2 2 1 1 0 1 0 0 1
1736942683 2523 238 201 168 21 1 13 8 5 3 2 2 1 1 0 1 0 0 1
1738051277 2523 239 201 168 21 1 13 8 5 3 2 2 1 1 0 1 0 0 1
1738070781 2523 240 201 168 21 1 13 8 5 3 2 2 1 1 0 1 0 0 1
1738096679 2524 240 201 168 21 1 13 8 5 3 2 2 1 1 0 1 0 0 1
1738615028 2524 240 201 168 21 2 13 8 5 3 2 2 1 1 0 1 0 0 1
1738615250 2524 240 201 168 21 3 13 8 5 3 2 2 1 1 0 1 0 0 1
1738622431 2524 240 201 168 21 4 13 8 5 3 2 2 1 1 0 1 0 0 1
1738622472 2524 240 201 168 21 5 13 8 5 3 2 2 1 1 0 1 0 0 1
1738622544 2524 240 201 168 21 6 13 8 5 3 2 2 1 1 0 1 0 0 1
1738622579 2524 240 201 168 21 7 13 8 5 3 2 2 1 1 0 1 0 0 1
1738622613 2524 240 201 168 21 8 13 8 5 3 2 2 1 1 0 1 0 0 1
1738622636 2524 240 201 168 21 9 13 8 5 3 2 2 1 1 0 1 0 0 1
1738622670 2524 240 201 168 21 10 13 8 5 3 2 2 1 1 0 1 0 0 1
1738622817 2524 240 201 168 21 11 13 8 5 3 2 2 1 1 0 1 0 0 1
1738622865 2524 240 201 168 21 13 13 8 5 3 2 2 1 1 0 1 0 0 1
1738665444 2525 240 201 168 21 13 13 8 5 3 2 2 1 1 0 1 0 0 1
1738757829 2525 240 201 168 21 14 13 8 5 3 2 2 1 1 0 1 0 1 1
1738936617 2525 240 201 168 21 15 13 8 5 3 2 2 1 1 0 1 0 1 1
1739018293 2525 240 201 168 21 16 13 8 5 3 2 2 1 1 0 1 0 1 1
1739365255 2525 241 201 168 21 16 13 8 5 3 2 2 1 1 0 1 0 1 1
1739382495 2526 241 201 168 21 16 13 8 5 3 2 2 1 1 0 1 0 1 1
1739391862 2527 241 201 168 21 16 13 8 5 3 2 2 1 1 0 1 0 1 1
1740822244 2527 242 201 168 21 16 13 8 5 3 2 2 1 1 0 1 0 1 1
1740826689 2527 243 201 168 21 16 13 8 5 3 2 2 1 1 0 1 0 1 1
1740827458 2527 244 201 168 21 16 13 8 5 3 2 2 1 1 0 1 0 1 1
1740994067 2527 245 201 168 21 16 13 8 5 3 2 2 1 1 0 1 0 1 1
1741266776 2527 246 201 168 21 16 13 8 5 3 2 2 1 1 0 1 0 1 1
1741829118 2528 246 201 168 21 16 13 8 5 3 2 2 1 1 0 1 0 1 1
1741829208 2529 246 201 168 21 16 13 8 5 3 2 2 1 1 0 1 0 1 1
1742148915 2529 246 202 168 21 16 13 8 5 3 2 2 1 1 0 1 0 1 1
1742157131 2529 246 202 168 21 16 13 8 5 3 2 2 1 1 1 1 0 1 1
1742252916 2530 246 202 168 21 16 13 8 5 3 2 2 1 1 1 1 0 1 1
1742294519 2531 246 202 168 21 16 13 8 5 3 2 2 1 1 1 1 0 1 1
1742321579 2532 246 202 168 21 16 13 8 5 3 2 2 1 1 1 1 0 1 1
1742548862 2532 247 202 168 21 16 13 8 5 3 2 2 1 1 1 1 0 1 1
1743715541 2533 247 202 168 21 16 13 8 5 3 2 2 1 1 1 1 0 1 1
1743784838 2533 247 203 168 21 16 13 8 5 3 2 2 1 1 1 1 0 1 1
1743971084 2534 247 203 168 21 16 13 8 5 3 2 2 1 1 1 1 0 1 1
1743979155 2535 247 203 168 21 16 13 8 5 3 2 2 1 1 1 1 0 1 1
1744671886 2536 247 203 168 21 16 13 8 5 3 2 2 1 1 1 1 0 1 1
1745085302 2537 247 203 168 21 16 13 8 5 3 2 2 1 1 1 1 0 1 1
1745087263 2538 247 203 168 21 16 13 8 5 3 2 2 1 1 1 1 0 1 1
1745262276 2539 247 203 168 21 16 13 8 5 3 2 2 1 1 1 1 0 1 1
1745345867 2540 247 203 168 21 16 13 8 5 3 2 2 1 1 1 1 0 1 1
1745368517 2541 247 203 168 21 16 13 8 5 3 2 2 1 1 1 1 0 1 1
1745452641 2542 247 203 168 21 16 13 8 5 3 2 2 1 1 1 1 0 1 1
1745956885 2543 247 203 168 21 16 13 8 5 3 2 2 1 1 1 1 0 1 1
1746040483 2544 247 203 168 21 16 13 8 5 3 2 2 1 1 1 1 0 1 1
1746376206 2545 247 203 168 21 16 13 8 5 3 2 2 1 1 1 1 0 1 1
1746407487 2546 247 203 168 21 16 13 8 5 3 2 2 1 1 1 1 0 1 1
1746409311 2547 247 203 168 21 16 13 8 5 3 2 2 1 1 1 1 0 1 1
1746574492 2548 247 203 168 21 16 13 8 5 3 2 2 1 1 1 1 0 1 1
1746575465 2549 247 203 168 21 16 13 8 5 3 2 2 1 1 1 1 0 1 1
1746981295 2550 247 203 168 21 16 13 8 5 3 2 2 1 1 1 1 0 1 1
1746998891 2551 247 203 168 21 16 13 8 5 3 2 2 1 1 1 1 0 1 1
1747158988 2552 247 203 168 21 16 13 8 5 3 2 2 1 1 1 1 0 1 1
1747356553 2553 247 203 168 21 16 13 8 5 3 2 2 1 1 1 1 0 1 1
1747357235 2554 247 203 168 21 16 13 8 5 3 2 2 1 1 1 1 0 1 1
1747414628 2555 247 203 168 21 16 13 8 5 3 2 2 1 1 1 1 0 1 1
1747415395 2556 247 203 168 21 16 13 8 5 3 2 2 1 1 1 1 0 1 1
1747440557 2557 247 203 168 21 16 13 8 5 3 2 2 1 1 1 1 0 1 1
1747449349 2558 247 203 168 21 16 13 8 5 3 2 2 1 1 1 1 0 1 1
1747480381 2559 247 204 168 21 16 13 8 5 3 2 2 1 1 1 1 0 1 1
1747571920 2560 247 204 168 21 16 13 8 5 3 2 2 1 1 1 1 0 1 1
1747619841 2561 247 204 168 21 16 13 8 5 3 2 2 1 1 1 1 0 1 1
1747620350 2562 247 204 168 21 16 13 8 5 3 2 2 1 1 1 1 0 1 1
1747695048 2563 247 204 168 21 16 13 8 5 3 2 2 1 1 1 1 0 1 1
1747695496 2564 247 204 168 21 16 13 8 5 3 2 2 1 1 1 1 0 1 1
1747695943 2565 247 204 168 21 16 13 8 5 3 2 2 1 1 1 1 0 1 1
1747768422 2566 247 204 168 21 16 13 8 5 3 2 2 1 1 1 1 0 1 1
1747769516 2567 247 204 168 21 16 13 8 5 3 2 2 1 1 1 1 0 1 1
1747842726 2568 247 204 168 21 16 13 8 5 3 2 2 1 1 1 1 0 1 1
1748048126 2569 247 204 168 21 16 13 8 5 3 2 2 1 1 1 1 0 1 1
1748092864 2570 247 204 168 21 16 13 8 5 3 2 2 1 1 1 1 0 1 1
1748211251 2571 247 204 168 21 16 13 8 5 3 2 2 1 1 1 1 0 1 1
1748343921 2572 247 204 168 21 16 13 8 5 3 2 2 1 1 1 1 0 1 1
1748469650 2573 247 204 168 21 16 13 8 5 3 2 2 1 1 1 1 0 1 1
1748690906 2573 248 204 168 21 16 13 8 5 3 2 2 1 1 1 1 0 1 1
1748728262 2574 248 204 168 21 16 13 8 5 3 2 2 1 1 1 1 0 1 1
1748741604 2575 248 204 168 21 16 13 8 5 3 2 2 1 1 1 1 0 1 1
1748857517 2575 249 204 168 21 16 13 8 5 3 2 2 1 1 1 1 0 1 1
1748870363 2576 249 204 168 21 16 13 8 5 3 2 2 1 1 1 1 0 1 1
1748969179 2577 249 204 168 21 16 13 8 5 3 2 2 1 1 1 1 0 1 1
1748972358 2578 249 204 168 21 16 13 8 5 3 2 2 1 1 1 1 0 1 1
1748976915 2579 249 204 168 21 16 13 8 5 3 2 2 1 1 1 1 0 1 1
1748980167 2580 249 204 168 21 16 13 8 5 3 2 2 1 1 1 1 0 1 1
1748996837 2581 249 204 168 21 16 13 8 5 3 2 2 1 1 1 1 0 1 1
1749000671 2581 250 204 168 21 16 13 8 5 3 2 2 1 1 1 1 0 1 1
1749025741 2581 251 204 168 21 16 13 8 5 3 2 2 1 1 1 1 0 1 1
1749054583 2582 251 204 168 21 16 13 8 5 3 2 2 1 1 1 1 0 1 1
1749090154 2583 251 204 168 21 16 13 8 5 3 2 2 1 1 1 1 0 1 1
1749175323 2584 251 204 168 21 16 13 8 5 3 2 2 1 1 1 1 0 1 1
1749180694 2585 251 204 168 21 16 13 8 5 3 2 2 1 1 1 1 0 1 1
1749220414 2586 251 204 168 21 16 13 8 5 3 2 2 1 1 1 1 0 1 1
1749245295 2587 251 204 168 21 16 13 8 5 3 2 2 1 1 1 1 0 1 1
1749317615 2588 251 204 168 21 16 13 8 5 3 2 2 1 1 1 1 0 1 1
1749321953 2589 251 204 168 21 16 13 8 5 3 2 2 1 1 1 1 0 1 1
1749390849 2590 251 204 168 21 16 13 8 5 3 2 2 1 1 1 1 0 1 1
1749648797 2591 251 204 168 21 16 13 8 5 3 2 2 1 1 1 1 0 1 1
1749917513 2592 251 204 168 21 16 13 8 5 3 2 2 1 1 1 1 0 1 1
1750006007 2593 251 204 168 21 16 13 8 5 3 2 2 1 1 1 1 0 1 1
1750032474 2594 251 204 168 21 16 13 8 5 3 2 2 1 1 1 1 0 1 1
1750081074 2595 251 204 168 21 16 13 8 5 3 2 2 1 1 1 1 0 1 1
1750081109 2596 251 204 168 21 16 13 8 5 3 2 2 1 1 1 1 0 1 1
1750185969 2597 251 204 168 21 16 13 8 5 3 2 2 1 1 1 1 0 1 1
1750187691 2598 251 204 168 21 16 13 8 5 3 2 2 1 1 1 1 0 1 1
1750329500 2599 251 204 168 21 16 13 8 5 3 2 2 1 1 1 1 0 1 1
1750434283 2600 251 204 168 21 16 13 8 5 3 2 2 1 1 1 1 0 1 1
1750509095 2600 251 205 168 21 16 13 8 5 3 2 2 1 1 1 1 0 1 1
1750586627 2600 251 206 168 21 16 13 8 5 3 2 2 1 1 1 1 0 1 1
1750694525 2601 251 206 168 21 16 13 8 5 3 2 2 1 1 1 1 0 1 1
1750696410 2602 251 206 168 21 16 13 8 5 3 2 2 1 1 1 1 0 1 1
1750710748 2602 251 207 168 21 16 13 8 5 3 2 2 1 1 1 1 0 1 1
1750806822 2603 251 207 168 21 16 13 8 5 3 2 2 1 1 1 1 0 1 1
1751033358 2604 251 207 168 21 16 13 8 5 3 2 2 1 1 1 1 0 1 1
1751224144 2605 251 207 168 21 16 13 8 5 3 2 2 1 1 1 1 0 1 1
1751224287 2606 251 207 168 21 16 13 8 5 3 2 2 1 1 1 1 0 1 1
1751357910 2606 251 208 168 21 16 13 8 5 3 2 2 1 1 1 1 0 1 1
1751722035 2607 251 208 168 21 16 13 8 5 3 2 2 1 1 1 1 0 1 1
1751914786 2608 251 208 168 21 16 13 8 5 3 2 2 1 1 1 1 0 1 1
1751930565 2609 251 208 168 21 16 13 8 5 3 2 2 1 1 1 1 0 1 1
1753125814 2610 251 208 168 21 16 13 8 5 3 2 2 1 1 1 1 0 1 1
1753137374 2611 251 208 168 21 16 13 8 5 3 2 2 1 1 1 1 0 1 1
1753284649 2612 251 208 168 21 16 13 8 5 3 2 2 1 1 1 1 0 1 1
1753578880 2613 251 208 168 21 16 13 8 5 3 2 2 1 1 1 1 0 1 1
1753638210 2614 251 208 168 21 16 13 8 5 3 2 2 1 1 1 1 0 1 1
1753758781 2615 251 208 168 21 16 13 8 5 3 2 2 1 1 1 1 0 1 1
1753827635 2616 251 208 168 21 16 13 8 5 3 2 2 1 1 1 1 0 1 1
1754514962 2617 251 208 168 21 16 13 8 5 3 2 2 1 1 1 1 0 1 1
1754516074 2618 251 208 168 21 16 13 8 5 3 2 2 1 1 1 1 0 1 1
1754516880 2619 251 208 168 21 16 13 8 5 3 2 2 1 1 1 1 0 1 1
1759722293 2619 252 208 168 21 16 13 8 5 3 2 2 1 1 1 1 0 1 1
1759734260 2619 253 208 168 21 16 13 8 5 3 2 2 1 1 1 1 0 1 1
1759750987 2619 254 208 168 21 16 13 8 5 3 2 2 1 1 1 1 0 1 1
1759885420 2619 255 208 168 21 16 13 8 5 3 2 2 1 1 1 1 0 1 1
1759891805 2619 256 208 168 21 16 13 8 5 3 2 2 1 1 1 1 0 1 1
1759917197 2619 257 208 168 21 16 13 8 5 3 2 2 1 1 1 1 0 1 1
1759967093 2619 258 208 168 21 16 13 8 5 3 2 2 1 1 1 1 0 1 1
1759969674 2619 259 208 168 21 16 13 8 5 3 2 2 1 1 1 1 0 1 1
1759969710 2619 260 208 168 21 16 13 8 5 3 2 2 1 1 1 1 0 1 1
1761217455 2619 261 208 168 21 16 13 8 5 3 2 2 1 1 1 1 0 1 1
1762695431 2619 261 209 168 21 16 13 8 5 3 2 2 1 1 1 1 0 1 1
1766493913 2620 261 209 168 21 16 13 8 5 3 2 2 1 1 1 1 0 1 1
1766966953 2621 261 209 168 21 16 13 8 5 3 2 2 1 1 1 1 0 1 1
1767414232 2622 261 209 168 21 16 13 8 5 3 2 2 1 1 1 1 0 1 1
1767430581 2623 261 209 168 21 16 13 8 5 3 2 2 1 1 1 1 0 1 1
1767539833 2624 261 209 168 21 16 13 8 5 3 2 2 1 1 1 1 0 1 1
1767560035 2625 261 209 168 21 16 13 8 5 3 2 2 1 1 1 1 0 1 1
1767609557 2626 261 209 168 21 16 13 8 5 3 2 2 1 1 1 1 0 1 1
1767609933 2627 261 209 168 21 16 13 8 5 3 2 2 1 1 1 1 0 1 1
1767610330 2628 261 209 168 21 16 13 8 5 3 2 2 1 1 1 1 0 1 1
1767632609 2629 261 209 168 21 16 13 8 5 3 2 2 1 1 1 1 0 1 1
1768347532 2630 261 209 168 21 16 13 8 5 3 2 2 1 1 1 1 0 1 1
1768348745 2631 261 209 168 21 16 13 8 5 3 2 2 1 1 1 1 0 1 1
1768485224 2632 261 209 168 21 16 13 8 5 3 2 2 1 1 1 1 0 1 1
1768513820 2633 261 209 168 21 16 13 8 5 3 2 2 1 1 1 1 0 1 1
1768515838 2634 261 209 168 21 16 13 8 5 3 2 2 1 1 1 1 0 1 1
1768787708 2635 261 209 168 21 16 13 8 5 3 2 2 1 1 1 1 0 1 1
1768842809 2636 261 209 168 21 16 13 8 5 3 2 2 1 1 1 1 0 1 1
1768999636 2637 261 209 168 21 16 13 8 5 3 2 2 1 1 1 1 0 1 1
1769685211 2638 261 209 168 21 16 13 8 5 3 2 2 1 1 1 1 0 1 1
1770131157 2639 261 209 168 21 16 13 8 5 3 2 2 1 1 1 1 0 1 1
1770201688 2640 261 209 168 21 16 13 8 5 3 2 2 1 1 1 1 0 1 1
1771005362 2640 261 210 168 21 16 13 8 5 3 2 2 1 1 1 1 0 1 1
1771241759 2640 262 210 168 21 16 13 8 5 3 2 2 1 1 1 1 0 1 1
1771298989 2641 262 210 168 21 16 13 8 5 3 2 2 1 1 1 1 0 1 1
1771466133 2642 262 210 168 21 16 13 8 5 3 2 2 1 1 1 1 0 1 1
1771466605 2643 262 210 168 21 16 13 8 5 3 2 2 1 1 1 1 0 1 1
1771501952 2644 262 210 168 21 16 13 8 5 3 2 2 1 1 1 1 0 1 1
1771528661 2645 262 210 168 21 16 13 8 5 3 2 2 1 1 1 1 0 1 1
1771538055 2646 262 210 168 21 16 13 8 5 3 2 2 1 1 1 1 0 1 1
1771538811 2647 262 210 168 21 16 13 8 5 3 2 2 1 1 1 1 0 1 1
1771623994 2648 262 210 168 21 16 13 8 5 3 2 2 1 1 1 1 0 1 1
1771724727 2648 263 210 168 21 16 13 8 5 3 2 2 1 1 1 1 0 1 1
1771773930 2649 263 210 168 21 16 13 8 5 3 2 2 1 1 1 1 0 1 1
1771774679 2650 263 210 168 21 16 13 8 5 3 2 2 1 1 1 1 0 1 1
1771800568 2651 263 210 168 21 16 13 8 5 3 2 2 1 1 1 1 0 1 1
1771844743 2652 263 210 168 21 16 13 8 5 3 2 2 1 1 1 1 0 1 1
1771959042 2653 263 210 168 21 16 13 8 5 3 2 2 1 1 1 1 0 1 1
1772023724 2653 264 210 168 21 16 13 8 5 3 2 2 1 1 1 1 0 1 1
1772028062 2653 265 210 168 21 16 13 8 5 3 2 2 1 1 1 1 0 1 1
1772054560 2654 265 210 168 21 16 13 8 5 3 2 2 1 1 1 1 0 1 1
1772064434 2654 265 211 168 21 16 13 8 5 3 2 2 1 1 1 1 0 1 1
1772105447 2654 266 211 168 21 16 13 8 5 3 2 2 1 1 1 1 0 1 1
1772188879 2654 267 211 168 21 16 13 8 5 3 2 2 1 1 1 1 0 1 1
1772240793 2654 268 211 168 21 16 13 8 5 3 2 2 1 1 1 1 0 1 1
1772257688 2654 269 211 168 21 16 13 8 5 3 2 2 1 1 1 1 0 1 1
1772341639 2654 270 211 168 21 16 13 8 5 3 2 2 1 1 1 1 0 1 1
1772470192 2655 270 211 168 21 16 13 8 5 3 2 2 1 1 1 1 0 1 1
1772470234 2656 270 211 168 21 16 13 8 5 3 2 2 1 1 1 1 0 1 1
1772504401 2657 270 211 168 21 16 13 8 5 3 2 2 1 1 1 1 0 1 1
1772541750 2657 271 211 168 21 16 13 8 5 3 2 2 1 1 1 1 0 1 1
1772665870 2657 271 213 168 21 16 13 8 5 3 2 2 1 1 1 1 1 1 1
1772740317 2658 271 213 168 21 16 13 8 5 3 2 2 1 1 1 1 1 1 1
1772757454 2659 271 213 168 21 16 13 8 5 3 2 2 1 1 1 1 1 1 1
1772757831 2660 271 213 168 21 16 13 8 5 3 2 2 1 1 1 1 1 1 1
1772758703 2661 271 213 168 21 16 13 8 5 3 2 2 1 1 1 1 1 1 1
1772801839 2662 271 213 168 21 16 13 8 5 3 2 2 1 1 1 1 1 1 1
1772805342 2663 271 213 168 21 16 13 8 5 3 2 2 1 1 1 1 1 1 1
1772893987 2664 271 213 168 21 16 13 8 5 3 2 2 1 1 1 1 1 1 1
1772924226 2665 271 213 168 21 16 13 8 5 3 2 2 1 1 1 1 1 1 1
1773064331 2666 271 213 168 21 16 13 8 5 3 2 2 1 1 1 1 1 1 1
1773177140 2667 271 213 168 21 16 13 8 5 3 2 2 1 1 1 1 1 1 1
1773260959 2668 271 213 168 21 16 13 8 5 3 2 2 1 1 1 1 1 1 1
1773264298 2669 271 213 168 21 16 13 8 5 3 2 2 1 1 1 1 1 1 1
1773400144 2670 271 213 168 21 16 13 8 5 3 2 2 1 1 1 1 1 1 1
1773410852 2671 271 213 168 21 16 13 8 5 3 2 2 1 1 1 1 1 1 1
1773652749 2671 272 213 168 21 16 13 8 5 3 2 2 1 1 1 1 1 1 1
1773669284 2672 272 213 168 21 16 13 8 5 3 2 2 1 1 1 1 1 1 1
1773826918 2672 273 213 168 21 16 13 8 5 3 2 2 1 1 1 1 1 1 1
1773828101 2672 274 213 168 21 16 13 8 5 3 2 2 1 1 1 1 1 1 1
1773896272 2673 274 213 168 21 16 13 8 5 3 2 2 1 1 1 1 1 1 1
1773958069 2674 274 213 168 21 16 13 8 5 3 2 2 1 1 1 1 1 1 1
1773960564 2675 274 213 168 21 16 13 8 5 3 2 2 1 1 1 1 1 1 1
1773971978 2676 274 213 168 21 16 13 8 5 3 2 2 1 1 1 1 1 1 1
1774096180 2677 274 213 168 21 16 13 8 5 3 2 2 1 1 1 1 1 1 1
1774097705 2678 274 213 168 21 16 13 8 5 3 2 2 1 1 1 1 1 1 1
1774107873 2679 274 213 168 21 16 13 8 5 3 2 2 1 1 1 1 1 1 1
1774110966 2680 274 213 168 21 16 13 8 5 3 2 2 1 1 1 1 1 1 1
1774185001 2681 274 213 168 21 16 13 8 5 3 2 2 1 1 1 1 1 1 1
1774205723 2682 274 213 168 21 16 13 8 5 3 2 2 1 1 1 1 1 1 1
1774240560 2683 274 213 168 21 16 13 8 5 3 2 2 1 1 1 1 1 1 1
1774284366 2684 274 213 168 21 16 13 8 5 3 2 2 1 1 1 1 1 1 1
1774285791 2685 274 213 168 21 16 13 8 5 3 2 2 1 1 1 1 1 1 1
1774367554 2686 274 213 168 21 16 13 8 5 3 2 2 1 1 1 1 1 1 1
1774381034 2687 274 213 168 21 16 13 8 5 3 2 2 1 1 1 1 1 1 1
1774384443 2688 274 213 168 21 16 13 8 5 3 2 2 1 1 1 1 1 1 1
1774449769 2689 274 213 168 21 16 13 8 5 3 2 2 1 1 1 1 1 1 1
1774462033 2690 274 213 168 21 16 13 8 5 3 2 2 1 1 1 1 1 1 1
1774675585 2691 274 213 168 21 16 13 8 5 3 2 2 1 1 1 1 1 1 1
1774796376 2692 274 213 168 21 16 13 8 5 3 2 2 1 1 1 1 1 1 1
1774932008 2693 274 213 168 21 16 13 8 5 3 2 2 1 1 1 1 1 1 1
1774932409 2694 274 213 168 21 16 13 8 5 3 2 2 1 1 1 1 1 1 1
1775082962 2695 274 213 168 21 16 13 8 5 3 2 2 1 1 1 1 1 1 1
1775083669 2696 274 213 168 21 16 13 8 5 3 2 2 1 1 1 1 1 1 1
1775102919 2697 274 213 168 21 16 13 8 5 3 2 2 1 1 1 1 1 1 1
1775302343 2698 274 213 168 21 16 13 8 5 3 2 2 1 1 1 1 1 1 1
1775992707 2698 275 213 168 21 16 13 8 5 3 2 2 1 1 1 1 1 1 1
1776110218 2699 275 213 168 21 16 13 8 5 3 2 2 1 1 1 1 1 1 1
1776130366 2700 275 213 168 21 16 13 8 5 3 2 2 1 1 1 1 1 1 1
1776158743 2700 276 213 168 21 16 13 8 5 3 2 2 1 1 1 1 1 1 1
1776168484 2700 277 213 168 21 16 13 8 5 3 2 2 1 1 1 1 1 1 1
1776206442 2701 277 213 168 21 16 13 8 5 3 2 2 1 1 1 1 1 1 1
1776398190 2701 278 213 168 21 16 13 8 5 3 2 2 1 1 1 1 1 1 1
1776400126 2702 278 213 168 21 16 13 8 5 3 2 2 1 1 1 1 1 1 1
1776401505 2702 279 213 168 21 16 13 8 5 3 2 2 1 1 1 1 1 1 1
1776495444 2702 280 213 168 21 16 13 8 5 3 2 2 1 1 1 1 1 1 1
1776574137 2702 281 213 168 21 16 13 8 5 3 2 2 1 1 1 1 1 1 1
1776575247 2702 282 213 168 21 16 13 8 5 3 2 2 1 1 1 1 1 1 1
1776600956 2703 282 213 168 21 16 13 8 5 3 2 2 1 1 1 1 1 1 1
1776600978 2704 282 213 168 21 16 13 8 5 3 2 2 1 1 1 1 1 1 1
1776638678 2704 283 213 168 21 16 13 8 5 3 2 2 1 1 1 1 1 1 1
1776682688 2704 284 213 168 21 16 13 8 5 3 2 2 1 1 1 1 1 1 1
1776724012 2704 285 213 168 21 16 13 8 5 3 2 2 1 1 1 1 1 1 1
1776724504 2704 286 213 168 21 16 13 8 5 3 2 2 1 1 1 1 1 1 1
1776762207 2704 287 213 168 21 16 13 8 5 3 2 2 1 1 1 1 1 1 1
1776772588 2704 288 213 168 21 16 13 8 5 3 2 2 1 1 1 1 1 1 1
1776773157 2704 289 213 168 21 16 13 8 5 3 2 2 1 1 1 1 1 1 1
1776776109 2704 290 213 168 21 16 13 8 5 3 2 2 1 1 1 1 1 1 1
1776777411 2704 291 213 168 21 16 13 8 5 3 2 2 1 1 1 1 1 1 1
1776818588 2704 292 213 168 21 16 13 8 5 3 2 2 1 1 1 1 1 1 1
1776899806 2704 293 213 168 21 16 13 8 5 3 2 2 1 1 1 1 1 1 1
1776902988 2704 294 213 168 21 16 13 8 5 3 2 2 1 1 1 1 1 1 1
1776912735 2704 295 213 168 21 16 13 8 5 3 2 2 1 1 1 1 1 1 1
1776948958 2704 296 213 168 21 16 13 8 5 3 2 2 1 1 1 1 1 1 1
1776992419 2705 296 213 168 21 16 13 8 5 3 2 2 1 1 1 1 1 1 1
1777044121 2705 297 213 168 21 16 13 8 5 3 2 2 1 1 1 1 1 1 1
