1183501340 31 0 0 0 0 0 0 0 0 0 0 0 0 0 0 0 0 0 0
1183549919 88778 0 0 0 0 0 0 0 0 0 0 0 0 0 0 0 0 0 0
1183587432 197289 0 0 0 0 0 0 0 0 0 0 0 0 0 0 0 0 0 0
1183634758 359269 0 0 0 0 0 0 0 0 0 0 0 0 0 0 0 0 0 0
1183650066 392929 0 0 0 0 0 0 0 0 0 0 0 0 0 0 0 0 0 0
1183654163 473101 0 0 0 0 0 0 0 0 0 0 0 0 0 0 0 0 0 0
1183663407 473120 0 0 0 0 0 0 0 0 0 0 0 0 0 0 0 0 0 0
1183664488 473838 0 0 0 0 0 0 0 0 0 0 0 0 0 0 0 0 0 0
1183720424 478083 0 0 0 0 0 0 0 0 0 0 0 0 0 0 0 0 0 0
1183721297 478093 0 0 0 0 0 0 0 0 0 0 0 0 0 0 0 0 0 0
1183728889 478263 0 0 0 0 0 0 0 0 0 0 0 0 0 0 0 0 0 0
1183810601 478276 0 0 0 0 0 0 0 0 0 0 0 0 0 0 0 0 0 0
1183811142 478292 0 0 0 0 0 0 0 0 0 0 0 0 0 0 0 0 0 0
1183945190 478293 0 0 0 0 0 0 0 0 0 0 0 0 0 0 0 0 0 0
1183946501 478345 0 0 0 0 0 0 0 0 0 0 0 0 0 0 0 0 0 0
1184193508 478427 0 0 0 0 0 0 0 0 0 0 0 0 0 0 0 0 0 0
1184199196 478462 0 0 0 0 0 0 0 0 0 0 0 0 0 0 0 0 0 0
1184339850 478486 0 0 0 0 0 0 0 0 0 0 0 0 0 0 0 0 0 0
1184428968 478486 0 0 0 0 0 0 0 0 0 0 0 0 0 0 0 0 0 0
1184429458 478486 0 0 0 0 0 0 0 0 0 0 0 0 0 0 0 0 0 0
1184430216 478486 0 0 0 0 0 0 0 0 0 0 0 0 0 0 0 0 0 0
1184431745 478490 0 0 0 0 0 0 0 0 0 0 0 0 0 0 0 0 0 0
1184767328 478556 0 0 0 0 0 0 0 0 0 0 0 0 0 0 0 0 0 0
1184845524 478607 0 0 0 0 0 0 0 0 0 0 0 0 0 0 0 0 0 0
1184847904 478781 0 0 0 0 0 0 0 0 0 0 0 0 0 0 0 0 0 0
1185536907 478887 0 0 0 0 0 0 0 0 0 0 0 0 0 0 0 0 0 0
1185583166 482729 0 0 0 0 0 0 0 0 0 0 0 0 0 0 0 0 0 0
1185584902 482739 0 0 0 0 0 0 0 0 0 0 0 0 0 0 0 0 0 0
1187878819 482764 0 0 0 0 0 0 0 0 0 0 0 0 0 0 0 0 0 0
1187880619 482768 0 0 0 0 0 0 0 0 0 0 0 0 0 0 0 0 0 0
1187884995 482779 0 0 0 0 0 0 0 0 0 0 0 0 0 0 0 0 0 0
1187888390 482823 0 0 0 0 0 0 0 0 0 0 0 0 0 0 0 0 0 0
1187957326 483378 0 0 0 0 0 0 0 0 0 0 0 0 0 0 0 0 0 0
1187997850 483384 0 0 0 0 0 0 0 0 0 0 0 0 0 0 0 0 0 0
1188000240 483391 0 0 0 0 0 0 0 0 0 0 0 0 0 0 0 0 0 0
1188040909 484652 0 0 0 0 0 0 0 0 0 0 0 0 0 0 0 0 0 0
1188084618 484704 0 0 0 0 0 0 0 0 0 0 0 0 0 0 0 0 0 0
1188113649 484723 0 0 0 0 0 0 0 0 0 0 0 0 0 0 0 0 0 0
1188161679 484735 0 0 0 0 0 0 0 0 0 0 0 0 0 0 0 0 0 0
1188339013 484762 0 0 0 0 0 0 0 0 0 0 0 0 0 0 0 0 0 0
1188387918 484847 0 0 0 0 0 0 0 0 0 0 0 0 0 0 0 0 0 0
1188389447 484847 0 0 0 0 0 0 0 0 0 0 0 0 0 0 0 0 0 0
1188398415 484850 0 0 0 0 0 0 0 0 0 0 0 0 0 0 0 0 0 0
1188423116 484860 0 0 0 0 0 0 0 0 0 0 0 0 0 0 0 0 0 0
1188559794 484867 0 0 0 0 0 0 0 0 0 0 0 0 0 0 0 0 0 0
1188747945 484897 0 0 0 0 0 0 0 0 0 0 0 0 0 0 0 0 0 0
1188999047 485266 0 0 0 0 0 0 0 0 0 0 0 0 0 0 0 0 0 0
1189556820 485283 0 0 0 0 0 0 0 0 0 0 0 0 0 0 0 0 0 0
1189557450 485302 0 0 0 0 0 0 0 0 0 0 0 0 0 0 0 0 0 0
1189687930 485309 0 0 0 0 0 0 0 0 0 0 0 0 0 0 0 0 0 0
1189719478 485321 0 0 0 0 0 0 0 0 0 0 0 0 0 0 0 0 0 0
1189730380 485332 0 0 0 0 0 0 0 0 0 0 0 0 0 0 0 0 0 0
1189777541 485338 0 0 0 0 0 0 0 0 0 0 0 0 0 0 0 0 0 0
1189849950 485379 0 0 0 0 0 0 0 0 0 0 0 0 0 0 0 0 0 0
1190004436 485480 0 0 0 0 0 0 0 0 0 0 0 0 0 0 0 0 0 0
1190122631 485488 0 0 0 0 0 0 0 0 0 0 0 0 0 0 0 0 0 0
1190132099 485694 0 0 0 0 0 0 0 0 0 0 0 0 0 0 0 0 0 0
1190418213 485699 0 0 0 0 0 0 0 0 0 0 0 0 0 0 0 0 0 0
1190466551 485699 0 0 0 0 0 0 0 0 0 0 0 0 0 0 0 0 0 0
1190466666 485699 0 0 0 0 0 0 0 0 0 0 0 0 0 0 0 0 0 0
1190471000 485752 0 0 0 0 0 0 0 0 0 0 0 0 0 0 0 0 0 0
1190490323 485757 0 0 0 0 0 0 0 0 0 0 0 0 0 0 0 0 0 0
1190804717 487899 0 0 0 0 0 0 0 0 0 0 0 0 0 0 0 0 0 0
1190806213 487904 0 0 0 0 0 0 0 0 0 0 0 0 0 0 0 0 0 0
1190904812 488056 0 0 0 0 0 0 0 0 0 0 0 0 0 0 0 0 0 0
1190909358 488162 0 0 0 0 0 0 0 0 0 0 0 0 0 0 0 0 0 0
1190911564 488175 0 0 0 0 0 0 0 0 0 0 0 0 0 0 0 0 0 0
1190914347 488202 0 0 0 0 0 0 0 0 0 0 0 0 0 0 0 0 0 0
1190946812 488203 0 0 0 0 0 0 0 0 0 0 0 0 0 0 0 0 0 0
1190952584 488232 0 0 0 0 0 0 0 0 0 0 0 0 0 0 0 0 0 0
1190953743 488233 0 0 0 0 0 0 0 0 0 0 0 0 0 0 0 0 0 0
1191018660 488233 0 0 0 0 0 0 0 0 0 0 0 0 0 0 0 0 0 0
1191069979 488272 0 0 0 0 0 0 0 0 0 0 0 0 0 0 0 0 0 0
1191197970 488283 0 0 0 0 0 0 0 0 0 0 0 0 0 0 0 0 0 0
1191204621 488405 0 0 0 0 0 0 0 0 0 0 0 0 0 0 0 0 0 0
1191270938 488429 0 0 0 0 0 0 0 0 0 0 0 0 0 0 0 0 0 0
1191280631 488446 0 0 0 0 0 0 0 0 0 0 0 0 0 0 0 0 0 0
1191345243 488466 0 0 0 0 0 0 0 0 0 0 0 0 0 0 0 0 0 0
1191349660 488478 0 0 0 0 0 0 0 0 0 0 0 0 0 0 0 0 0 0
1191439700 490055 0 0 0 0 0 0 0 0 0 0 0 0 0 0 0 0 0 0
1191543166 490068 0 0 0 0 0 0 0 0 0 0 0 0 0 0 0 0 0 0
1191969745 490140 0 0 0 0 0 0 0 0 0 0 0 0 0 0 0 0 0 0
1191972614 490166 0 0 0 0 0 0 0 0 0 0 0 0 0 0 0 0 0 0
1192029281 490171 0 0 0 0 0 0 0 0 0 0 0 0 0 0 0 0 0 0
1192062882 490178 0 0 0 0 0 0 0 0 0 0 0 0 0 0 0 0 0 0
1192106999 490193 0 0 0 0 0 0 0 0 0 0 0 0 0 0 0 0 0 0
1192135870 490300 0 0 0 0 0 0 0 0 0 0 0 0 0 0 0 0 0 0
1192321656 490323 0 0 0 0 0 0 0 0 0 0 0 0 0 0 0 0 0 0
1192368082 490576 0 0 0 0 0 0 0 0 0 0 0 0 0 0 0 0 0 0
1192368668 490627 0 0 0 0 0 0 0 0 0 0 0 0 0 0 0 0 0 0
1192375231 490658 0 0 0 0 0 0 0 0 0 0 0 0 0 0 0 0 0 0
1192383245 490807 0 0 0 0 0 0 0 0 0 0 0 0 0 0 0 0 0 0
1192383438 490807 0 0 0 0 0 0 0 0 0 0 0 0 0 0 0 0 0 0
1192392614 490977 0 0 0 0 0 0 0 0 0 0 0 0 0 0 0 0 0 0
1192435848 490988 0 0 0 0 0 0 0 0 0 0 0 0 0 0 0 0 0 0
1192456469 497419 0 0 0 0 0 0 0 0 0 0 0 0 0 0 0 0 0 0
1192472391 498235 0 0 0 0 0 0 0 0 0 0 0 0 0 0 0 0 0 0
1192487716 498236 0 0 0 0 0 0 0 0 0 0 0 0 0 0 0 0 0 0
1192488067 498243 0 0 0 0 0 0 0 0 0 0 0 0 0 0 0 0 0 0
1192495514 498249 0 0 0 0 0 0 0 0 0 0 0 0 0 0 0 0 0 0
1192497117 498257 0 0 0 0 0 0 0 0 0 0 0 0 0 0 0 0 0 0
1192559552 498273 0 0 0 0 0 0 0 0 0 0 0 0 0 0 0 0 0 0
1192577116 498290 0 0 0 0 0 0 0 0 0 0 0 0 0 0 0 0 0 0
1192623758 498300 0 0 0 0 0 0 0 0 0 0 0 0 0 0 0 0 0 0
1192671403 498305 0 0 0 0 0 0 0 0 0 0 0 0 0 0 0 0 0 0
1193264752 498324 0 0 0 0 0 0 0 0 0 0 0 0 0 0 0 0 0 0
1193270655 498341 0 0 0 0 0 0 0 0 0 0 0 0 0 0 0 0 0 0
1193888337 498347 0 0 0 0 0 0 0 0 0 0 0 0 0 0 0 0 0 0
1193959463 498352 0 0 0 0 0 0 0 0 0 0 0 0 0 0 0 0 0 0
1193961052 499518 0 0 0 0 0 0 0 0 0 0 0 0 0 0 0 0 0 0
1194118492 499627 0 0 0 0 0 0 0 0 0 0 0 0 0 0 0 0 0 0
1194309808 499637 0 0 0 0 0 0 0 0 0 0 0 0 0 0 0 0 0 0
1194352340 499646 0 0 0 0 0 0 0 0 0 0 0 0 0 0 0 0 0 0
1194567014 499652 0 0 0 0 0 0 0 0 0 0 0 0 0 0 0 0 0 0
1194665758 499659 0 0 0 0 0 0 0 0 0 0 0 0 0 0 0 0 0 0
1194891706 499664 0 0 0 0 0 0 0 0 0 0 0 0 0 0 0 0 0 0
1195246341 499674 0 0 0 0 0 0 0 0 0 0 0 0 0 0 0 0 0 0
1195595518 499685 0 0 0 0 0 0 0 0 0 0 0 0 0 0 0 0 0 0
1195836736 499694 0 0 0 0 0 0 0 0 0 0 0 0 0 0 0 0 0 0
1195996467 499756 0 0 0 0 0 0 0 0 0 0 0 0 0 0 0 0 0 0
1196033933 499766 0 0 0 0 0 0 0 0 0 0 0 0 0 0 0 0 0 0
1196386944 499766 0 0 0 0 0 0 8 0 0 0 0 0 0 0 0 0 0 0
1196569055 499775 0 0 0 0 0 0 8 0 0 0 0 0 0 0 0 0 0 0
1196813773 499798 0 0 0 0 0 0 8 0 0 0 0 0 0 0 0 0 0 0
1196824433 499862 0 0 0 0 0 0 8 0 0 0 0 0 0 0 0 0 0 0
1196825672 499879 0 0 0 0 0 0 8 0 0 0 0 0 0 0 0 0 0 0
1196844089 500056 0 0 0 0 0 0 8 0 0 0 0 0 0 0 0 0 0 0
1196885536 500068 0 0 0 0 0 0 8 0 0 0 0 0 0 0 0 0 0 0
1196890714 500068 0 0 950 0 0 0 8 0 0 0 0 0 0 0 0 0 0 0
1196892953 500068 0 0 2587 0 0 0 8 0 0 0 0 0 0 0 0 0 0 0
1196907329 500073 0 0 2587 0 0 0 8 0 0 0 0 0 0 0 0 0 0 0
1196921360 500079 0 0 2587 0 0 0 8 0 0 0 0 0 0 0 0 0 0 0
1197456727 500173 0 0 2587 0 0 0 8 0 0 0 0 0 0 0 0 0 0 0
1197498617 500222 0 0 2587 0 0 0 8 0 0 0 0 0 0 0 0 0 0 0
1197559186 500222 0 0 2593 0 0 0 8 0 0 0 0 0 0 0 0 0 0 0
1197601176 500228 0 0 2593 0 0 0 8 0 0 0 0 0 0 0 0 0 0 0
1197610824 500361 0 0 2593 0 0 0 8 0 0 0 0 0 0 0 0 0 0 0
1197612683 500384 0 0 2593 0 0 0 8 0 0 0 0 0 0 0 0 0 0 0
1197698635 500384 0 0 2593 0 0 0 8 0 0 0 0 0 0 0 0 0 0 0
1197746785 500384 0 0 2595 0 0 0 8 0 0 0 0 0 0 0 0 0 0 0
1197747171 500384 0 0 2670 0 0 0 8 0 0 0 0 0 0 0 0 0 0 0
1197755628 500441 0 0 2670 0 0 0 8 0 0 0 0 0 0 0 0 0 0 0
1197821403 500572 0 0 2670 0 0 0 8 0 0 0 0 0 0 0 0 0 0 0
1197991073 500615 0 0 2670 0 0 0 8 0 0 0 0 0 0 0 0 0 0 0
1197991266 500629 0 0 2670 0 0 0 8 0 0 0 0 0 0 0 0 0 0 0
1198038650 500642 0 0 2670 0 0 0 8 0 0 0 0 0 0 0 0 0 0 0
1198040262 500667 0 0 2670 0 0 0 8 0 0 0 0 0 0 0 0 0 0 0
1198041677 500679 0 0 2670 0 0 0 8 0 0 0 0 0 0 0 0 0 0 0
1198331292 500681 0 0 2670 0 0 0 8 0 0 0 0 0 0 0 0 0 0 0
1198351545 500688 0 0 2670 0 0 0 8 0 0 0 0 0 0 0 0 0 0 0
1198492183 500688 0 0 2696 0 0 0 8 0 0 0 0 0 0 0 0 0 0 0
1198492817 500688 0 0 2735 0 0 0 8 0 0 0 0 0 0 0 0 0 0 0
1198888456 500688 0 0 2888 0 0 0 8 0 0 0 0 0 0 0 0 0 0 0
1199435442 500688 0 0 2986 0 0 0 8 0 0 0 0 0 0 0 0 0 0 0
1199501680 500700 0 0 2986 0 0 0 8 0 0 0 0 0 0 0 0 0 0 0
1199714311 500700 0 0 2995 0 0 0 8 0 0 0 0 0 0 0 0 0 0 0
1199723281 500700 0 0 3047 0 0 0 8 0 0 0 0 0 0 0 0 0 0 0
1199724131 500700 0 0 3064 0 0 0 8 0 0 0 0 0 0 0 0 0 0 0
1199771551 500700 0 0 3090 0 0 0 8 0 0 0 0 0 0 0 0 0 0 0
1199798505 500700 0 0 3169 0 0 0 8 0 0 0 0 0 0 0 0 0 0 0
1199833849 500734 0 0 3169 0 0 0 8 0 0 0 0 0 0 0 0 0 0 0
1199866629 500734 0 0 3193 0 0 0 8 0 0 0 0 0 0 0 0 0 0 0
1199887441 500734 0 0 3227 0 0 0 8 0 0 0 0 0 0 0 0 0 0 0
1199951539 500734 0 0 3237 0 0 0 8 0 0 0 0 0 0 0 0 0 0 0
1200040734 500734 0 0 3255 0 0 0 8 0 0 0 0 0 0 0 0 0 0 0
1200194779 500745 0 0 3255 0 0 0 8 0 0 0 0 0 0 0 0 0 0 0
1200198130 500756 0 0 3255 0 0 0 8 0 0 0 0 0 0 0 0 0 0 0
1200238816 500766 0 0 3255 0 0 0 8 0 0 0 0 0 0 0 0 0 0 0
1200329373 500766 0 0 3758 0 0 0 8 0 0 0 0 0 0 0 0 0 0 0
1200342069 500778 0 0 3758 0 0 0 8 0 0 0 0 0 0 0 0 0 0 0
1200389835 500778 0 0 3952 0 0 0 8 0 0 0 0 0 0 0 0 0 0 0
1200617775 500790 0 0 3952 0 0 0 8 0 0 0 0 0 0 0 0 0 0 0
1200625196 500791 0 0 3952 0 0 0 8 0 0 0 0 0 0 0 0 0 0 0
1200668841 500840 0 0 3952 0 0 0 8 0 0 0 0 0 0 0 0 0 0 0
1200709924 500846 0 0 3952 0 0 0 8 0 0 0 0 0 0 0 0 0 0 0
1200712735 500861 0 0 3952 0 0 0 8 0 0 0 0 0 0 0 0 0 0 0
1200713507 500874 0 0 3952 0 0 0 8 0 0 0 0 0 0 0 0 0 0 0
1200772095 500933 0 0 3952 0 0 0 8 0 0 0 0 0 0 0 0 0 0 0
1200772292 500938 0 0 3952 0 0 0 8 0 0 0 0 0 0 0 0 0 0 0
1200776000 500938 0 0 4000 0 0 0 8 0 0 0 0 0 0 0 0 0 0 0
1200791868 500956 0 0 4000 0 0 0 8 0 0 0 0 0 0 0 0 0 0 0
1200947574 500956 0 0 4013 0 0 0 8 0 0 0 0 0 0 0 0 0 0 0
1200950052 500968 0 0 4013 0 0 0 8 0 0 0 0 0 0 0 0 0 0 0
1200959261 500976 0 0 4013 0 0 0 8 0 0 0 0 0 0 0 0 0 0 0
1200989139 500976 0 0 4041 0 0 0 8 0 0 0 0 0 0 0 0 0 0 0
1200990722 500976 0 0 4049 0 0 0 8 0 0 0 0 0 0 0 0 0 0 0
1201031769 501009 0 0 4049 0 0 0 8 0 0 0 0 0 0 0 0 0 0 0
1201034827 501037 0 0 4049 0 0 0 8 0 0 0 0 0 0 0 0 0 0 0
1201119458 501149 0 0 4049 0 0 0 8 0 0 0 0 0 0 0 0 0 0 0
1201181279 501149 0 0 4103 0 0 0 8 0 0 0 0 0 0 0 0 0 0 0
1201336256 501149 0 0 4131 0 0 0 8 0 0 0 0 0 0 0 0 0 0 0
1201336919 501149 0 0 4138 0 0 0 8 0 0 0 0 0 0 0 0 0 0 0
1201337519 501149 0 0 4144 0 0 0 8 0 0 0 0 0 0 0 0 0 0 0
1201337674 501149 0 0 4149 0 0 0 8 0 0 0 0 0 0 0 0 0 0 0
1201337837 501149 0 0 4220 0 0 0 8 0 0 0 0 0 0 0 0 0 0 0
1201339235 501149 0 0 4332 0 0 0 8 0 0 0 0 0 0 0 0 0 0 0
1201371194 501149 0 0 4512 0 0 0 8 0 0 0 0 0 0 0 0 0 0 0
1201407781 501345 0 0 4512 0 0 0 8 0 0 0 0 0 0 0 0 0 0 0
1201446233 501378 0 0 4512 0 0 0 8 0 0 0 0 0 0 0 0 0 0 0
1201457166 501389 0 0 4512 0 0 0 8 0 0 0 0 0 0 0 0 0 0 0
1201460845 501396 0 0 4512 0 0 0 8 0 0 0 0 0 0 0 0 0 0 0
1201491675 501402 0 0 4512 0 0 0 8 0 0 0 0 0 0 0 0 0 0 0
1201525071 501402 0 0 4517 0 0 0 8 0 0 0 0 0 0 0 0 0 0 0
1201536378 501408 0 0 4517 0 0 0 8 0 0 0 0 0 0 0 0 0 0 0
1201720679 501408 0 0 4602 0 0 0 8 0 0 0 0 0 0 0 0 0 0 0
1201723126 501422 0 0 4602 0 0 0 8 0 0 0 0 0 0 0 0 0 0 0
1202083680 501433 0 0 4602 0 0 0 8 0 0 0 0 0 0 0 0 0 0 0
1202152824 501440 0 0 4602 0 0 0 8 0 0 0 0 0 0 0 0 0 0 0
1202152939 501510 0 0 4602 0 0 0 8 0 0 0 0 0 0 0 0 0 0 0
1202330244 501510 0 0 4611 0 0 0 8 0 0 0 0 0 0 0 0 0 0 0
1202330552 501510 0 0 4729 0 0 0 8 0 0 0 0 0 0 0 0 0 0 0
1202342098 501515 0 0 4729 0 0 0 8 0 0 0 0 0 0 0 0 0 0 0
1202561598 501918 0 0 4729 0 0 0 8 0 0 0 0 0 0 0 0 0 0 0
1202593228 501926 0 0 4729 0 0 0 8 0 0 0 0 0 0 0 0 0 0 0
1202599990 502004 0 0 4729 0 0 0 8 0 0 0 0 0 0 0 0 0 0 0
1202873551 502025 0 0 4729 0 0 0 8 0 0 0 0 0 0 0 0 0 0 0
1202874178 502038 0 0 4729 0 0 0 8 0 0 0 0 0 0 0 0 0 0 0
1202964583 502046 0 0 4729 0 0 0 8 0 0 0 0 0 0 0 0 0 0 0
1203024450 502054 0 0 4729 0 0 0 8 0 0 0 0 0 0 0 0 0 0 0
1203119303 502104 0 0 4729 0 0 0 8 0 0 0 0 0 0 0 0 0 0 0
1203120008 502132 0 0 4729 0 0 0 8 0 0 0 0 0 0 0 0 0 0 0
1203448477 502138 0 0 4729 0 0 0 8 0 0 0 0 0 0 0 0 0 0 0
1203461236 502150 0 0 4729 0 0 0 8 0 0 0 0 0 0 0 0 0 0 0
1203462204 502175 0 0 4729 0 0 0 8 0 0 0 0 0 0 0 0 0 0 0
1203616953 502247 0 0 4729 0 0 0 8 0 0 0 0 0 0 0 0 0 0 0
1203619253 502261 0 0 4729 0 0 0 8 0 0 0 0 0 0 0 0 0 0 0
1203621381 502272 0 0 4729 0 0 0 8 0 0 0 0 0 0 0 0 0 0 0
1203623602 502337 0 0 4729 0 0 0 8 0 0 0 0 0 0 0 0 0 0 0
1203698592 502388 0 0 4729 0 0 0 8 0 0 0 0 0 0 0 0 0 0 0
1203699831 502397 0 0 4729 0 0 0 8 0 0 0 0 0 0 0 0 0 0 0
1203961442 502410 0 0 4729 0 0 0 8 0 0 0 0 0 0 0 0 0 0 0
1203962328 502471 0 0 4729 0 0 0 8 0 0 0 0 0 0 0 0 0 0 0
1203983595 502503 0 0 4729 0 0 0 8 0 0 0 0 0 0 0 0 0 0 0
1204018624 502509 0 0 4729 0 0 0 8 0 0 0 0 0 0 0 0 0 0 0
1204040540 502518 0 0 4729 0 0 0 8 0 0 0 0 0 0 0 0 0 0 0
1204040944 502558 0 0 4729 0 0 0 8 0 0 0 0 0 0 0 0 0 0 0
1204056254 502586 0 0 4729 0 0 0 8 0 0 0 0 0 0 0 0 0 0 0
1204079740 502602 0 0 4729 0 0 0 8 0 0 0 0 0 0 0 0 0 0 0
1204114704 502632 0 0 4729 0 0 0 8 0 0 0 0 0 0 0 0 0 0 0
1204503557 502642 0 0 4729 0 0 0 8 0 0 0 0 0 0 0 0 0 0 0
1204566997 502674 0 0 4729 0 0 0 8 0 0 0 0 0 0 0 0 0 0 0
1204900173 502691 0 0 4729 0 0 0 8 0 0 0 0 0 0 0 0 0 0 0
1204901449 506582 0 0 4729 0 0 0 8 0 0 0 0 0 0 0 0 0 0 0
1205327673 506582 0 0 4729 0 0 0 8 0 0 0 0 0 0 0 0 0 0 0
1205796459 506610 0 0 4729 0 0 0 8 0 0 0 0 0 0 0 0 0 0 0
1205797029 506671 0 0 4729 0 0 0 8 0 0 0 0 0 0 0 0 0 0 0
1205887662 506678 0 0 4729 0 0 0 8 0 0 0 0 0 0 0 0 0 0 0
1206497390 513982 0 0 4729 0 0 0 8 0 0 0 0 0 0 0 0 0 0 0
1206538816 513982 0 0 4729 0 0 0 8 0 0 0 0 0 0 0 0 0 0 0
1206728363 514032 0 0 4729 0 0 0 8 0 0 0 0 0 0 0 0 0 0 0
1206746923 517501 0 0 4729 0 0 0 8 0 0 0 0 0 0 0 0 0 0 0
1206749406 526268 0 0 4729 0 0 0 8 0 0 0 0 0 0 0 0 0 0 0
1206752755 526507 0 0 4729 0 0 0 8 0 0 0 0 0 0 0 0 0 0 0
1206800765 526622 0 0 4729 0 0 0 8 0 0 0 0 0 0 0 0 0 0 0
1206971174 526633 0 0 4729 0 0 0 8 0 0 0 0 0 0 0 0 0 0 0
1206985253 526652 0 0 4729 0 0 0 8 0 0 0 0 0 0 0 0 0 0 0
1207145406 526664 0 0 4729 0 0 0 8 0 0 0 0 0 0 0 0 0 0 0
1207844144 526670 0 0 4729 0 0 0 8 0 0 0 0 0 0 0 0 0 0 0
1207873487 526677 0 0 4729 0 0 0 8 0 0 0 0 0 0 0 0 0 0 0
1208376146 526677 0 0 4735 0 0 0 8 0 0 0 0 0 0 0 0 0 0 0
1208907868 526690 0 0 4735 0 0 0 8 0 0 0 0 0 0 0 0 0 0 0
1208992824 526712 0 0 4735 0 0 0 8 0 0 0 0 0 0 0 0 0 0 0
1210025917 526723 0 0 4735 0 0 0 8 0 0 0 0 0 0 0 0 0 0 0
1210188201 526731 0 0 4735 0 0 0 8 0 0 0 0 0 0 0 0 0 0 0
1210211224 526751 0 0 4735 0 0 0 8 0 0 0 0 0 0 0 0 0 0 0
1210591961 526782 0 0 4735 0 0 0 8 0 0 0 0 0 0 0 0 0 0 0
1210615016 526917 0 0 4735 0 0 0 8 0 0 0 0 0 0 0 0 0 0 0
1210713993 526972 0 0 4735 0 0 0 8 0 0 0 0 0 0 0 0 0 0 0
1211210789 526972 0 0 4742 0 0 0 8 0 0 0 0 0 0 0 0 0 0 0
1211337415 526976 0 0 4742 0 0 0 8 0 0 0 0 0 0 0 0 0 0 0
1211337599 526981 0 0 4742 0 0 0 8 0 0 0 0 0 0 0 0 0 0 0
1211342050 526989 0 0 4742 0 0 0 8 0 0 0 0 0 0 0 0 0 0 0
1212010831 527007 0 0 4742 0 0 0 8 0 0 0 0 0 0 0 0 0 0 0
1213138650 527032 0 0 4742 0 0 0 8 0 0 0 0 0 0 0 0 0 0 0
1213139154 527068 0 0 4742 0 0 0 8 0 0 0 0 0 0 0 0 0 0 0
1213150629 527078 0 0 4742 0 0 0 8 0 0 0 0 0 0 0 0 0 0 0
1213230144 527081 0 0 4742 0 0 0 8 0 0 0 0 0 0 0 0 0 0 0
1213362441 527252 0 0 4742 0 0 0 8 0 0 0 0 0 0 0 0 0 0 0
1214151318 527259 0 0 4742 0 0 0 8 0 0 0 0 0 0 0 0 0 0 0
1214222524 527348 0 0 4742 0 0 0 8 0 0 0 0 0 0 0 0 0 0 0
1214256020 527366 0 0 4742 0 0 0 8 0 0 0 0 0 0 0 0 0 0 0
1215813049 527379 0 0 4742 0 0 0 8 0 0 0 0 0 0 0 0 0 0 0
1215823288 527432 0 0 4742 0 0 0 8 0 0 0 0 0 0 0 0 0 0 0
1216301949 527432 0 0 4780 0 0 0 8 0 0 0 0 0 0 0 0 0 0 0
1216708449 527441 0 0 4780 0 0 0 8 0 0 0 0 0 0 0 0 0 0 0
1216853894 527446 0 0 4780 0 0 0 8 0 0 0 0 0 0 0 0 0 0 0
1216920826 527451 0 0 4780 0 0 0 8 0 0 0 0 0 0 0 0 0 0 0
1217350264 527467 0 0 4780 0 0 0 8 0 0 0 0 0 0 0 0 0 0 0
1217805473 527500 0 0 4780 0 0 0 8 0 0 0 0 0 0 0 0 0 0 0
1217810087 527505 0 0 4780 0 0 0 8 0 0 0 0 0 0 0 0 0 0 0
1217857895 527662 0 0 4780 0 0 0 8 0 0 0 0 0 0 0 0 0 0 0
1219794128 527671 0 0 4780 0 0 0 8 0 0 0 0 0 0 0 0 0 0 0
1219797387 527677 0 0 4780 0 0 0 8 0 0 0 0 0 0 0 0 0 0 0
1219799421 527683 0 0 4780 0 0 0 8 0 0 0 0 0 0 0 0 0 0 0
1219800049 527861 0 0 4780 0 0 0 8 0 0 0 0 0 0 0 0 0 0 0
1219813143 527944 0 0 4780 0 0 0 8 0 0 0 0 0 0 0 0 0 0 0
1219970346 527954 0 0 4780 0 0 0 8 0 0 0 0 0 0 0 0 0 0 0
1220180104 527954 0 0 4851 0 0 0 8 0 0 0 0 0 0 0 0 0 0 0
1220390512 527959 0 0 4851 0 0 0 8 0 0 0 0 0 0 0 0 0 0 0
1220391775 527965 0 0 4851 0 0 0 8 0 0 0 0 0 0 0 0 0 0 0
1220477351 528041 0 0 4851 0 0 0 8 0 0 0 0 0 0 0 0 0 0 0
1220478600 528066 0 0 4851 0 0 0 8 0 0 0 0 0 0 0 0 0 0 0
1220553423 528066 0 0 4968 0 0 0 8 0 0 0 0 0 0 0 0 0 0 0
1220553935 528066 0 0 5069 0 0 0 8 0 0 0 0 0 0 0 0 0 0 0
1220558678 528066 0 0 8102 0 0 0 8 0 0 0 0 0 0 0 0 0 0 0
1220612309 528082 0 0 8102 0 0 0 8 0 0 0 0 0 0 0 0 0 0 0
1220737792 528095 0 0 8102 0 0 0 8 0 0 0 0 0 0 0 0 0 0 0
1220755938 528114 0 0 8102 0 0 0 8 0 0 0 0 0 0 0 0 0 0 0
1220767794 528500 0 0 8102 0 0 0 8 0 0 0 0 0 0 0 0 0 0 0
1220966753 528500 0 0 8231 0 0 0 8 0 0 0 0 0 0 0 0 0 0 0
1220984999 528500 0 0 8305 0 0 0 8 0 0 0 0 0 0 0 0 0 0 0
1220994958 528500 0 0 8344 0 0 0 8 0 0 0 0 0 0 0 0 0 0 0
1221002467 528500 0 0 8344 0 0 0 8 0 0 0 0 0 0 0 0 0 0 0
1221086178 528576 0 0 8344 0 0 0 8 0 0 0 0 0 0 0 0 0 0 0
1221229941 528611 0 0 8344 0 0 0 8 0 0 0 0 0 0 0 0 0 0 0
1221512917 528611 0 0 8353 0 0 0 8 0 0 0 0 0 0 0 0 0 0 0
1221513033 528611 0 0 8359 0 0 0 8 0 0 0 0 0 0 0 0 0 0 0
1221585699 528617 0 0 8359 0 0 0 8 0 0 0 0 0 0 0 0 0 0 0
1221601811 528634 0 0 8359 0 0 0 8 0 0 0 0 0 0 0 0 0 0 0
1221687349 528634 0 0 8359 0 0 0 20 0 0 0 0 0 0 0 0 0 0 0
1221704009 528641 0 0 8359 0 0 0 20 0 0 0 0 0 0 0 0 0 0 0
1221821770 528641 0 0 8395 0 0 0 20 0 0 0 0 0 0 0 0 0 0 0
1221822317 528646 0 0 8395 0 0 0 20 0 0 0 0 0 0 0 0 0 0 0
1221825085 528731 0 0 8395 0 0 0 20 0 0 0 0 0 0 0 0 0 0 0
1221825414 528731 0 0 8401 0 0 0 20 0 0 0 0 0 0 0 0 0 0 0
1222092626 528731 0 0 9546 0 0 0 20 0 0 0 0 0 0 0 0 0 0 0
1222116846 528731 0 0 9614 0 0 0 20 0 0 0 0 0 0 0 0 0 0 0
1222155443 528731 0 0 9673 0 0 0 20 0 0 0 0 0 0 0 0 0 0 0
1222180022 528740 0 0 9673 0 0 0 20 0 0 0 0 0 0 0 0 0 0 0
1222184393 528740 0 0 9753 0 0 0 20 0 0 0 0 0 0 0 0 0 0 0
1222196163 528740 0 0 9775 0 0 0 20 0 0 0 0 0 0 0 0 0 0 0
1222242152 528740 0 0 10768 0 0 0 20 0 0 0 0 0 0 0 0 0 0 0
1222243109 528740 0 0 10772 0 0 0 20 0 0 0 0 0 0 0 0 0 0 0
1222243189 528740 0 0 10789 0 0 0 20 0 0 0 0 0 0 0 0 0 0 0
1222254516 528740 0 0 10795 0 0 0 20 0 0 0 0 0 0 0 0 0 0 0
1222267525 528740 0 0 10852 0 0 0 20 0 0 0 0 0 0 0 0 0 0 0
1222311605 528823 0 0 10852 0 0 0 20 0 0 0 0 0 0 0 0 0 0 0
1222317608 528831 0 0 10852 0 0 0 20 0 0 0 0 0 0 0 0 0 0 0
1222350744 528877 0 0 10852 0 0 0 20 0 0 0 0 0 0 0 0 0 0 0
1222363943 528884 0 0 10852 0 0 0 20 0 0 0 0 0 0 0 0 0 0 0
1222382913 528960 0 0 10852 0 0 0 20 0 0 0 0 0 0 0 0 0 0 0
1222395219 529036 0 0 10852 0 0 0 20 0 0 0 0 0 0 0 0 0 0 0
1222414079 529036 0 0 10873 0 0 0 20 0 0 0 0 0 0 0 0 0 0 0
1222466640 529055 0 0 10873 0 0 0 20 0 0 0 0 0 0 0 0 0 0 0
1222860655 529257 0 0 10873 0 0 0 20 0 0 0 0 0 0 0 0 0 0 0
1222943940 529257 0 0 10961 0 0 0 20 0 0 0 0 0 0 0 0 0 0 0
1222994783 529270 0 0 10961 0 0 0 20 0 0 0 0 0 0 0 0 0 0 0
1223032458 529367 0 0 10961 0 0 0 20 0 0 0 0 0 0 0 0 0 0 0
1223051353 529387 0 0 10961 0 0 0 20 0 0 0 0 0 0 0 0 0 0 0
1223284138 529387 0 0 10999 0 0 0 20 0 0 0 0 0 0 0 0 0 0 0
1223284376 529387 0 0 11047 0 0 0 20 0 0 0 0 0 0 0 0 0 0 0
1223369708 529387 0 0 11066 0 0 0 20 0 0 0 0 0 0 0 0 0 0 0
1223378254 529387 0 0 11072 0 0 0 20 0 0 0 0 0 0 0 0 0 0 0
1223390551 529387 0 0 11083 0 0 0 20 0 0 0 0 0 0 0 0 0 0 0
1223397385 529393 0 0 11083 0 0 0 20 0 0 0 0 0 0 0 0 0 0 0
1223504309 529445 0 0 11083 0 0 0 20 0 0 0 0 0 0 0 0 0 0 0
1223575452 529445 0 0 11093 0 0 0 20 0 0 0 0 0 0 0 0 0 0 0
1223580022 529445 0 0 11097 0 0 0 20 0 0 0 0 0 0 0 0 0 0 0
1223656893 529452 0 0 11097 0 0 0 20 0 0 0 0 0 0 0 0 0 0 0
1223863095 529523 0 0 11097 0 0 0 20 0 0 0 0 0 0 0 0 0 0 0
1223957053 529567 0 0 11097 0 0 0 20 0 0 0 0 0 0 0 0 0 0 0
1224002646 529622 0 0 11097 0 0 0 20 0 0 0 0 0 0 0 0 0 0 0
1224070357 529658 0 0 11097 0 0 0 20 0 0 0 0 0 0 0 0 0 0 0
1224528858 529658 0 86 11097 0 0 0 20 0 0 0 0 0 0 0 0 0 0 0
1224530090 529658 0 92 11097 0 0 0 20 0 0 0 0 0 0 0 0 0 0 0
1224625747 529658 0 92 11208 0 0 0 20 0 0 0 0 0 0 0 0 0 0 0
1224943190 529671 0 92 11208 0 0 0 20 0 0 0 0 0 0 0 0 0 0 0
1225049524 529671 0 113 11208 0 0 0 20 0 0 0 0 0 0 0 0 0 0 0
1225054360 529671 0 166 11208 0 0 0 20 0 0 0 0 0 0 0 0 0 0 0
1225062799 529714 0 166 11208 0 0 0 20 0 0 0 0 0 0 0 0 0 0 0
1225064456 529714 0 222 11208 0 0 0 20 0 0 0 0 0 0 0 0 0 0 0
1225074542 529796 0 222 11208 0 0 0 20 0 0 0 0 0 0 0 0 0 0 0
1225154727 529810 0 222 11208 0 0 0 20 0 0 0 0 0 0 0 0 0 0 0
1225155131 531227 0 222 11208 0 0 0 20 0 0 0 0 0 0 0 0 0 0 0
1225158176 531308 0 222 11208 0 0 0 20 0 0 0 0 0 0 0 0 0 0 0
1225161567 531315 0 222 11208 0 0 0 20 0 0 0 0 0 0 0 0 0 0 0
1225186871 531315 0 226 11208 0 0 0 20 0 0 0 0 0 0 0 0 0 0 0
1225198871 531333 0 226 11208 0 0 0 20 0 0 0 0 0 0 0 0 0 0 0
1225809358 531333 0 226 11221 0 0 0 20 0 0 0 0 0 0 0 0 0 0 0
1225810280 531333 0 226 11266 0 0 0 20 0 0 0 0 0 0 0 0 0 0 0
1225815098 531333 0 226 11271 0 0 0 20 0 0 0 0 0 0 0 0 0 0 0
1225817622 531333 0 226 11350 0 0 0 20 0 0 0 0 0 0 0 0 0 0 0
1225828412 531350 0 226 11350 0 0 0 20 0 0 0 0 0 0 0 0 0 0 0
1225833453 531374 0 226 11350 0 0 0 20 0 0 0 0 0 0 0 0 0 0 0
1225834827 531380 0 226 11350 0 0 0 20 0 0 0 0 0 0 0 0 0 0 0
1225844916 531381 0 226 11350 0 0 0 20 0 0 0 0 0 0 0 0 0 0 0
1226043632 531381 0 226 11356 0 0 0 20 0 0 0 0 0 0 0 0 0 0 0
1226089459 531422 0 226 11356 0 0 0 20 0 0 0 0 0 0 0 0 0 0 0
1226946515 531422 0 226 11444 0 0 0 20 0 0 0 0 0 0 0 0 0 0 0
1227150157 531428 0 226 11444 0 0 0 20 0 0 0 0 0 0 0 0 0 0 0
1227720069 531428 0 226 11567 0 0 0 20 0 0 0 0 0 0 0 0 0 0 0
1227732730 531428 0 226 11624 0 0 0 20 0 0 0 0 0 0 0 0 0 0 0
1227732984 531428 0 226 11864 0 0 0 20 0 0 0 0 0 0 0 0 0 0 0
1227906323 531445 0 226 11864 0 0 0 20 0 0 0 0 0 0 0 0 0 0 0
1227923793 531496 0 226 11864 0 0 0 20 0 0 0 0 0 0 0 0 0 0 0
1228481750 531502 0 226 11864 0 0 0 20 0 0 0 0 0 0 0 0 0 0 0
1228488838 531515 0 226 11864 0 0 0 20 0 0 0 0 0 0 0 0 0 0 0
1229185686 531520 0 226 11864 0 0 0 20 0 0 0 0 0 0 0 0 0 0 0
1229187164 531552 0 226 11864 0 0 0 20 0 0 0 0 0 0 0 0 0 0 0
1229300735 531576 0 226 11864 0 0 0 20 0 0 0 0 0 0 0 0 0 0 0
1229365316 531593 0 226 11864 0 0 0 20 0 0 0 0 0 0 0 0 0 0 0
1229394374 531607 0 226 11864 0 0 0 20 0 0 0 0 0 0 0 0 0 0 0
1229424184 531613 0 226 11864 0 0 0 20 0 0 0 0 0 0 0 0 0 0 0
1229476528 531624 0 226 11864 0 0 0 20 0 0 0 0 0 0 0 0 0 0 0
1229480810 532642 0 226 11864 0 0 0 20 0 0 0 0 0 0 0 0 0 0 0
1229639447 532648 0 226 11864 0 0 0 20 0 0 0 0 0 0 0 0 0 0 0
1229647134 532662 0 226 11864 0 0 0 20 0 0 0 0 0 0 0 0 0 0 0
1229747676 532675 0 226 11864 0 0 0 20 0 0 0 0 0 0 0 0 0 0 0
1229793169 532695 0 226 11864 0 0 0 20 0 0 0 0 0 0 0 0 0 0 0
1229884785 532995 0 226 11864 0 0 0 20 0 0 0 0 0 0 0 0 0 0 0
1229897591 533011 0 226 11864 0 0 0 20 0 0 0 0 0 0 0 0 0 0 0
1231015102 533018 0 226 11864 0 0 0 20 0 0 0 0 0 0 0 0 0 0 0
1231097087 533034 0 226 11864 0 0 0 20 0 0 0 0 0 0 0 0 0 0 0
1231190393 533047 0 226 11864 0 0 0 20 0 0 0 0 0 0 0 0 0 0 0
1231362178 533060 0 226 11864 0 0 0 20 0 0 0 0 0 0 0 0 0 0 0
1231373112 533072 0 226 11864 0 0 0 20 0 0 0 0 0 0 0 0 0 0 0
1231532782 533079 0 226 11864 0 0 0 20 0 0 0 0 0 0 0 0 0 0 0
1231610478 533088 0 226 11864 0 0 0 20 0 0 0 0 0 0 0 0 0 0 0
1231620332 533103 0 226 11864 0 0 0 20 0 0 0 0 0 0 0 0 0 0 0
1231725503 533294 0 226 11864 0 0 0 20 0 0 0 0 0 0 0 0 0 0 0
1231839770 533294 0 226 11877 0 0 0 20 0 0 0 0 0 0 0 0 0 0 0
1231839881 533294 0 226 11881 0 0 0 20 0 0 0 0 0 0 0 0 0 0 0
1231841166 533294 0 226 11917 0 0 0 20 0 0 0 0 0 0 0 0 0 0 0
1231842783 533294 0 226 11923 0 0 0 20 0 0 0 0 0 0 0 0 0 0 0
1231862452 533302 0 226 11923 0 0 0 20 0 0 0 0 0 0 0 0 0 0 0
1231870405 533302 0 226 12116 0 0 0 20 0 0 0 0 0 0 0 0 0 0 0
1231872398 533325 0 226 12116 0 0 0 20 0 0 0 0 0 0 0 0 0 0 0
1231891235 533325 0 226 12376 0 0 0 20 0 0 0 0 0 0 0 0 0 0 0
1231923960 533325 0 226 12394 0 0 0 20 0 0 0 0 0 0 0 0 0 0 0
1232077813 533337 0 226 12394 0 0 0 20 0 0 0 0 0 0 0 0 0 0 0
1232087125 533347 0 226 12394 0 0 0 20 0 0 0 0 0 0 0 0 0 0 0
1232125892 533353 0 226 12394 0 0 0 20 0 0 0 0 0 0 0 0 0 0 0
1232126199 533369 0 226 12394 0 0 0 20 0 0 0 0 0 0 0 0 0 0 0
1232246405 533386 0 226 12394 0 0 0 20 0 0 0 0 0 0 0 0 0 0 0
1232310628 533397 0 226 12394 0 0 0 20 0 0 0 0 0 0 0 0 0 0 0
1232329502 533404 0 226 12394 0 0 0 20 0 0 0 0 0 0 0 0 0 0 0
1232331425 533620 0 226 12394 0 0 0 20 0 0 0 0 0 0 0 0 0 0 0
1232410166 533625 0 226 12394 0 0 0 20 0 0 0 0 0 0 0 0 0 0 0
1232413328 533625 0 226 12805 0 0 0 20 0 0 0 0 0 0 0 0 0 0 0
1232416293 533625 0 226 12808 0 0 0 20 0 0 0 0 0 0 0 0 0 0 0
1232462380 533630 0 226 12808 0 0 0 20 0 0 0 0 0 0 0 0 0 0 0
1232465776 533704 0 226 12808 0 0 0 20 0 0 0 0 0 0 0 0 0 0 0
1232468778 533704 0 226 12846 0 0 0 20 0 0 0 0 0 0 0 0 0 0 0
1232476657 533712 0 226 12846 0 0 0 20 0 0 0 0 0 0 0 0 0 0 0
1232492745 533719 0 226 12846 0 0 0 20 0 0 0 0 0 0 0 0 0 0 0
1232508685 533765 0 226 12846 0 0 0 20 0 0 0 0 0 0 0 0 0 0 0
1232526741 533765 0 226 12883 0 0 0 20 0 0 0 0 0 0 0 0 0 0 0
1232571357 533765 0 226 12896 0 0 0 20 0 0 0 0 0 0 0 0 0 0 0
1232587795 533771 0 226 12896 0 0 0 20 0 0 0 0 0 0 0 0 0 0 0
1232599438 533781 0 226 12896 0 0 0 20 0 0 0 0 0 0 0 0 0 0 0
1232681084 533802 0 226 12896 0 0 0 20 0 0 0 0 0 0 0 0 0 0 0
1232685479 533868 0 226 12896 0 0 0 20 0 0 0 0 0 0 0 0 0 0 0
1232695169 533962 0 226 12896 0 0 0 20 0 0 0 0 0 0 0 0 0 0 0
1232734720 533964 0 226 12896 0 0 0 20 0 0 0 0 0 0 0 0 0 0 0
1232803528 533964 0 226 12902 0 0 0 20 0 0 0 0 0 0 0 0 0 0 0
1232813921 533964 0 226 12906 0 0 0 20 0 0 0 0 0 0 0 0 0 0 0
1232911382 534058 0 226 12906 0 0 0 20 0 0 0 0 0 0 0 0 0 0 0
1232925648 534065 0 226 12906 0 0 0 20 0 0 0 0 0 0 0 0 0 0 0
1232948866 534070 0 226 12906 0 0 0 20 0 0 0 0 0 0 0 0 0 0 0
1232958673 534070 0 226 12918 0 0 0 20 0 0 0 0 0 0 0 0 0 0 0
1233122827 534070 0 226 12924 0 0 0 20 0 0 0 0 0 0 0 0 0 0 0
1233180474 534087 0 226 12924 0 0 0 20 0 0 0 0 0 0 0 0 0 0 0
1233246637 534092 0 226 12924 0 0 0 20 0 0 0 0 0 0 0 0 0 0 0
1233358481 534092 0 236 12924 0 0 0 20 0 0 0 0 0 0 0 0 0 0 0
1233467063 534318 0 236 12924 0 0 0 20 0 0 0 0 0 0 0 0 0 0 0
1233537019 535662 0 236 12924 0 0 0 20 0 0 0 0 0 0 0 0 0 0 0
1233543410 536342 0 236 12924 0 0 0 20 0 0 0 0 0 0 0 0 0 0 0
1233584500 536357 0 236 12924 0 0 0 20 0 0 0 0 0 0 0 0 0 0 0
1234149657 536358 0 236 12924 0 0 0 20 0 0 0 0 0 0 0 0 0 0 0
1234822463 536379 0 236 12924 0 0 0 20 0 0 0 0 0 0 0 0 0 0 0
1234997968 538136 0 236 12924 0 0 0 20 0 0 0 0 0 0 0 0 0 0 0
1235158307 538140 0 236 12924 0 0 0 20 0 0 0 0 0 0 0 0 0 0 0
1235261330 538153 0 236 12924 0 0 0 20 0 0 0 0 0 0 0 0 0 0 0
1235326188 541453 0 236 12924 0 0 0 20 0 0 0 0 0 0 0 0 0 0 0
1235362640 541464 0 236 12924 0 0 0 20 0 0 0 0 0 0 0 0 0 0 0
1235417946 541531 0 236 12924 0 0 0 20 0 0 0 0 0 0 0 0 0 0 0
1235936627 541623 0 236 12924 0 0 0 20 0 0 0 0 0 0 0 0 0 0 0
1236083013 541629 0 236 12924 0 0 0 20 0 0 0 0 0 0 0 0 0 0 0
1236083149 541637 0 236 12924 0 0 0 20 0 0 0 0 0 0 0 0 0 0 0
1236359221 541720 0 236 12924 0 0 0 20 0 0 0 0 0 0 0 0 0 0 0
1236802772 541738 0 236 12924 0 0 0 20 0 0 0 0 0 0 0 0 0 0 0
1236986284 541757 0 236 12924 0 0 0 20 0 0 0 0 0 0 0 0 0 0 0
1237042180 541763 0 236 12924 0 0 0 20 0 0 0 0 0 0 0 0 0 0 0
1237046025 541771 0 236 12924 0 0 0 20 0 0 0 0 0 0 0 0 0 0 0
1237175170 541784 0 236 12924 0 0 0 20 0 0 0 0 0 0 0 0 0 0 0
1237216220 541852 0 236 12924 0 0 0 20 0 0 0 0 0 0 0 0 0 0 0
1237318151 541852 0 287 12924 0 0 0 20 0 0 0 0 0 0 0 0 0 0 0
1237332453 541872 0 287 12924 0 0 0 20 0 0 0 0 0 0 0 0 0 0 0
1237553651 541949 0 287 12924 0 0 0 20 0 0 0 0 0 0 0 0 0 0 0
1237749108 541959 0 287 12924 0 0 0 20 0 0 0 0 0 0 0 0 0 0 0
1237753945 541979 0 287 12924 0 0 0 20 0 0 0 0 0 0 0 0 0 0 0
1237866614 542180 0 287 12924 0 0 0 20 0 0 0 0 0 0 0 0 0 0 0
1238082728 542201 0 287 12924 0 0 0 20 0 0 0 0 0 0 0 0 0 0 0
1238172079 542207 0 287 12924 0 0 0 20 0 0 0 0 0 0 0 0 0 0 0
1238469109 542244 0 287 12924 0 0 0 20 0 0 0 0 0 0 0 0 0 0 0
1238632006 542521 0 287 12924 0 0 0 20 0 0 0 0 0 0 0 0 0 0 0
1238714376 542532 0 287 12924 0 0 0 20 0 0 0 0 0 0 0 0 0 0 0
1239197870 542578 0 287 12924 0 0 0 20 0 0 0 0 0 0 0 0 0 0 0
1239201806 542578 0 287 12929 0 0 0 20 0 0 0 0 0 0 0 0 0 0 0
1239204322 542578 0 287 12941 0 0 0 20 0 0 0 0 0 0 0 0 0 0 0
1239269394 542589 0 287 12941 0 0 0 20 0 0 0 0 0 0 0 0 0 0 0
1239313480 542603 0 287 12941 0 0 0 20 0 0 0 0 0 0 0 0 0 0 0
1239370045 542608 0 287 12941 0 0 0 20 0 0 0 0 0 0 0 0 0 0 0
1239747405 542618 0 287 12941 0 0 0 20 0 0 0 0 0 0 0 0 0 0 0
1239761176 542631 0 287 12941 0 0 0 20 0 0 0 0 0 0 0 0 0 0 0
1240185402 542703 0 287 12941 0 0 0 20 0 0 0 0 0 0 0 0 0 0 0
1240235071 542703 0 287 12947 0 0 0 20 0 0 0 0 0 0 0 0 0 0 0
1240339437 542703 0 287 13000 0 0 0 20 0 0 0 0 0 0 0 0 0 0 0
1240362347 542723 0 287 13000 0 0 0 20 0 0 0 0 0 0 0 0 0 0 0
1240431909 542743 0 287 13000 0 0 0 20 0 0 0 0 0 0 0 0 0 0 0
1240441243 542774 0 287 13000 0 0 0 20 0 0 0 0 0 0 0 0 0 0 0
1240450548 542786 0 287 13000 0 0 0 20 0 0 0 0 0 0 0 0 0 0 0
1240477387 542787 0 287 13000 0 0 0 20 0 0 0 0 0 0 0 0 0 0 0
1240496959 542787 0 287 13001 0 0 0 20 0 0 0 0 0 0 0 0 0 0 0
1240511682 544164 0 287 13001 0 0 0 20 0 0 0 0 0 0 0 0 0 0 0
1240712980 544183 0 287 13001 0 0 0 20 0 0 0 0 0 0 0 0 0 0 0
1240713647 544279 0 287 13001 0 0 0 20 0 0 0 0 0 0 0 0 0 0 0
1240857911 544284 0 287 13001 0 0 0 20 0 0 0 0 0 0 0 0 0 0 0
1240933612 544284 0 287 13010 0 0 0 20 0 0 0 0 0 0 0 0 0 0 0
1240938570 544284 0 293 13010 0 0 0 20 0 0 0 0 0 0 0 0 0 0 0
1240957546 544284 0 293 13063 0 0 0 20 0 0 0 0 0 0 0 0 0 0 0
1241800737 545571 0 293 13063 0 0 0 20 0 0 0 0 0 0 0 0 0 0 0
1241825968 545598 0 293 13063 0 0 0 20 0 0 0 0 0 0 0 0 0 0 0
1241972618 545598 0 307 13063 0 0 0 20 0 0 0 0 0 0 0 0 0 0 0
1241977882 545609 0 307 13063 0 0 0 20 0 0 0 0 0 0 0 0 0 0 0
1242432478 545616 0 307 13063 0 0 0 20 0 0 0 0 0 0 0 0 0 0 0
1242494294 545810 0 307 13063 0 0 0 20 0 0 0 0 0 0 0 0 0 0 0
1242603329 545835 0 307 13063 0 0 0 20 0 0 0 0 0 0 0 0 0 0 0
1242673222 546483 0 307 13063 0 0 0 20 0 0 0 0 0 0 0 0 0 0 0
1242696925 546489 0 307 13063 0 0 0 20 0 0 0 0 0 0 0 0 0 0 0
1243032142 546489 0 307 13063 0 0 0 20 0 0 0 0 0 0 0 0 0 0 0
1244231868 546489 0 307 13063 276 0 0 20 0 0 0 0 0 0 0 0 0 0 0
1244588826 548759 0 307 13063 276 0 0 20 0 0 0 0 0 0 0 0 0 0 0
1244594865 548802 0 307 13063 276 0 0 20 0 0 0 0 0 0 0 0 0 0 0
1244733711 548810 0 307 13063 276 0 0 20 0 0 0 0 0 0 0 0 0 0 0
1244779054 548830 0 307 13063 276 0 0 20 0 0 0 0 0 0 0 0 0 0 0
1244803574 548837 0 307 13063 276 0 0 20 0 0 0 0 0 0 0 0 0 0 0
1245059523 548837 0 307 13063 341 0 0 20 0 0 0 0 0 0 0 0 0 0 0
1245568626 548837 0 307 13063 354 0 0 20 0 0 0 0 0 0 0 0 0 0 0
1245702876 548843 0 307 13063 354 0 0 20 0 0 0 0 0 0 0 0 0 0 0
1245709051 548875 0 307 13063 354 0 0 20 0 0 0 0 0 0 0 0 0 0 0
1245970197 548911 0 307 13063 354 0 0 20 0 0 0 0 0 0 0 0 0 0 0
1246047432 548964 0 307 13063 354 0 0 20 0 0 0 0 0 0 0 0 0 0 0
1246056118 548971 0 307 13063 354 0 0 20 0 0 0 0 0 0 0 0 0 0 0
1246061778 548986 0 307 13063 354 0 0 20 0 0 0 0 0 0 0 0 0 0 0
1246069839 549033 0 307 13063 354 0 0 20 0 0 0 0 0 0 0 0 0 0 0
1246073388 549126 0 307 13063 354 0 0 20 0 0 0 0 0 0 0 0 0 0 0
1246499327 549136 0 307 13063 354 0 0 20 0 0 0 0 0 0 0 0 0 0 0
1246499529 549153 0 307 13063 354 0 0 20 0 0 0 0 0 0 0 0 0 0 0
1246540257 549162 0 307 13063 354 0 0 20 0 0 0 0 0 0 0 0 0 0 0
1246542811 549245 0 307 13063 354 0 0 20 0 0 0 0 0 0 0 0 0 0 0
1246973380 549256 0 307 13063 354 0 0 20 0 0 0 0 0 0 0 0 0 0 0
1247014371 549273 0 307 13063 354 0 0 20 0 0 0 0 0 0 0 0 0 0 0
1247075607 549289 0 307 13063 354 0 0 20 0 0 0 0 0 0 0 0 0 0 0
1247086357 550663 0 307 13063 354 0 0 20 0 0 0 0 0 0 0 0 0 0 0
1247094157 550727 0 307 13063 354 0 0 20 0 0 0 0 0 0 0 0 0 0 0
1248128970 550743 0 307 13063 354 0 0 20 0 0 0 0 0 0 0 0 0 0 0
1248356947 550743 0 307 13069 354 0 0 20 0 0 0 0 0 0 0 0 0 0 0
1248408711 550779 0 307 13069 354 0 0 20 0 0 0 0 0 0 0 0 0 0 0
1248433959 551006 0 307 13069 354 0 0 20 0 0 0 0 0 0 0 0 0 0 0
1248442072 551011 0 307 13069 354 0 0 20 0 0 0 0 0 0 0 0 0 0 0
1249247307 551060 0 307 13069 354 0 0 20 0 0 0 0 0 0 0 0 0 0 0
1249254446 551071 0 307 13069 354 0 0 20 0 0 0 0 0 0 0 0 0 0 0
1249254744 551080 0 307 13069 354 0 0 20 0 0 0 0 0 0 0 0 0 0 0
1249255611 551094 0 307 13069 354 0 0 20 0 0 0 0 0 0 0 0 0 0 0
1249258430 551140 0 307 13069 354 0 0 20 0 0 0 0 0 0 0 0 0 0 0
1249265520 551149 0 307 13069 354 0 0 20 0 0 0 0 0 0 0 0 0 0 0
1249266780 551176 0 307 13069 354 0 0 20 0 0 0 0 0 0 0 0 0 0 0
1249406294 551177 0 307 13069 354 0 0 20 0 0 0 0 0 0 0 0 0 0 0
1250901417 551192 0 307 13069 354 0 0 20 0 0 0 0 0 0 0 0 0 0 0
1250903989 551201 0 307 13069 354 0 0 20 0 0 0 0 0 0 0 0 0 0 0
1250905268 551229 0 307 13069 354 0 0 20 0 0 0 0 0 0 0 0 0 0 0
1250944033 551235 0 307 13069 354 0 0 20 0 0 0 0 0 0 0 0 0 0 0
1250944624 551333 0 307 13069 354 0 0 20 0 0 0 0 0 0 0 0 0 0 0
1251746204 551358 0 307 13069 354 0 0 20 0 0 0 0 0 0 0 0 0 0 0
1252961550 551358 0 308 13069 354 0 0 20 0 0 0 0 0 0 0 0 0 0 0
1252968935 551371 0 308 13069 354 0 0 20 0 0 0 0 0 0 0 0 0 0 0
1253199704 551403 0 308 13069 354 0 0 20 0 0 0 0 0 0 0 0 0 0 0
1253854253 552455 0 308 13069 354 0 0 20 0 0 0 0 0 0 0 0 0 0 0
1253883540 552455 0 308 13075 354 0 0 20 0 0 0 0 0 0 0 0 0 0 0
1254070117 552455 0 308 13201 354 0 0 20 0 0 0 0 0 0 0 0 0 0 0
1254269391 552521 0 308 13201 354 0 0 20 0 0 0 0 0 0 0 0 0 0 0
1254501278 552547 0 308 13201 354 0 0 20 0 0 0 0 0 0 0 0 0 0 0
1254501718 552563 0 308 13201 354 0 0 20 0 0 0 0 0 0 0 0 0 0 0
1255119387 552873 0 308 13201 354 0 0 20 0 0 0 0 0 0 0 0 0 0 0
1255128146 552873 0 429 13201 354 0 0 20 0 0 0 0 0 0 0 0 0 0 0
1255142610 552873 0 429 13201 354 0 0 59 0 0 0 0 0 0 0 0 0 0 0
1255154110 552873 0 429 13201 354 0 0 96 0 0 0 0 0 0 0 0 0 0 0
1255292276 555633 0 429 13201 354 0 0 96 0 0 0 0 0 0 0 0 0 0 0
1255560530 555650 0 429 13201 354 0 0 96 0 0 0 0 0 0 0 0 0 0 0
1255562946 555689 0 429 13201 354 0 0 96 0 0 0 0 0 0 0 0 0 0 0
1255564371 555708 0 429 13201 354 0 0 96 0 0 0 0 0 0 0 0 0 0 0
1255567674 555727 0 429 13201 354 0 0 96 0 0 0 0 0 0 0 0 0 0 0
1255644274 555844 0 429 13201 354 0 0 96 0 0 0 0 0 0 0 0 0 0 0
1255896596 555853 0 429 13201 354 0 0 96 0 0 0 0 0 0 0 0 0 0 0
1256058717 555858 0 429 13201 354 0 0 96 0 0 0 0 0 0 0 0 0 0 0
1256059400 555858 0 429 13316 354 0 0 96 0 0 0 0 0 0 0 0 0 0 0
1256059929 555858 0 429 13553 354 0 0 96 0 0 0 0 0 0 0 0 0 0 0
1256060504 555863 0 429 13553 354 0 0 96 0 0 0 0 0 0 0 0 0 0 0
1256064921 555864 0 429 13553 354 0 0 96 0 0 0 0 0 0 0 0 0 0 0
1256068192 555892 0 429 13553 354 0 0 96 0 0 0 0 0 0 0 0 0 0 0
1256068491 555931 0 429 13553 354 0 0 96 0 0 0 0 0 0 0 0 0 0 0
1256072270 555935 0 429 13553 354 0 0 96 0 0 0 0 0 0 0 0 0 0 0
1256073453 557302 0 429 13553 354 0 0 96 0 0 0 0 0 0 0 0 0 0 0
1256075544 557308 0 429 13553 354 0 0 96 0 0 0 0 0 0 0 0 0 0 0
1256102606 557308 0 539 13553 354 0 0 96 0 0 0 0 0 0 0 0 0 0 0
1256139939 557308 0 544 13553 354 0 0 96 0 0 0 0 0 0 0 0 0 0 0
1256145527 557316 0 544 13553 354 0 0 96 0 0 0 0 0 0 0 0 0 0 0
1256170728 557325 0 544 13553 354 0 0 96 0 0 0 0 0 0 0 0 0 0 0
1256171069 557335 0 544 13553 354 0 0 96 0 0 0 0 0 0 0 0 0 0 0
1256396681 559855 0 544 13553 354 0 0 96 0 0 0 0 0 0 0 0 0 0 0
1256509526 559939 0 544 13553 354 0 0 96 0 0 0 0 0 0 0 0 0 0 0
1256531862 559946 0 544 13553 354 0 0 96 0 0 0 0 0 0 0 0 0 0 0
1256597327 559980 0 544 13553 354 0 0 96 0 0 0 0 0 0 0 0 0 0 0
1256611468 559988 0 544 13553 354 0 0 96 0 0 0 0 0 0 0 0 0 0 0
1256676120 559989 0 544 13553 354 0 0 96 0 0 0 0 0 0 0 0 0 0 0
1256676222 559992 0 544 13553 354 0 0 96 0 0 0 0 0 0 0 0 0 0 0
1256755665 559992 0 544 13559 354 0 0 96 0 0 0 0 0 0 0 0 0 0 0
1256755755 559992 0 544 13568 354 0 0 96 0 0 0 0 0 0 0 0 0 0 0
1256771763 560016 0 544 13568 354 0 0 96 0 0 0 0 0 0 0 0 0 0 0
1256862192 560028 0 544 13568 354 0 0 96 0 0 0 0 0 0 0 0 0 0 0
1256904650 560039 0 544 13568 354 0 0 96 0 0 0 0 0 0 0 0 0 0 0
1257031519 560039 0 544 13568 1381 0 0 96 0 0 0 0 0 0 0 0 0 0 0
1257075077 560039 0 544 13568 1390 0 0 96 0 0 0 0 0 0 0 0 0 0 0
1257113409 560051 0 544 13568 1390 0 0 96 0 0 0 0 0 0 0 0 0 0 0
1257113790 560079 0 544 13568 1390 0 0 96 0 0 0 0 0 0 0 0 0 0 0
1257115422 560084 0 544 13568 1390 0 0 96 0 0 0 0 0 0 0 0 0 0 0
1257188213 560084 0 544 13574 1390 0 0 96 0 0 0 0 0 0 0 0 0 0 0
1257345810 560104 0 544 13574 1390 0 0 96 0 0 0 0 0 0 0 0 0 0 0
1257378419 560119 0 544 13574 1390 0 0 96 0 0 0 0 0 0 0 0 0 0 0
1257379197 560124 0 544 13574 1390 0 0 96 0 0 0 0 0 0 0 0 0 0 0
1257388447 560131 0 544 13574 1390 0 0 96 0 0 0 0 0 0 0 0 0 0 0
1257425215 560169 0 544 13574 1390 0 0 96 0 0 0 0 0 0 0 0 0 0 0
1257456865 560169 0 544 13574 1390 0 0 98 0 0 0 0 0 0 0 0 0 0 0
1257459893 560169 0 544 13574 1390 0 0 103 0 0 0 0 0 0 0 0 0 0 0
1257541022 560217 0 544 13574 1390 0 0 103 0 0 0 0 0 0 0 0 0 0 0
1258081531 560236 0 544 13574 1390 0 0 103 0 0 0 0 0 0 0 0 0 0 0
1258337690 560243 0 544 13574 1390 0 0 103 0 0 0 0 0 0 0 0 0 0 0
1258945180 560257 0 544 13574 1390 0 0 103 0 0 0 0 0 0 0 0 0 0 0
1258985198 560257 0 544 13575 1390 0 0 103 0 0 0 0 0 0 0 0 0 0 0
1259059591 560257 0 544 14057 1390 0 0 103 0 0 0 0 0 0 0 0 0 0 0
1259193273 560312 0 544 14057 1390 0 0 103 0 0 0 0 0 0 0 0 0 0 0
1259237635 560313 0 544 14057 1390 0 0 103 0 0 0 0 0 0 0 0 0 0 0
1259237862 560319 0 544 14057 1390 0 0 103 0 0 0 0 0 0 0 0 0 0 0
1259274373 560333 0 544 14057 1390 0 0 103 0 0 0 0 0 0 0 0 0 0 0
1259287578 560365 0 544 14057 1390 0 0 103 0 0 0 0 0 0 0 0 0 0 0
1259415344 560871 0 544 14057 1390 0 0 103 0 0 0 0 0 0 0 0 0 0 0
1259433377 560926 0 544 14057 1390 0 0 103 0 0 0 0 0 0 0 0 0 0 0
1259449141 561006 0 544 14057 1390 0 0 103 0 0 0 0 0 0 0 0 0 0 0
1259453500 561119 0 544 14057 1390 0 0 103 0 0 0 0 0 0 0 0 0 0 0
1259488234 561119 0 544 14067 1390 0 0 103 0 0 0 0 0 0 0 0 0 0 0
1259892172 561156 0 544 14067 1390 0 0 103 0 0 0 0 0 0 0 0 0 0 0
1259971883 561221 0 544 14067 1390 0 0 103 0 0 0 0 0 0 0 0 0 0 0
1260042886 561231 0 544 14067 1390 0 0 103 0 0 0 0 0 0 0 0 0 0 0
1260131467 561295 0 544 14067 1390 0 0 103 0 0 0 0 0 0 0 0 0 0 0
1260192930 561530 0 544 14067 1390 0 0 103 0 0 0 0 0 0 0 0 0 0 0
1260334140 561602 0 544 14067 1390 0 0 103 0 0 0 0 0 0 0 0 0 0 0
1260649929 561608 0 544 14067 1390 0 0 103 0 0 0 0 0 0 0 0 0 0 0
1261159100 561614 0 544 14067 1390 0 0 103 0 0 0 0 0 0 0 0 0 0 0
1261270532 561621 0 544 14067 1390 0 0 103 0 0 0 0 0 0 0 0 0 0 0
1261348352 561627 0 544 14067 1390 0 0 103 0 0 0 0 0 0 0 0 0 0 0
1261348454 561635 0 544 14067 1390 0 0 103 0 0 0 0 0 0 0 0 0 0 0
1262733436 561635 0 544 14192 1390 0 0 103 0 0 0 0 0 0 0 0 0 0 0
1262758361 561635 0 544 14194 1390 0 0 103 0 0 0 0 0 0 0 0 0 0 0
1262982894 561643 0 544 14194 1390 0 0 103 0 0 0 0 0 0 0 0 0 0 0
1262984844 561796 0 544 14194 1390 0 0 103 0 0 0 0 0 0 0 0 0 0 0
1263071506 562056 0 544 14194 1390 0 0 103 0 0 0 0 0 0 0 0 0 0 0
1263230066 562056 0 544 14231 1390 0 0 103 0 0 0 0 0 0 0 0 0 0 0
1263238580 562056 0 544 14301 1390 0 0 103 0 0 0 0 0 0 0 0 0 0 0
1263241898 562056 0 544 14303 1390 0 0 103 0 0 0 0 0 0 0 0 0 0 0
1263324766 562061 0 544 14303 1390 0 0 103 0 0 0 0 0 0 0 0 0 0 0
1263331574 562061 0 544 14315 1390 0 0 103 0 0 0 0 0 0 0 0 0 0 0
1263332410 562061 0 544 14362 1390 0 0 103 0 0 0 0 0 0 0 0 0 0 0
1263333513 562061 0 544 14368 1390 0 0 103 0 0 0 0 0 0 0 0 0 0 0
1263333977 562061 0 544 14405 1390 0 0 103 0 0 0 0 0 0 0 0 0 0 0
1263337336 562061 0 544 14412 1390 0 0 103 0 0 0 0 0 0 0 0 0 0 0
1263337554 562061 0 544 14481 1390 0 0 103 0 0 0 0 0 0 0 0 0 0 0
1263514799 562067 0 544 14481 1390 0 0 103 0 0 0 0 0 0 0 0 0 0 0
1263514979 562137 0 544 14481 1390 0 0 103 0 0 0 0 0 0 0 0 0 0 0
1263520650 562172 0 544 14481 1390 0 0 103 0 0 0 0 0 0 0 0 0 0 0
1263580642 562173 0 544 14481 1390 0 0 103 0 0 0 0 0 0 0 0 0 0 0
1263658750 562184 0 544 14481 1390 0 0 103 0 0 0 0 0 0 0 0 0 0 0
1264267435 563007 0 544 14481 1390 0 0 103 0 0 0 0 0 0 0 0 0 0 0
1264363649 563009 0 544 14481 1390 0 0 103 0 0 0 0 0 0 0 0 0 0 0
1264386235 563022 0 544 14481 1390 0 0 103 0 0 0 0 0 0 0 0 0 0 0
1264468120 563038 0 544 14481 1390 0 0 103 0 0 0 0 0 0 0 0 0 0 0
1264559150 563106 0 544 14481 1390 0 0 103 0 0 0 0 0 0 0 0 0 0 0
1264619955 563112 0 544 14481 1390 0 0 103 0 0 0 0 0 0 0 0 0 0 0
1264638262 563153 0 544 14481 1390 0 0 103 0 0 0 0 0 0 0 0 0 0 0
1264717303 563160 0 544 14481 1390 0 0 103 0 0 0 0 0 0 0 0 0 0 0
1264717873 563210 0 544 14481 1390 0 0 103 0 0 0 0 0 0 0 0 0 0 0
1264773876 563210 0 544 14501 1390 0 0 103 0 0 0 0 0 0 0 0 0 0 0
1264773994 563210 0 544 14515 1390 0 0 103 0 0 0 0 0 0 0 0 0 0 0
1264840309 563210 0 544 14523 1390 0 0 103 0 0 0 0 0 0 0 0 0 0 0
1264888031 563210 0 544 14583 1390 0 0 103 0 0 0 0 0 0 0 0 0 0 0
1264956290 563246 0 544 14583 1390 0 0 103 0 0 0 0 0 0 0 0 0 0 0
1265200888 563253 0 544 14583 1390 0 0 103 0 0 0 0 0 0 0 0 0 0 0
1265253145 563260 0 544 14583 1390 0 0 103 0 0 0 0 0 0 0 0 0 0 0
1265254479 563270 0 544 14583 1390 0 0 103 0 0 0 0 0 0 0 0 0 0 0
1265327263 563361 0 544 14583 1390 0 0 103 0 0 0 0 0 0 0 0 0 0 0
1265402059 563361 0 544 14618 1390 0 0 103 0 0 0 0 0 0 0 0 0 0 0
1265530998 563361 0 544 14733 1390 0 0 103 0 0 0 0 0 0 0 0 0 0 0
1265537107 563361 0 544 14740 1390 0 0 103 0 0 0 0 0 0 0 0 0 0 0
1265540449 563361 0 544 14757 1390 0 0 103 0 0 0 0 0 0 0 0 0 0 0
1265541038 563361 0 544 14764 1390 0 0 103 0 0 0 0 0 0 0 0 0 0 0
1265554290 563368 0 544 14764 1390 0 0 103 0 0 0 0 0 0 0 0 0 0 0
1265556141 563374 0 544 14764 1390 0 0 103 0 0 0 0 0 0 0 0 0 0 0
1265556405 563424 0 544 14764 1390 0 0 103 0 0 0 0 0 0 0 0 0 0 0
1265593036 563434 0 544 14764 1390 0 0 103 0 0 0 0 0 0 0 0 0 0 0
1265593298 563441 0 544 14764 1390 0 0 103 0 0 0 0 0 0 0 0 0 0 0
1265600237 563974 0 544 14764 1390 0 0 103 0 0 0 0 0 0 0 0 0 0 0
1265611508 563974 0 544 14779 1390 0 0 103 0 0 0 0 0 0 0 0 0 0 0
1265621936 563974 0 544 14785 1390 0 0 103 0 0 0 0 0 0 0 0 0 0 0
1265637190 563974 0 544 14858 1390 0 0 103 0 0 0 0 0 0 0 0 0 0 0
1265637794 563974 0 544 14937 1390 0 0 103 0 0 0 0 0 0 0 0 0 0 0
1265637970 563974 0 544 14944 1390 0 0 103 0 0 0 0 0 0 0 0 0 0 0
1265816392 563974 0 544 15123 1390 0 0 103 0 0 0 0 0 0 0 0 0 0 0
1266156960 563991 0 544 15123 1390 0 0 103 0 0 0 0 0 0 0 0 0 0 0
1266170438 564027 0 544 15123 1390 0 0 103 0 0 0 0 0 0 0 0 0 0 0
1266202269 564060 0 544 15123 1390 0 0 103 0 0 0 0 0 0 0 0 0 0 0
1266243118 564101 0 544 15123 1390 0 0 103 0 0 0 0 0 0 0 0 0 0 0
1266249703 564105 0 544 15123 1390 0 0 103 0 0 0 0 0 0 0 0 0 0 0
1266281145 564136 0 544 15123 1390 0 0 103 0 0 0 0 0 0 0 0 0 0 0
1266281756 564162 0 544 15123 1390 0 0 103 0 0 0 0 0 0 0 0 0 0 0
1266410145 564205 0 544 15123 1390 0 0 103 0 0 0 0 0 0 0 0 0 0 0
1266428573 564234 0 544 15123 1390 0 0 103 0 0 0 0 0 0 0 0 0 0 0
1266451207 564242 0 544 15123 1390 0 0 103 0 0 0 0 0 0 0 0 0 0 0
1266451379 564256 0 544 15123 1390 0 0 103 0 0 0 0 0 0 0 0 0 0 0
1266451774 564270 0 544 15123 1390 0 0 103 0 0 0 0 0 0 0 0 0 0 0
1266452132 564301 0 544 15123 1390 0 0 103 0 0 0 0 0 0 0 0 0 0 0
1266528478 564301 0 544 15127 1390 0 0 103 0 0 0 0 0 0 0 0 0 0 0
1266529095 564301 0 544 15161 1390 0 0 103 0 0 0 0 0 0 0 0 0 0 0
1266677323 564309 0 544 15161 1390 0 0 103 0 0 0 0 0 0 0 0 0 0 0
1266678354 564356 0 544 15161 1390 0 0 103 0 0 0 0 0 0 0 0 0 0 0
1266694051 564407 0 544 15161 1390 0 0 103 0 0 0 0 0 0 0 0 0 0 0
1266700294 564407 0 558 15161 1390 0 0 103 0 0 0 0 0 0 0 0 0 0 0
1266951057 565012 0 558 15161 1390 0 0 103 0 0 0 0 0 0 0 0 0 0 0
1267205571 565012 0 558 15169 1390 0 0 103 0 0 0 0 0 0 0 0 0 0 0
1268271608 565417 0 558 15169 1390 0 0 103 0 0 0 0 0 0 0 0 0 0 0
1268483296 565417 0 558 15186 1390 0 0 103 0 0 0 0 0 0 0 0 0 0 0
1268485216 565417 0 558 15195 1390 0 0 103 0 0 0 0 0 0 0 0 0 0 0
1268488989 565417 0 558 15259 1390 0 0 103 0 0 0 0 0 0 0 0 0 0 0
1268500608 565417 0 558 15285 1390 0 0 103 0 0 0 0 0 0 0 0 0 0 0
1268505365 565417 0 558 15322 1390 0 0 103 0 0 0 0 0 0 0 0 0 0 0
1268522969 565417 0 558 15504 1390 0 0 103 0 0 0 0 0 0 0 0 0 0 0
1268527176 565417 0 558 15510 1390 0 0 103 0 0 0 0 0 0 0 0 0 0 0
1268775913 565426 0 558 15510 1390 0 0 103 0 0 0 0 0 0 0 0 0 0 0
1268783712 565426 0 569 15510 1390 0 0 103 0 0 0 0 0 0 0 0 0 0 0
1268859141 565426 0 570 15510 1390 0 0 103 0 0 0 0 0 0 0 0 0 0 0
1269056344 565546 0 570 15510 1390 0 0 103 0 0 0 0 0 0 0 0 0 0 0
1269132264 565609 0 570 15510 1390 0 0 103 0 0 0 0 0 0 0 0 0 0 0
1269205932 565753 0 570 15510 1390 0 0 103 0 0 0 0 0 0 0 0 0 0 0
1269210723 565799 0 570 15510 1390 0 0 103 0 0 0 0 0 0 0 0 0 0 0
1269211946 565805 0 570 15510 1390 0 0 103 0 0 0 0 0 0 0 0 0 0 0
1269223667 565810 0 570 15510 1390 0 0 103 0 0 0 0 0 0 0 0 0 0 0
1269227013 565942 0 570 15510 1390 0 0 103 0 0 0 0 0 0 0 0 0 0 0
1269389303 566001 0 570 15510 1390 0 0 103 0 0 0 0 0 0 0 0 0 0 0
1269434539 566043 0 570 15510 1390 0 0 103 0 0 0 0 0 0 0 0 0 0 0
1269658413 566050 0 570 15510 1390 0 0 103 0 0 0 0 0 0 0 0 0 0 0
1269694798 566099 0 570 15510 1390 0 0 103 0 0 0 0 0 0 0 0 0 0 0
1269963532 566099 0 570 15582 1390 0 0 103 0 0 0 0 0 0 0 0 0 0 0
1269987491 568545 0 570 15582 1390 0 0 103 0 0 0 0 0 0 0 0 0 0 0
1270596861 568578 0 570 15582 1390 0 0 103 0 0 0 0 0 0 0 0 0 0 0
1270599486 568595 0 570 15582 1390 0 0 103 0 0 0 0 0 0 0 0 0 0 0
1270744370 568595 0 570 15592 1390 0 0 103 0 0 0 0 0 0 0 0 0 0 0
1270997046 568595 0 570 15603 1390 0 0 103 0 0 0 0 0 0 0 0 0 0 0
1272463808 568595 0 570 15612 1390 0 0 103 0 0 0 0 0 0 0 0 0 0 0
1275322828 568617 0 570 15612 1390 0 0 103 0 0 0 0 0 0 0 0 0 0 0
1275394318 568617 0 570 15616 1390 0 0 103 0 0 0 0 0 0 0 0 0 0 0
1275394385 568617 0 570 15658 1390 0 0 103 0 0 0 0 0 0 0 0 0 0 0
1275665824 568630 0 570 15658 1390 0 0 103 0 0 0 0 0 0 0 0 0 0 0
1276083084 568658 0 570 15658 1390 0 0 103 0 0 0 0 0 0 0 0 0 0 0
1276246819 568658 0 570 15665 1390 0 0 103 0 0 0 0 0 0 0 0 0 0 0
1276707671 568658 0 570 15676 1390 0 0 103 0 0 0 0 0 0 0 0 0 0 0
1276709555 568658 0 570 15682 1390 0 0 103 0 0 0 0 0 0 0 0 0 0 0
1276769777 568678 0 570 15682 1390 0 0 103 0 0 0 0 0 0 0 0 0 0 0
1276785788 569865 0 570 15682 1390 0 0 103 0 0 0 0 0 0 0 0 0 0 0
1276791763 570166 0 570 15682 1390 0 0 103 0 0 0 0 0 0 0 0 0 0 0
1276952011 570177 0 570 15682 1390 0 0 103 0 0 0 0 0 0 0 0 0 0 0
1276952274 570207 0 570 15682 1390 0 0 103 0 0 0 0 0 0 0 0 0 0 0
1277036791 570207 0 571 15682 1390 0 0 103 0 0 0 0 0 0 0 0 0 0 0
1277133430 570301 0 571 15682 1390 0 0 103 0 0 0 0 0 0 0 0 0 0 0
1277137455 570336 0 571 15682 1390 0 0 103 0 0 0 0 0 0 0 0 0 0 0
1277138020 570492 0 571 15682 1390 0 0 103 0 0 0 0 0 0 0 0 0 0 0
1277143006 570493 0 571 15682 1390 0 0 103 0 0 0 0 0 0 0 0 0 0 0
1277311496 570493 0 571 15682 1390 0 0 103 0 0 0 0 0 0 0 0 0 0 0
1277321478 570615 0 571 15682 1390 0 0 103 0 0 0 0 0 0 0 0 0 0 0
1277479954 570690 0 571 15682 1390 0 0 103 0 0 0 0 0 0 0 0 0 0 0
1277487190 570697 0 571 15682 1390 0 0 103 0 0 0 0 0 0 0 0 0 0 0
1277837093 570697 0 571 15689 1390 0 0 103 0 0 0 0 0 0 0 0 0 0 0
1277837228 570697 0 571 15973 1390 0 0 103 0 0 0 0 0 0 0 0 0 0 0
1277915209 570714 0 571 15973 1390 0 0 103 0 0 0 0 0 0 0 0 0 0 0
1278014269 570756 0 571 15973 1390 0 0 103 0 0 0 0 0 0 0 0 0 0 0
1278522439 570756 0 571 15979 1390 0 0 103 0 0 0 0 0 0 0 0 0 0 0
1278591415 570782 0 571 15979 1390 0 0 103 0 0 0 0 0 0 0 0 0 0 0
1278592853 570812 0 571 15979 1390 0 0 103 0 0 0 0 0 0 0 0 0 0 0
1278620093 570812 0 571 16007 1390 0 0 103 0 0 0 0 0 0 0 0 0 0 0
1278670460 570812 0 571 16052 1390 0 0 103 0 0 0 0 0 0 0 0 0 0 0
1279559706 570916 0 571 16052 1390 0 0 103 0 0 0 0 0 0 0 0 0 0 0
1279599192 570916 0 596 16052 1390 0 0 103 0 0 0 0 0 0 0 0 0 0 0
1279655620 571128 0 596 16052 1390 0 0 103 0 0 0 0 0 0 0 0 0 0 0
1284064816 571157 0 596 16052 1390 0 0 103 0 0 0 0 0 0 0 0 0 0 0
1284065256 571201 0 596 16052 1390 0 0 103 0 0 0 0 0 0 0 0 0 0 0
1284065808 571271 0 596 16052 1390 0 0 103 0 0 0 0 0 0 0 0 0 0 0
1284224580 571289 0 596 16052 1390 0 0 103 0 0 0 0 0 0 0 0 0 0 0
1284225341 571296 0 596 16052 1390 0 0 103 0 0 0 0 0 0 0 0 0 0 0
1284225927 571495 0 596 16052 1390 0 0 103 0 0 0 0 0 0 0 0 0 0 0
1284297470 571554 0 596 16052 1390 0 0 103 0 0 0 0 0 0 0 0 0 0 0
1285162159 571560 0 596 16052 1390 0 0 103 0 0 0 0 0 0 0 0 0 0 0
1285162413 571582 0 596 16052 1390 0 0 103 0 0 0 0 0 0 0 0 0 0 0
1285165420 572101 0 596 16052 1390 0 0 103 0 0 0 0 0 0 0 0 0 0 0
1285258350 572148 0 596 16052 1390 0 0 103 0 0 0 0 0 0 0 0 0 0 0
1285698666 572202 0 596 16052 1390 0 0 103 0 0 0 0 0 0 0 0 0 0 0
1285702948 572349 0 596 16052 1390 0 0 103 0 0 0 0 0 0 0 0 0 0 0
1285704921 572378 0 596 16052 1390 0 0 103 0 0 0 0 0 0 0 0 0 0 0
1286202276 572383 0 596 16052 1390 0 0 103 0 0 0 0 0 0 0 0 0 0 0
1286203761 572392 0 596 16052 1390 0 0 103 0 0 0 0 0 0 0 0 0 0 0
1286203972 572393 0 596 16052 1390 0 0 103 0 0 0 0 0 0 0 0 0 0 0
1286209592 572625 0 596 16052 1390 0 0 103 0 0 0 0 0 0 0 0 0 0 0
1286262854 572625 0 596 16061 1390 0 0 103 0 0 0 0 0 0 0 0 0 0 0
1286882706 572625 0 596 16079 1390 0 0 103 0 0 0 0 0 0 0 0 0 0 0
1286987486 572721 0 596 16079 1390 0 0 103 0 0 0 0 0 0 0 0 0 0 0
1286987618 572729 0 596 16079 1390 0 0 103 0 0 0 0 0 0 0 0 0 0 0
1286987843 572736 0 596 16079 1390 0 0 103 0 0 0 0 0 0 0 0 0 0 0
1287335383 572736 0 596 16164 1390 0 0 103 0 0 0 0 0 0 0 0 0 0 0
1287422527 572737 0 596 16164 1390 0 0 103 0 0 0 0 0 0 0 0 0 0 0
1287424955 572751 0 596 16164 1390 0 0 103 0 0 0 0 0 0 0 0 0 0 0
1287425469 572831 0 596 16164 1390 0 0 103 0 0 0 0 0 0 0 0 0 0 0
1287428476 573919 0 596 16164 1390 0 0 103 0 0 0 0 0 0 0 0 0 0 0
1287522993 573919 0 596 16175 1390 0 0 103 0 0 0 0 0 0 0 0 0 0 0
1287671236 573929 0 596 16175 1390 0 0 103 0 0 0 0 0 0 0 0 0 0 0
1287672796 574049 0 596 16175 1390 0 0 103 0 0 0 0 0 0 0 0 0 0 0
1287675625 574161 0 596 16175 1390 0 0 103 0 0 0 0 0 0 0 0 0 0 0
1288350588 574176 0 596 16175 1390 0 0 103 0 0 0 0 0 0 0 0 0 0 0
1288350951 574281 0 596 16175 1390 0 0 103 0 0 0 0 0 0 0 0 0 0 0
1288351327 574329 0 596 16175 1390 0 0 103 0 0 0 0 0 0 0 0 0 0 0
1288354199 574339 0 596 16175 1390 0 0 103 0 0 0 0 0 0 0 0 0 0 0
1288354602 574389 0 596 16175 1390 0 0 103 0 0 0 0 0 0 0 0 0 0 0
1288458184 574428 0 596 16175 1390 0 0 103 0 0 0 0 0 0 0 0 0 0 0
1288458539 574437 0 596 16175 1390 0 0 103 0 0 0 0 0 0 0 0 0 0 0
1288458920 575650 0 596 16175 1390 0 0 103 0 0 0 0 0 0 0 0 0 0 0
1288459188 575663 0 596 16175 1390 0 0 103 0 0 0 0 0 0 0 0 0 0 0
1288708937 575675 0 596 16175 1390 0 0 103 0 0 0 0 0 0 0 0 0 0 0
1288788832 575765 0 596 16175 1390 0 0 103 0 0 0 0 0 0 0 0 0 0 0
1288794440 579843 0 596 16175 1390 0 0 103 0 0 0 0 0 0 0 0 0 0 0
1288880238 579843 0 596 16175 1390 0 0 103 0 0 0 0 0 0 0 0 0 0 0
1289254761 579843 0 596 16180 1390 0 0 103 0 0 0 0 0 0 0 0 0 0 0
1289491562 579855 0 596 16180 1390 0 0 103 0 0 0 0 0 0 0 0 0 0 0
1289491629 579857 0 596 16180 1390 0 0 103 0 0 0 0 0 0 0 0 0 0 0
1289491765 579863 0 596 16180 1390 0 0 103 0 0 0 0 0 0 0 0 0 0 0
1289560557 579869 0 596 16180 1390 0 0 103 0 0 0 0 0 0 0 0 0 0 0
1289560699 579887 0 596 16180 1390 0 0 103 0 0 0 0 0 0 0 0 0 0 0
1289568649 579946 0 596 16180 1390 0 0 103 0 0 0 0 0 0 0 0 0 0 0
1289661671 579952 0 596 16180 1390 0 0 103 0 0 0 0 0 0 0 0 0 0 0
1289661822 579983 0 596 16180 1390 0 0 103 0 0 0 0 0 0 0 0 0 0 0
1289669619 580036 0 596 16180 1390 0 0 103 0 0 0 0 0 0 0 0 0 0 0
1289674662 580055 0 596 16180 1390 0 0 103 0 0 0 0 0 0 0 0 0 0 0
1289755078 580060 0 596 16180 1390 0 0 103 0 0 0 0 0 0 0 0 0 0 0
1290697430 580066 0 596 16180 1390 0 0 103 0 0 0 0 0 0 0 0 0 0 0
1290787046 580083 0 596 16180 1390 0 0 103 0 0 0 0 0 0 0 0 0 0 0
1290968479 580096 0 596 16180 1390 0 0 103 0 0 0 0 0 0 0 0 0 0 0
1290969363 580155 0 596 16180 1390 0 0 103 0 0 0 0 0 0 0 0 0 0 0
1290969571 580165 0 596 16180 1390 0 0 103 0 0 0 0 0 0 0 0 0 0 0
1290969886 580180 0 596 16180 1390 0 0 103 0 0 0 0 0 0 0 0 0 0 0
1291378319 580187 0 596 16180 1390 0 0 103 0 0 0 0 0 0 0 0 0 0 0
1291389782 580211 0 596 16180 1390 0 0 103 0 0 0 0 0 0 0 0 0 0 0
1291391700 580236 0 596 16180 1390 0 0 103 0 0 0 0 0 0 0 0 0 0 0
1291804015 580236 0 960 16180 1390 0 0 103 0 0 0 0 0 0 0 0 0 0 0
1292371256 580236 0 1000 16180 1390 0 0 103 0 0 0 0 0 0 0 0 0 0 0
1294154254 580259 0 1000 16180 1390 0 0 103 0 0 0 0 0 0 0 0 0 0 0
1294159819 580259 0 1000 16180 1390 0 0 103 0 0 0 0 0 0 0 0 0 0 0
1294350481 580324 0 1000 16180 1390 0 0 103 0 0 0 0 0 0 0 0 0 0 0
1294514927 580419 0 1000 16180 1390 0 0 103 0 0 0 0 0 0 0 0 0 0 0
1294516283 580458 0 1000 16180 1390 0 0 103 0 0 0 0 0 0 0 0 0 0 0
1294753121 580485 0 1000 16180 1390 0 0 103 0 0 0 0 0 0 0 0 0 0 0
1295006939 580499 0 1000 16180 1390 0 0 103 0 0 0 0 0 0 0 0 0 0 0
1295022114 580947 0 1000 16180 1390 0 0 103 0 0 0 0 0 0 0 0 0 0 0
1295119628 580959 0 1000 16180 1390 0 0 103 0 0 0 0 0 0 0 0 0 0 0
1295290282 580980 0 1000 16180 1390 0 0 103 0 0 0 0 0 0 0 0 0 0 0
1297023813 581012 0 1000 16180 1390 0 0 103 0 0 0 0 0 0 0 0 0 0 0
1297024710 581126 0 1000 16180 1390 0 0 103 0 0 0 0 0 0 0 0 0 0 0
1297187499 581187 0 1000 16180 1390 0 0 103 0 0 0 0 0 0 0 0 0 0 0
1298638190 582620 0 1000 16180 1390 0 0 103 0 0 0 0 0 0 0 0 0 0 0
1298922366 582628 0 1000 16180 1390 0 0 103 0 0 0 0 0 0 0 0 0 0 0
1298924569 582659 0 1000 16180 1390 0 0 103 0 0 0 0 0 0 0 0 0 0 0
1299081989 582693 0 1000 16180 1390 0 0 103 0 0 0 0 0 0 0 0 0 0 0
1299082953 582716 0 1000 16180 1390 0 0 103 0 0 0 0 0 0 0 0 0 0 0
1299085703 583006 0 1000 16180 1390 0 0 103 0 0 0 0 0 0 0 0 0 0 0
1299159323 583021 0 1000 16180 1390 0 0 103 0 0 0 0 0 0 0 0 0 0 0
1299161117 583028 0 1000 16180 1390 0 0 103 0 0 0 0 0 0 0 0 0 0 0
1299267100 583043 0 1000 16180 1390 0 0 103 0 0 0 0 0 0 0 0 0 0 0
1299269662 583071 0 1000 16180 1390 0 0 103 0 0 0 0 0 0 0 0 0 0 0
1299423662 583073 0 1000 16180 1390 0 0 103 0 0 0 0 0 0 0 0 0 0 0
1299426725 583080 0 1000 16180 1390 0 0 103 0 0 0 0 0 0 0 0 0 0 0
1299428027 583122 0 1000 16180 1390 0 0 103 0 0 0 0 0 0 0 0 0 0 0
1299488150 583136 0 1000 16180 1390 0 0 103 0 0 0 0 0 0 0 0 0 0 0
1299488837 583181 0 1000 16180 1390 0 0 103 0 0 0 0 0 0 0 0 0 0 0
1299615390 583187 0 1000 16180 1390 0 0 103 0 0 0 0 0 0 0 0 0 0 0
1299616268 583191 0 1000 16180 1390 0 0 103 0 0 0 0 0 0 0 0 0 0 0
1299619189 583871 0 1000 16180 1390 0 0 103 0 0 0 0 0 0 0 0 0 0 0
1299693716 583879 0 1000 16180 1390 0 0 103 0 0 0 0 0 0 0 0 0 0 0
1299860948 584005 0 1000 16180 1390 0 0 103 0 0 0 0 0 0 0 0 0 0 0
1299865268 584092 0 1000 16180 1390 0 0 103 0 0 0 0 0 0 0 0 0 0 0
1299963120 584135 0 1000 16180 1390 0 0 103 0 0 0 0 0 0 0 0 0 0 0
1299966490 584688 0 1000 16180 1390 0 0 103 0 0 0 0 0 0 0 0 0 0 0
1300124808 585155 0 1000 16180 1390 0 0 103 0 0 0 0 0 0 0 0 0 0 0
1300129249 585172 0 1000 16180 1390 0 0 103 0 0 0 0 0 0 0 0 0 0 0
1300212102 585249 0 1000 16180 1390 0 0 103 0 0 0 0 0 0 0 0 0 0 0
1300284597 585257 0 1000 16180 1390 0 0 103 0 0 0 0 0 0 0 0 0 0 0
1300394509 585263 0 1000 16180 1390 0 0 103 0 0 0 0 0 0 0 0 0 0 0
1300398977 585299 0 1000 16180 1390 0 0 103 0 0 0 0 0 0 0 0 0 0 0
1300885974 585332 0 1000 16180 1390 0 0 103 0 0 0 0 0 0 0 0 0 0 0
1300886169 585367 0 1000 16180 1390 0 0 103 0 0 0 0 0 0 0 0 0 0 0
1300994825 585367 0 1000 16180 1390 0 0 103 0 0 0 0 0 0 0 0 0 0 0
1301058323 585382 0 1000 16180 1390 0 0 103 0 0 0 0 0 0 0 0 0 0 0
1301162777 585455 0 1000 16180 1390 0 0 103 0 0 0 0 0 0 0 0 0 0 0
1301165139 585510 0 1000 16180 1390 0 0 103 0 0 0 0 0 0 0 0 0 0 0
1301323837 585547 0 1000 16180 1390 0 0 103 0 0 0 0 0 0 0 0 0 0 0
1301323911 585744 0 1000 16180 1390 0 0 103 0 0 0 0 0 0 0 0 0 0 0
1301411060 586203 0 1000 16180 1390 0 0 103 0 0 0 0 0 0 0 0 0 0 0
1301412374 586210 0 1000 16180 1390 0 0 103 0 0 0 0 0 0 0 0 0 0 0
1301415293 586218 0 1000 16180 1390 0 0 103 0 0 0 0 0 0 0 0 0 0 0
1301494760 586230 0 1000 16180 1390 0 0 103 0 0 0 0 0 0 0 0 0 0 0
1301502943 586595 0 1000 16180 1390 0 0 103 0 0 0 0 0 0 0 0 0 0 0
1301862014 586599 0 1000 16180 1390 0 0 103 0 0 0 0 0 0 0 0 0 0 0
1301862250 586610 0 1000 16180 1390 0 0 103 0 0 0 0 0 0 0 0 0 0 0
1302193008 586623 0 1000 16180 1390 0 0 103 0 0 0 0 0 0 0 0 0 0 0
1302796449 586634 0 1000 16180 1390 0 0 103 0 0 0 0 0 0 0 0 0 0 0
1303210982 586794 0 1000 16180 1390 0 0 103 0 0 0 0 0 0 0 0 0 0 0
1303395761 586804 0 1000 16180 1390 0 0 103 0 0 0 0 0 0 0 0 0 0 0
1303398332 586826 0 1000 16180 1390 0 0 103 0 0 0 0 0 0 0 0 0 0 0
1303401623 586832 0 1000 16180 1390 0 0 103 0 0 0 0 0 0 0 0 0 0 0
1303829615 586839 0 1000 16180 1390 0 0 103 0 0 0 0 0 0 0 0 0 0 0
1303829773 586851 0 1000 16180 1390 0 0 103 0 0 0 0 0 0 0 0 0 0 0
1303830112 586859 0 1000 16180 1390 0 0 103 0 0 0 0 0 0 0 0 0 0 0
1303833515 586867 0 1000 16180 1390 0 0 103 0 0 0 0 0 0 0 0 0 0 0
1303909399 586876 0 1000 16180 1390 0 0 103 0 0 0 0 0 0 0 0 0 0 0
1303922778 586882 0 1000 16180 1390 0 0 103 0 0 0 0 0 0 0 0 0 0 0
1303924035 587760 0 1000 16180 1390 0 0 103 0 0 0 0 0 0 0 0 0 0 0
1304001233 587765 0 1000 16180 1390 0 0 103 0 0 0 0 0 0 0 0 0 0 0
1304006268 590682 0 1000 16180 1390 0 0 103 0 0 0 0 0 0 0 0 0 0 0
1304013656 590708 0 1000 16180 1390 0 0 103 0 0 0 0 0 0 0 0 0 0 0
1304087145 590763 0 1000 16180 1390 0 0 103 0 0 0 0 0 0 0 0 0 0 0
1304089885 590786 0 1000 16180 1390 0 0 103 0 0 0 0 0 0 0 0 0 0 0
1304185419 590796 0 1000 16180 1390 0 0 103 0 0 0 0 0 0 0 0 0 0 0
1304190821 590807 0 1000 16180 1390 0 0 103 0 0 0 0 0 0 0 0 0 0 0
1304191143 590823 0 1000 16180 1390 0 0 103 0 0 0 0 0 0 0 0 0 0 0
1304344616 590849 0 1000 16180 1390 0 0 103 0 0 0 0 0 0 0 0 0 0 0
1304348411 590854 0 1000 16180 1390 0 0 103 0 0 0 0 0 0 0 0 0 0 0
1304350453 590901 0 1000 16180 1390 0 0 103 0 0 0 0 0 0 0 0 0 0 0
1304354099 590911 0 1000 16180 1390 0 0 103 0 0 0 0 0 0 0 0 0 0 0
1304538123 590915 0 1000 16180 1390 0 0 103 0 0 0 0 0 0 0 0 0 0 0
1304605078 591111 0 1000 16180 1390 0 0 103 0 0 0 0 0 0 0 0 0 0 0
1304693489 591120 0 1000 16180 1390 0 0 103 0 0 0 0 0 0 0 0 0 0 0
1304704850 591126 0 1000 16180 1390 0 0 103 0 0 0 0 0 0 0 0 0 0 0
1305290235 591157 0 1000 16180 1390 0 0 103 0 0 0 0 0 0 0 0 0 0 0
1305292786 591167 0 1000 16180 1390 0 0 103 0 0 0 0 0 0 0 0 0 0 0
1305474932 591249 0 1000 16180 1390 0 0 103 0 0 0 0 0 0 0 0 0 0 0
1305475195 591255 0 1000 16180 1390 0 0 103 0 0 0 0 0 0 0 0 0 0 0
1305477525 591276 0 1000 16180 1390 0 0 103 0 0 0 0 0 0 0 0 0 0 0
1305479410 591308 0 1000 16180 1390 0 0 103 0 0 0 0 0 0 0 0 0 0 0
1305561212 591409 0 1000 16180 1390 0 0 103 0 0 0 0 0 0 0 0 0 0 0
1306329525 591411 0 1000 16180 1390 0 0 103 0 0 0 0 0 0 0 0 0 0 0
1306329587 591412 0 1000 16180 1390 0 0 103 0 0 0 0 0 0 0 0 0 0 0
1306333474 591443 0 1000 16180 1390 0 0 103 0 0 0 0 0 0 0 0 0 0 0
1306336777 591457 0 1000 16180 1390 0 0 103 0 0 0 0 0 0 0 0 0 0 0
1306336933 591488 0 1000 16180 1390 0 0 103 0 0 0 0 0 0 0 0 0 0 0
1306343580 591585 0 1000 16180 1390 0 0 103 0 0 0 0 0 0 0 0 0 0 0
1306524092 591592 0 1000 16180 1390 0 0 103 0 0 0 0 0 0 0 0 0 0 0
1306524345 591700 0 1000 16180 1390 0 0 103 0 0 0 0 0 0 0 0 0 0 0
1306851119 591775 0 1000 16180 1390 0 0 103 0 0 0 0 0 0 0 0 0 0 0
1306944203 591798 0 1000 16180 1390 0 0 103 0 0 0 0 0 0 0 0 0 0 0
1307026494 599395 0 1000 16180 1390 0 0 103 0 0 0 0 0 0 0 0 0 0 0
1307984306 599396 0 1000 16180 1390 0 0 103 0 0 0 0 0 0 0 0 0 0 0
1307986702 599412 0 1000 16180 1390 0 0 103 0 0 0 0 0 0 0 0 0 0 0
1308069836 599413 0 1000 16180 1390 0 0 103 0 0 0 0 0 0 0 0 0 0 0
1308154300 599466 0 1000 16180 1390 0 0 103 0 0 0 0 0 0 0 0 0 0 0
1308589798 599485 0 1000 16180 1390 0 0 103 0 0 0 0 0 0 0 0 0 0 0
1308677813 602289 0 1000 16180 1390 0 0 103 0 0 0 0 0 0 0 0 0 0 0
1308758746 602296 0 1000 16180 1390 0 0 103 0 0 0 0 0 0 0 0 0 0 0
1308761731 602334 0 1000 16180 1390 0 0 103 0 0 0 0 0 0 0 0 0 0 0
1308764904 602380 0 1000 16180 1390 0 0 103 0 0 0 0 0 0 0 0 0 0 0
1308772616 603740 0 1000 16180 1390 0 0 103 0 0 0 0 0 0 0 0 0 0 0
1309273932 603808 0 1000 16180 1390 0 0 103 0 0 0 0 0 0 0 0 0 0 0
1309274263 603825 0 1000 16180 1390 0 0 103 0 0 0 0 0 0 0 0 0 0 0
1309274441 603831 0 1000 16180 1390 0 0 103 0 0 0 0 0 0 0 0 0 0 0
1309276210 603838 0 1000 16180 1390 0 0 103 0 0 0 0 0 0 0 0 0 0 0
1309454558 603848 0 1000 16180 1390 0 0 103 0 0 0 0 0 0 0 0 0 0 0
1309459840 603855 0 1000 16180 1390 0 0 103 0 0 0 0 0 0 0 0 0 0 0
1309987630 603860 0 1000 16180 1390 0 0 103 0 0 0 0 0 0 0 0 0 0 0
1309987899 603876 0 1000 16180 1390 0 0 103 0 0 0 0 0 0 0 0 0 0 0
1309988073 603890 0 1000 16180 1390 0 0 103 0 0 0 0 0 0 0 0 0 0 0
1309988375 603897 0 1000 16180 1390 0 0 103 0 0 0 0 0 0 0 0 0 0 0
1309988772 604125 0 1000 16180 1390 0 0 103 0 0 0 0 0 0 0 0 0 0 0
1310149347 604142 0 1000 16180 1390 0 0 103 0 0 0 0 0 0 0 0 0 0 0
1310150601 604156 0 1000 16180 1390 0 0 103 0 0 0 0 0 0 0 0 0 0 0
1310155020 604176 0 1000 16180 1390 0 0 103 0 0 0 0 0 0 0 0 0 0 0
1310155633 605238 0 1000 16180 1390 0 0 103 0 0 0 0 0 0 0 0 0 0 0
1310247863 605246 0 1000 16180 1390 0 0 103 0 0 0 0 0 0 0 0 0 0 0
1310248412 605380 0 1000 16180 1390 0 0 103 0 0 0 0 0 0 0 0 0 0 0
1310417444 605389 0 1000 16180 1390 0 0 103 0 0 0 0 0 0 0 0 0 0 0
1310423684 605396 0 1000 16180 1390 0 0 103 0 0 0 0 0 0 0 0 0 0 0
1311616632 605410 0 1000 16180 1390 0 0 103 0 0 0 0 0 0 0 0 0 0 0
1311617337 605416 0 1000 16180 1390 0 0 103 0 0 0 0 0 0 0 0 0 0 0
1311619137 605421 0 1000 16180 1390 0 0 103 0 0 0 0 0 0 0 0 0 0 0
1311619550 605428 0 1000 16180 1390 0 0 103 0 0 0 0 0 0 0 0 0 0 0
1311621155 605499 0 1000 16180 1390 0 0 103 0 0 0 0 0 0 0 0 0 0 0
1311622649 605535 0 1000 16180 1390 0 0 103 0 0 0 0 0 0 0 0 0 0 0
1311622878 605541 0 1000 16180 1390 0 0 103 0 0 0 0 0 0 0 0 0 0 0
1311624859 605599 0 1000 16180 1390 0 0 103 0 0 0 0 0 0 0 0 0 0 0
1311628208 606987 0 1000 16180 1390 0 0 103 0 0 0 0 0 0 0 0 0 0 0
1311631193 607154 0 1000 16180 1390 0 0 103 0 0 0 0 0 0 0 0 0 0 0
1312391266 607173 0 1000 16180 1390 0 0 103 0 0 0 0 0 0 0 0 0 0 0
1312391481 607184 0 1000 16180 1390 0 0 103 0 0 0 0 0 0 0 0 0 0 0
1312393565 607201 0 1000 16180 1390 0 0 103 0 0 0 0 0 0 0 0 0 0 0
1312394218 607206 0 1000 16180 1390 0 0 103 0 0 0 0 0 0 0 0 0 0 0
1312394491 607212 0 1000 16180 1390 0 0 103 0 0 0 0 0 0 0 0 0 0 0
1312396475 607240 0 1000 16180 1390 0 0 103 0 0 0 0 0 0 0 0 0 0 0
1312397801 607303 0 1000 16180 1390 0 0 103 0 0 0 0 0 0 0 0 0 0 0
1312400143 607337 0 1000 16180 1390 0 0 103 0 0 0 0 0 0 0 0 0 0 0
1312400846 607342 0 1000 16180 1390 0 0 103 0 0 0 0 0 0 0 0 0 0 0
1312402695 607413 0 1000 16180 1390 0 0 103 0 0 0 0 0 0 0 0 0 0 0
1312404094 607709 0 1000 16180 1390 0 0 103 0 0 0 0 0 0 0 0 0 0 0
1312410992 607724 0 1000 16180 1390 0 0 103 0 0 0 0 0 0 0 0 0 0 0
1312462457 607726 0 1000 16180 1390 0 0 103 0 0 0 0 0 0 0 0 0 0 0
1314036196 607735 0 1000 16180 1390 0 0 103 0 0 0 0 0 0 0 0 0 0 0
1314036516 607740 0 1000 16180 1390 0 0 103 0 0 0 0 0 0 0 0 0 0 0
1314039401 607767 0 1000 16180 1390 0 0 103 0 0 0 0 0 0 0 0 0 0 0
1314039782 607780 0 1000 16180 1390 0 0 103 0 0 0 0 0 0 0 0 0 0 0
1314039941 607786 0 1000 16180 1390 0 0 103 0 0 0 0 0 0 0 0 0 0 0
1314040252 607798 0 1000 16180 1390 0 0 103 0 0 0 0 0 0 0 0 0 0 0
1314042213 607834 0 1000 16180 1390 0 0 103 0 0 0 0 0 0 0 0 0 0 0
1314042388 607874 0 1000 16180 1390 0 0 103 0 0 0 0 0 0 0 0 0 0 0
1314048300 607915 0 1000 16180 1390 0 0 103 0 0 0 0 0 0 0 0 0 0 0
1314121129 607950 0 1000 16180 1390 0 0 103 0 0 0 0 0 0 0 0 0 0 0
1315085136 607950 0 1000 16180 1413 0 0 103 0 0 0 0 0 0 0 0 0 0 0
1315924941 607950 0 1000 16180 1794 0 0 103 0 0 0 0 0 0 0 0 0 0 0
1316031141 607951 0 1000 16180 1794 0 0 103 0 0 0 0 0 0 0 0 0 0 0
1316036256 607953 0 1000 16180 1794 0 0 103 0 0 0 0 0 0 0 0 0 0 0
1316036385 607964 0 1000 16180 1794 0 0 103 0 0 0 0 0 0 0 0 0 0 0
1316036475 607988 0 1000 16180 1794 0 0 103 0 0 0 0 0 0 0 0 0 0 0
1316038515 608026 0 1000 16180 1794 0 0 103 0 0 0 0 0 0 0 0 0 0 0
1316038617 608032 0 1000 16180 1794 0 0 103 0 0 0 0 0 0 0 0 0 0 0
1316040252 608037 0 1000 16180 1794 0 0 103 0 0 0 0 0 0 0 0 0 0 0
1316110184 608037 0 1000 16180 3369 0 0 103 0 0 0 0 0 0 0 0 0 0 0
1316710268 609216 0 1000 16180 3369 0 0 103 0 0 0 0 0 0 0 0 0 0 0
1316886446 609444 0 1000 16180 3369 0 0 103 0 0 0 0 0 0 0 0 0 0 0
1317067228 609444 0 1000 16180 3644 0 0 103 0 0 0 0 0 0 0 0 0 0 0
1317297851 609607 0 1000 16180 3644 0 0 103 0 0 0 0 0 0 0 0 0 0 0
1317302290 609632 0 1000 16180 3644 0 0 103 0 0 0 0 0 0 0 0 0 0 0
1317313577 609640 0 1000 16180 3644 0 0 103 0 0 0 0 0 0 0 0 0 0 0
1317326254 609640 0 1000 16180 3749 0 0 103 0 0 0 0 0 0 0 0 0 0 0
1317996399 609644 0 1000 16180 3749 0 0 103 0 0 0 0 0 0 0 0 0 0 0
1318084119 609725 0 1000 16180 3749 0 0 103 0 0 0 0 0 0 0 0 0 0 0
1318091715 609725 0 1001 16180 3749 0 0 103 0 0 0 0 0 0 0 0 0 0 0
1318277473 609754 0 1001 16180 3749 0 0 103 0 0 0 0 0 0 0 0 0 0 0
1318277528 609773 0 1001 16180 3749 0 0 103 0 0 0 0 0 0 0 0 0 0 0
1318348803 609798 0 1001 16180 3749 0 0 103 0 0 0 0 0 0 0 0 0 0 0
1318349015 609803 0 1001 16180 3749 0 0 103 0 0 0 0 0 0 0 0 0 0 0
1318960922 609813 0 1001 16180 3749 0 0 103 0 0 0 0 0 0 0 0 0 0 0
1318961099 609819 0 1001 16180 3749 0 0 103 0 0 0 0 0 0 0 0 0 0 0
1318961369 609831 0 1001 16180 3749 0 0 103 0 0 0 0 0 0 0 0 0 0 0
1318962991 609905 0 1001 16180 3749 0 0 103 0 0 0 0 0 0 0 0 0 0 0
1318965003 609905 0 1002 16180 3749 0 0 103 0 0 0 0 0 0 0 0 0 0 0
1318965025 609905 0 1005 16180 3749 0 0 103 0 0 0 0 0 0 0 0 0 0 0
1319225142 609905 0 1010 16180 3749 0 0 103 0 0 0 0 0 0 0 0 0 0 0
1319294830 609920 0 1010 16180 3749 0 0 103 0 0 0 0 0 0 0 0 0 0 0
1319296698 609926 0 1010 16180 3749 0 0 103 0 0 0 0 0 0 0 0 0 0 0
1319812956 610017 0 1010 16180 3749 0 0 103 0 0 0 0 0 0 0 0 0 0 0
1319822426 610076 0 1010 16180 3749 0 0 103 0 0 0 0 0 0 0 0 0 0 0
1319827477 610316 0 1010 16180 3749 0 0 103 0 0 0 0 0 0 0 0 0 0 0
1319907543 610349 0 1010 16180 3749 0 0 103 0 0 0 0 0 0 0 0 0 0 0
1319922131 610365 0 1010 16180 3749 0 0 103 0 0 0 0 0 0 0 0 0 0 0
1320089010 610380 0 1010 16180 3749 0 0 103 0 0 0 0 0 0 0 0 0 0 0
1320231694 610389 0 1010 16180 3749 0 0 103 0 0 0 0 0 0 0 0 0 0 0
1320235593 610497 0 1010 16180 3749 0 0 103 0 0 0 0 0 0 0 0 0 0 0
1320328169 610718 0 1010 16180 3749 0 0 103 0 0 0 0 0 0 0 0 0 0 0
1320331582 610738 0 1010 16180 3749 0 0 103 0 0 0 0 0 0 0 0 0 0 0
1320332028 610745 0 1010 16180 3749 0 0 103 0 0 0 0 0 0 0 0 0 0 0
1320342987 610754 0 1010 16180 3749 0 0 103 0 0 0 0 0 0 0 0 0 0 0
1320346685 610848 0 1010 16180 3749 0 0 103 0 0 0 0 0 0 0 0 0 0 0
1320420264 610899 0 1010 16180 3749 0 0 103 0 0 0 0 0 0 0 0 0 0 0
1320432718 614232 0 1010 16180 3749 0 0 103 0 0 0 0 0 0 0 0 0 0 0
1320506410 614233 0 1010 16180 3749 0 0 103 0 0 0 0 0 0 0 0 0 0 0
1320702729 614891 0 1010 16180 3749 0 0 103 0 0 0 0 0 0 0 0 0 0 0
1321297427 614899 0 1010 16180 3749 0 0 103 0 0 0 0 0 0 0 0 0 0 0
1321369917 614904 0 1010 16180 3749 0 0 103 0 0 0 0 0 0 0 0 0 0 0
1321371503 614923 0 1010 16180 3749 0 0 103 0 0 0 0 0 0 0 0 0 0 0
1321446324 614929 0 1010 16180 3749 0 0 103 0 0 0 0 0 0 0 0 0 0 0
1321449040 614935 0 1010 16180 3749 0 0 103 0 0 0 0 0 0 0 0 0 0 0
1321452113 614943 0 1010 16180 3749 0 0 103 0 0 0 0 0 0 0 0 0 0 0
1321544166 614954 0 1010 16180 3749 0 0 103 0 0 0 0 0 0 0 0 0 0 0
1321556220 614963 0 1010 16180 3749 0 0 103 0 0 0 0 0 0 0 0 0 0 0
1321904563 614971 0 1010 16180 3749 0 0 103 0 0 0 0 0 0 0 0 0 0 0
1321980652 614982 0 1010 16180 3749 0 0 103 0 0 0 0 0 0 0 0 0 0 0
1321982973 614988 0 1010 16180 3749 0 0 103 0 0 0 0 0 0 0 0 0 0 0
1322046489 614994 0 1010 16180 3749 0 0 103 0 0 0 0 0 0 0 0 0 0 0
1322414692 615018 0 1010 16180 3749 0 0 103 0 0 0 0 0 0 0 0 0 0 0
1322417151 615237 0 1010 16180 3749 0 0 103 0 0 0 0 0 0 0 0 0 0 0
1322418409 615247 0 1010 16180 3749 0 0 103 0 0 0 0 0 0 0 0 0 0 0
1322500929 616573 0 1010 16180 3749 0 0 103 0 0 0 0 0 0 0 0 0 0 0
1322503433 616614 0 1010 16180 3749 0 0 103 0 0 0 0 0 0 0 0 0 0 0
1322585584 616638 0 1010 16180 3749 0 0 103 0 0 0 0 0 0 0 0 0 0 0
1322652057 616645 0 1010 16180 3749 0 0 103 0 0 0 0 0 0 0 0 0 0 0
1322654877 616706 0 1010 16180 3749 0 0 103 0 0 0 0 0 0 0 0 0 0 0
1322755990 616712 0 1010 16180 3749 0 0 103 0 0 0 0 0 0 0 0 0 0 0
1322847659 616751 0 1010 16180 3749 0 0 103 0 0 0 0 0 0 0 0 0 0 0
1322921243 616762 0 1010 16180 3749 0 0 103 0 0 0 0 0 0 0 0 0 0 0
1323363059 617165 0 1010 16180 3749 0 0 103 0 0 0 0 0 0 0 0 0 0 0
1323717583 617265 0 1010 16180 3749 0 0 103 0 0 0 0 0 0 0 0 0 0 0
1323720587 617292 0 1010 16180 3749 0 0 103 0 0 0 0 0 0 0 0 0 0 0
1323775592 617298 0 1010 16180 3749 0 0 103 0 0 0 0 0 0 0 0 0 0 0
1323785789 617421 0 1010 16180 3749 0 0 103 0 0 0 0 0 0 0 0 0 0 0
1323789334 617455 0 1010 16180 3749 0 0 103 0 0 0 0 0 0 0 0 0 0 0
1323864512 617478 0 1010 16180 3749 0 0 103 0 0 0 0 0 0 0 0 0 0 0
1323865051 617485 0 1010 16180 3749 0 0 103 0 0 0 0 0 0 0 0 0 0 0
1323868602 617491 0 1010 16180 3749 0 0 103 0 0 0 0 0 0 0 0 0 0 0
1323876392 617502 0 1010 16180 3749 0 0 103 0 0 0 0 0 0 0 0 0 0 0
1323877051 617548 0 1010 16180 3749 0 0 103 0 0 0 0 0 0 0 0 0 0 0
1323968380 618912 0 1010 16180 3749 0 0 103 0 0 0 0 0 0 0 0 0 0 0
1323971313 618934 0 1010 16180 3749 0 0 103 0 0 0 0 0 0 0 0 0 0 0
1323983273 618936 0 1010 16180 3749 0 0 103 0 0 0 0 0 0 0 0 0 0 0
1324057303 618964 0 1010 16180 3749 0 0 103 0 0 0 0 0 0 0 0 0 0 0
1324321535 618971 0 1010 16180 3749 0 0 103 0 0 0 0 0 0 0 0 0 0 0
1324391273 618989 0 1010 16180 3749 0 0 103 0 0 0 0 0 0 0 0 0 0 0
1324408354 619074 0 1010 16180 3749 0 0 103 0 0 0 0 0 0 0 0 0 0 0
1324469809 619090 0 1010 16180 3749 0 0 103 0 0 0 0 0 0 0 0 0 0 0
1324479284 619298 0 1010 16180 3749 0 0 103 0 0 0 0 0 0 0 0 0 0 0
1324658316 619393 0 1010 16180 3749 0 0 103 0 0 0 0 0 0 0 0 0 0 0
1325529731 619467 0 1010 16180 3749 0 0 103 0 0 0 0 0 0 0 0 0 0 0
1325532878 619506 0 1010 16180 3749 0 0 103 0 0 0 0 0 0 0 0 0 0 0
1325536360 619567 0 1010 16180 3749 0 0 103 0 0 0 0 0 0 0 0 0 0 0
1325609426 619574 0 1010 16180 3749 0 0 103 0 0 0 0 0 0 0 0 0 0 0
1325614531 619591 0 1010 16180 3749 0 0 103 0 0 0 0 0 0 0 0 0 0 0
1325622716 619604 0 1010 16180 3749 0 0 103 0 0 0 0 0 0 0 0 0 0 0
1325625420 619611 0 1010 16180 3749 0 0 103 0 0 0 0 0 0 0 0 0 0 0
1325675313 619627 0 1010 16180 3749 0 0 103 0 0 0 0 0 0 0 0 0 0 0
1325679211 619656 0 1010 16180 3749 0 0 103 0 0 0 0 0 0 0 0 0 0 0
1325682406 619663 0 1010 16180 3749 0 0 103 0 0 0 0 0 0 0 0 0 0 0
1325685448 619705 0 1010 16180 3749 0 0 103 0 0 0 0 0 0 0 0 0 0 0
1325695118 619713 0 1010 16180 3749 0 0 103 0 0 0 0 0 0 0 0 0 0 0
1325698246 620215 0 1010 16180 3749 0 0 103 0 0 0 0 0 0 0 0 0 0 0
1325774779 620220 0 1010 16180 3749 0 0 103 0 0 0 0 0 0 0 0 0 0 0
1325776215 620226 0 1010 16180 3749 0 0 103 0 0 0 0 0 0 0 0 0 0 0
1325778454 620249 0 1010 16180 3749 0 0 103 0 0 0 0 0 0 0 0 0 0 0
1325785330 620250 0 1010 16180 3749 0 0 103 0 0 0 0 0 0 0 0 0 0 0
1325785531 620280 0 1010 16180 3749 0 0 103 0 0 0 0 0 0 0 0 0 0 0
1325858502 620280 0 1034 16180 3749 0 0 103 0 0 0 0 0 0 0 0 0 0 0
1325858526 620280 0 1091 16180 3749 0 0 103 0 0 0 0 0 0 0 0 0 0 0
1325858548 620280 0 1101 16180 3749 0 0 103 0 0 0 0 0 0 0 0 0 0 0
1325858570 620280 0 1110 16180 3749 0 0 103 0 0 0 0 0 0 0 0 0 0 0
1325858591 620280 0 1116 16180 3749 0 0 103 0 0 0 0 0 0 0 0 0 0 0
1325858613 620280 0 1127 16180 3749 0 0 103 0 0 0 0 0 0 0 0 0 0 0
1325858637 620280 0 1297 16180 3749 0 0 103 0 0 0 0 0 0 0 0 0 0 0
1325881874 620509 0 1297 16180 3749 0 0 103 0 0 0 0 0 0 0 0 0 0 0
1325960364 620629 0 1297 16180 3749 0 0 103 0 0 0 0 0 0 0 0 0 0 0
1325961627 620636 0 1297 16180 3749 0 0 103 0 0 0 0 0 0 0 0 0 0 0
1325965912 620680 0 1297 16180 3749 0 0 103 0 0 0 0 0 0 0 0 0 0 0
1326110946 620696 0 1297 16180 3749 0 0 103 0 0 0 0 0 0 0 0 0 0 0
1326111410 620702 0 1297 16180 3749 0 0 103 0 0 0 0 0 0 0 0 0 0 0
1326113558 620739 0 1297 16180 3749 0 0 103 0 0 0 0 0 0 0 0 0 0 0
1326118030 620761 0 1297 16180 3749 0 0 103 0 0 0 0 0 0 0 0 0 0 0
1326123993 620781 0 1297 16180 3749 0 0 103 0 0 0 0 0 0 0 0 0 0 0
1326125752 620968 0 1297 16180 3749 0 0 103 0 0 0 0 0 0 0 0 0 0 0
1326130106 621176 0 1297 16180 3749 0 0 103 0 0 0 0 0 0 0 0 0 0 0
1326139078 621285 0 1297 16180 3749 0 0 103 0 0 0 0 0 0 0 0 0 0 0
1326215943 621291 0 1297 16180 3749 0 0 103 0 0 0 0 0 0 0 0 0 0 0
1326216625 621334 0 1297 16180 3749 0 0 103 0 0 0 0 0 0 0 0 0 0 0
1326219020 621342 0 1297 16180 3749 0 0 103 0 0 0 0 0 0 0 0 0 0 0
1326463646 621342 0 1297 16180 3749 0 0 103 0 0 0 0 0 0 0 0 0 0 0
1326464876 621348 0 1297 16180 3749 0 0 103 0 0 0 0 0 0 0 0 0 0 0
1326472676 621770 0 1297 16180 3749 0 0 103 0 0 0 0 0 0 0 0 0 0 0
1326482582 621778 0 1297 16180 3749 0 0 103 0 0 0 0 0 0 0 0 0 0 0
1326559640 621788 0 1297 16180 3749 0 0 103 0 0 0 0 0 0 0 0 0 0 0
1326561006 621854 0 1297 16180 3749 0 0 103 0 0 0 0 0 0 0 0 0 0 0
1326564359 621876 0 1297 16180 3749 0 0 103 0 0 0 0 0 0 0 0 0 0 0
1326736128 621886 0 1297 16180 3749 0 0 103 0 0 0 0 0 0 0 0 0 0 0
1326738693 621956 0 1297 16180 3749 0 0 103 0 0 0 0 0 0 0 0 0 0 0
1326740343 621964 0 1297 16180 3749 0 0 103 0 0 0 0 0 0 0 0 0 0 0
1326990920 621970 0 1297 16180 3749 0 0 103 0 0 0 0 0 0 0 0 0 0 0
1326992341 622000 0 1297 16180 3749 0 0 103 0 0 0 0 0 0 0 0 0 0 0
1326994278 622158 0 1297 16180 3749 0 0 103 0 0 0 0 0 0 0 0 0 0 0
1327001795 622168 0 1297 16180 3749 0 0 103 0 0 0 0 0 0 0 0 0 0 0
1327086156 622173 0 1297 16180 3749 0 0 103 0 0 0 0 0 0 0 0 0 0 0
1327168135 622199 0 1297 16180 3749 0 0 103 0 0 0 0 0 0 0 0 0 0 0
1327169505 622242 0 1297 16180 3749 0 0 103 0 0 0 0 0 0 0 0 0 0 0
1327262702 622298 0 1297 16180 3749 0 0 103 0 0 0 0 0 0 0 0 0 0 0
1327266284 622381 0 1297 16180 3749 0 0 103 0 0 0 0 0 0 0 0 0 0 0
1327337430 622407 0 1297 16180 3749 0 0 103 0 0 0 0 0 0 0 0 0 0 0
1327438516 622425 0 1297 16180 3749 0 0 103 0 0 0 0 0 0 0 0 0 0 0
1327676295 622443 0 1297 16180 3749 0 0 103 0 0 0 0 0 0 0 0 0 0 0
1327679101 622522 0 1297 16180 3749 0 0 103 0 0 0 0 0 0 0 0 0 0 0
1327686644 622534 0 1297 16180 3749 0 0 103 0 0 0 0 0 0 0 0 0 0 0
1327691848 622566 0 1297 16180 3749 0 0 103 0 0 0 0 0 0 0 0 0 0 0
1327852754 622606 0 1297 16180 3749 0 0 103 0 0 0 0 0 0 0 0 0 0 0
1327855290 622629 0 1297 16180 3749 0 0 103 0 0 0 0 0 0 0 0 0 0 0
1327857932 622646 0 1297 16180 3749 0 0 103 0 0 0 0 0 0 0 0 0 0 0
1327934329 623325 0 1297 16180 3749 0 0 103 0 0 0 0 0 0 0 0 0 0 0
1327935422 623522 0 1297 16180 3749 0 0 103 0 0 0 0 0 0 0 0 0 0 0
1327939374 623744 0 1297 16180 3749 0 0 103 0 0 0 0 0 0 0 0 0 0 0
1327951969 623788 0 1297 16180 3749 0 0 103 0 0 0 0 0 0 0 0 0 0 0
1327952147 623794 0 1297 16180 3749 0 0 103 0 0 0 0 0 0 0 0 0 0 0
1327953586 623802 0 1297 16180 3749 0 0 103 0 0 0 0 0 0 0 0 0 0 0
1328022128 623822 0 1297 16180 3749 0 0 103 0 0 0 0 0 0 0 0 0 0 0
1328030252 624022 0 1297 16180 3749 0 0 103 0 0 0 0 0 0 0 0 0 0 0
1328288743 624074 0 1297 16180 3749 0 0 103 0 0 0 0 0 0 0 0 0 0 0
1328372965 624356 0 1297 16180 3749 0 0 103 0 0 0 0 0 0 0 0 0 0 0
1328379356 624368 0 1297 16180 3749 0 0 103 0 0 0 0 0 0 0 0 0 0 0
1328384955 624379 0 1297 16180 3749 0 0 103 0 0 0 0 0 0 0 0 0 0 0
1328456975 624384 0 1297 16180 3749 0 0 103 0 0 0 0 0 0 0 0 0 0 0
1328457973 624440 0 1297 16180 3749 0 0 103 0 0 0 0 0 0 0 0 0 0 0
1328646731 624440 0 1298 16180 3749 0 0 103 0 0 0 0 0 0 0 0 0 0 0
1328646750 624440 0 1303 16180 3749 0 0 103 0 0 0 0 0 0 0 0 0 0 0
1328646770 624440 0 1309 16180 3749 0 0 103 0 0 0 0 0 0 0 0 0 0 0
1328810914 624466 0 1309 16180 3749 0 0 103 0 0 0 0 0 0 0 0 0 0 0
1328812195 624582 0 1309 16180 3749 0 0 103 0 0 0 0 0 0 0 0 0 0 0
1328899098 624595 0 1309 16180 3749 0 0 103 0 0 0 0 0 0 0 0 0 0 0
1328910812 625048 0 1309 16180 3749 0 0 103 0 0 0 0 0 0 0 0 0 0 0
1329155620 625083 0 1309 16180 3749 0 0 103 0 0 0 0 0 0 0 0 0 0 0
1329158369 625091 0 1309 16180 3749 0 0 103 0 0 0 0 0 0 0 0 0 0 0
1329158673 625097 0 1309 16180 3749 0 0 103 0 0 0 0 0 0 0 0 0 0 0
1329162591 625191 0 1309 16180 3749 0 0 103 0 0 0 0 0 0 0 0 0 0 0
1329309407 625200 0 1309 16180 3749 0 0 103 0 0 0 0 0 0 0 0 0 0 0
1329311077 625298 0 1309 16180 3749 0 0 103 0 0 0 0 0 0 0 0 0 0 0
1329318798 625320 0 1309 16180 3749 0 0 103 0 0 0 0 0 0 0 0 0 0 0
1329325781 630049 0 1309 16180 3749 0 0 103 0 0 0 0 0 0 0 0 0 0 0
1329408373 630054 0 1309 16180 3749 0 0 103 0 0 0 0 0 0 0 0 0 0 0
1329412223 630092 0 1309 16180 3749 0 0 103 0 0 0 0 0 0 0 0 0 0 0
1329432264 630092 0 1322 16180 3749 0 0 103 0 0 0 0 0 0 0 0 0 0 0
1329486490 630102 0 1322 16180 3749 0 0 103 0 0 0 0 0 0 0 0 0 0 0
1329486869 630106 0 1322 16180 3749 0 0 103 0 0 0 0 0 0 0 0 0 0 0
1329673463 630107 0 1322 16180 3749 0 0 103 0 0 0 0 0 0 0 0 0 0 0
1329914904 630122 0 1322 16180 3749 0 0 103 0 0 0 0 0 0 0 0 0 0 0
1329916330 630140 0 1322 16180 3749 0 0 103 0 0 0 0 0 0 0 0 0 0 0
1330636208 630146 0 1322 16180 3749 0 0 103 0 0 0 0 0 0 0 0 0 0 0
1331225399 630454 0 1322 16180 3749 0 0 103 0 0 0 0 0 0 0 0 0 0 0
1331226936 630598 0 1322 16180 3749 0 0 103 0 0 0 0 0 0 0 0 0 0 0
1331656897 630630 0 1322 16180 3749 0 0 103 0 0 0 0 0 0 0 0 0 0 0
1331661244 630641 0 1322 16180 3749 0 0 103 0 0 0 0 0 0 0 0 0 0 0
1332355534 630647 0 1322 16180 3749 0 0 103 0 0 0 0 0 0 0 0 0 0 0
1332435816 630654 0 1322 16180 3749 0 0 103 0 0 0 0 0 0 0 0 0 0 0
1332437832 630791 0 1322 16180 3749 0 0 103 0 0 0 0 0 0 0 0 0 0 0
1333022073 630791 0 1322 16180 3749 0 0 103 0 0 0 0 0 0 0 0 0 0 0
1333030676 630800 0 1322 16180 3749 0 0 103 0 0 0 0 0 0 0 0 0 0 0
1333036755 630815 0 1322 16180 3749 0 0 103 0 0 0 0 0 0 0 0 0 0 0
1333121598 630821 0 1322 16180 3749 0 0 103 0 0 0 0 0 0 0 0 0 0 0
1333123477 630830 0 1322 16180 3749 0 0 103 0 0 0 0 0 0 0 0 0 0 0
1333129220 631303 0 1322 16180 3749 0 0 103 0 0 0 0 0 0 0 0 0 0 0
1333305718 632359 0 1322 16180 3749 0 0 103 0 0 0 0 0 0 0 0 0 0 0
1333648076 632413 0 1322 16180 3749 0 0 103 0 0 0 0 0 0 0 0 0 0 0
1333650588 632422 0 1322 16180 3749 0 0 103 0 0 0 0 0 0 0 0 0 0 0
1334600869 632430 0 1322 16180 3749 0 0 103 0 0 0 0 0 0 0 0 0 0 0
1336420660 632437 0 1322 16180 3749 0 0 103 0 0 0 0 0 0 0 0 0 0 0
1337017697 632462 0 1322 16180 3749 0 0 103 0 0 0 0 0 0 0 0 0 0 0
1337027176 632464 0 1322 16180 3749 0 0 103 0 0 0 0 0 0 0 0 0 0 0
1337027746 632509 0 1322 16180 3749 0 0 103 0 0 0 0 0 0 0 0 0 0 0
1337360759 632526 0 1322 16180 3749 0 0 103 0 0 0 0 0 0 0 0 0 0 0
1337442243 636874 0 1322 16180 3749 0 0 103 0 0 0 0 0 0 0 0 0 0 0
1337447579 636875 0 1322 16180 3749 0 0 103 0 0 0 0 0 0 0 0 0 0 0
1337704025 636881 0 1322 16180 3749 0 0 103 0 0 0 0 0 0 0 0 0 0 0
1338662474 636893 0 1322 16180 3749 0 0 103 0 0 0 0 0 0 0 0 0 0 0
1339004562 636904 0 1322 16180 3749 0 0 103 0 0 0 0 0 0 0 0 0 0 0
1339445374 636929 0 1322 16180 3749 0 0 103 0 0 0 0 0 0 0 0 0 0 0
1339694300 637583 0 1322 16180 3749 0 0 103 0 0 0 0 0 0 0 0 0 0 0
1339777356 637603 0 1322 16180 3749 0 0 103 0 0 0 0 0 0 0 0 0 0 0
1339865695 637657 0 1322 16180 3749 0 0 103 0 0 0 0 0 0 0 0 0 0 0
1340037137 637694 0 1322 16180 3749 0 0 103 0 0 0 0 0 0 0 0 0 0 0
1340045764 637706 0 1322 16180 3749 0 0 103 0 0 0 0 0 0 0 0 0 0 0
1340300479 637711 0 1322 16180 3749 0 0 103 0 0 0 0 0 0 0 0 0 0 0
1340647553 637711 0 1323 16180 3749 0 0 103 0 0 0 0 0 0 0 0 0 0 0
1340905148 637717 0 1323 16180 3749 0 0 103 0 0 0 0 0 0 0 0 0 0 0
1341941393 637722 0 1323 16180 3749 0 0 103 0 0 0 0 0 0 0 0 0 0 0
1342545612 637749 0 1323 16180 3749 0 0 103 0 0 0 0 0 0 0 0 0 0 0
1342615129 637757 0 1323 16180 3749 0 0 103 0 0 0 0 0 0 0 0 0 0 0
1342624629 637818 0 1323 16180 3749 0 0 103 0 0 0 0 0 0 0 0 0 0 0
1342811456 637998 0 1323 16180 3749 0 0 103 0 0 0 0 0 0 0 0 0 0 0
1342825887 637999 0 1323 16180 3749 0 0 103 0 0 0 0 0 0 0 0 0 0 0
1343004620 638900 0 1323 16180 3749 0 0 103 0 0 0 0 0 0 0 0 0 0 0
1343237807 638914 0 1323 16180 3749 0 0 103 0 0 0 0 0 0 0 0 0 0 0
1343318437 638925 0 1323 16180 3749 0 0 103 0 0 0 0 0 0 0 0 0 0 0
1343320413 638938 0 1323 16180 3749 0 0 103 0 0 0 0 0 0 0 0 0 0 0
1343411351 638949 0 1323 16180 3749 0 0 103 0 0 0 0 0 0 0 0 0 0 0
1343415297 638998 0 1323 16180 3749 0 0 103 0 0 0 0 0 0 0 0 0 0 0
1343580261 639011 0 1323 16180 3749 0 0 103 0 0 0 0 0 0 0 0 0 0 0
1344209933 639027 0 1323 16180 3749 0 0 103 0 0 0 0 0 0 0 0 0 0 0
1344212035 639074 0 1323 16180 3749 0 0 103 0 0 0 0 0 0 0 0 0 0 0
1344293314 639671 0 1323 16180 3749 0 0 103 0 0 0 0 0 0 0 0 0 0 0
1344463648 639925 0 1323 16180 3749 0 0 103 0 0 0 0 0 0 0 0 0 0 0
1344465435 639931 0 1323 16180 3749 0 0 103 0 0 0 0 0 0 0 0 0 0 0
1344721421 639998 0 1323 16180 3749 0 0 103 0 0 0 0 0 0 0 0 0 0 0
1345085217 640035 0 1323 16180 3749 0 0 103 0 0 0 0 0 0 0 0 0 0 0
1345326528 640097 0 1323 16180 3749 0 0 103 0 0 0 0 0 0 0 0 0 0 0
1345426016 640104 0 1323 16180 3749 0 0 103 0 0 0 0 0 0 0 0 0 0 0
1345426331 640113 0 1323 16180 3749 0 0 103 0 0 0 0 0 0 0 0 0 0 0
1345427558 640120 0 1323 16180 3749 0 0 103 0 0 0 0 0 0 0 0 0 0 0
1345474233 640190 0 1323 16180 3749 0 0 103 0 0 0 0 0 0 0 0 0 0 0
1345476850 640206 0 1323 16180 3749 0 0 103 0 0 0 0 0 0 0 0 0 0 0
1345510463 640230 0 1323 16180 3749 0 0 103 0 0 0 0 0 0 0 0 0 0 0
1345659262 640248 0 1323 16180 3749 0 0 103 0 0 0 0 0 0 0 0 0 0 0
1345819694 640421 0 1323 16180 3749 0 0 103 0 0 0 0 0 0 0 0 0 0 0
1346002607 640867 0 1323 16180 3749 0 0 103 0 0 0 0 0 0 0 0 0 0 0
1346006442 640875 0 1323 16180 3749 0 0 103 0 0 0 0 0 0 0 0 0 0 0
1346008130 640886 0 1323 16180 3749 0 0 103 0 0 0 0 0 0 0 0 0 0 0
1346273349 640955 0 1323 16180 3749 0 0 103 0 0 0 0 0 0 0 0 0 0 0
1346346680 640968 0 1323 16180 3749 0 0 103 0 0 0 0 0 0 0 0 0 0 0
1346373752 641118 0 1323 16180 3749 0 0 103 0 0 0 0 0 0 0 0 0 0 0
1346450166 641145 0 1323 16180 3749 0 0 103 0 0 0 0 0 0 0 0 0 0 0
1346452863 641145 0 1338 16180 3749 0 0 103 0 0 0 0 0 0 0 0 0 0 0
1346546075 641156 0 1338 16180 3749 0 0 103 0 0 0 0 0 0 0 0 0 0 0
1346546533 641161 0 1338 16180 3749 0 0 103 0 0 0 0 0 0 0 0 0 0 0
1346704217 641161 0 1398 16180 3749 0 0 103 0 0 0 0 0 0 0 0 0 0 0
1346844711 641192 0 1398 16180 3749 0 0 103 0 0 0 0 0 0 0 0 0 0 0
1346847209 641510 0 1398 16180 3749 0 0 103 0 0 0 0 0 0 0 0 0 0 0
1346849262 642034 0 1398 16180 3749 0 0 103 0 0 0 0 0 0 0 0 0 0 0
1346885749 642101 0 1398 16180 3749 0 0 103 0 0 0 0 0 0 0 0 0 0 0
1346965908 642102 0 1398 16180 3749 0 0 103 0 0 0 0 0 0 0 0 0 0 0
1347059223 642121 0 1398 16180 3749 0 0 103 0 0 0 0 0 0 0 0 0 0 0
1347150265 642155 0 1398 16180 3749 0 0 103 0 0 0 0 0 0 0 0 0 0 0
1347369156 642251 0 1398 16180 3749 0 0 103 0 0 0 0 0 0 0 0 0 0 0
1347456457 642275 0 1398 16180 3749 0 0 103 0 0 0 0 0 0 0 0 0 0 0
1347458620 642367 0 1398 16180 3749 0 0 103 0 0 0 0 0 0 0 0 0 0 0
1347544144 642377 0 1398 16180 3749 0 0 103 0 0 0 0 0 0 0 0 0 0 0
1347547347 642410 0 1398 16180 3749 0 0 103 0 0 0 0 0 0 0 0 0 0 0
1347628210 642414 0 1398 16180 3749 0 0 103 0 0 0 0 0 0 0 0 0 0 0
1347638213 642421 0 1398 16180 3749 0 0 103 0 0 0 0 0 0 0 0 0 0 0
1347657549 642421 0 1413 16180 3749 0 0 103 0 0 0 0 0 0 0 0 0 0 0
1347657575 642421 0 2059 16180 3749 0 0 103 0 0 0 0 0 0 0 0 0 0 0
1347745625 642463 0 2059 16180 3749 0 0 103 0 0 0 0 0 0 0 0 0 0 0
1348341397 681988 0 2059 16180 3749 0 0 103 0 0 0 0 0 0 0 0 0 0 0
1348423785 681991 0 2059 16180 3749 0 0 103 0 0 0 0 0 0 0 0 0 0 0
1348426196 682021 0 2059 16180 3749 0 0 103 0 0 0 0 0 0 0 0 0 0 0
1348926894 682027 0 2059 16180 3749 0 0 103 0 0 0 0 0 0 0 0 0 0 0
1348966201 682214 0 2059 16180 3749 0 0 103 0 0 0 0 0 0 0 0 0 0 0
1349187138 682233 0 2059 16180 3749 0 0 103 0 0 0 0 0 0 0 0 0 0 0
1349447810 682263 0 2059 16180 3749 0 0 103 0 0 0 0 0 0 0 0 0 0 0
1349535297 682285 0 2059 16180 3749 0 0 103 0 0 0 0 0 0 0 0 0 0 0
1349537729 682310 0 2059 16180 3749 0 0 103 0 0 0 0 0 0 0 0 0 0 0
1349628092 682348 0 2059 16180 3749 0 0 103 0 0 0 0 0 0 0 0 0 0 0
1349631939 682354 0 2059 16180 3749 0 0 103 0 0 0 0 0 0 0 0 0 0 0
1349633196 682361 0 2059 16180 3749 0 0 103 0 0 0 0 0 0 0 0 0 0 0
1349634665 682433 0 2059 16180 3749 0 0 103 0 0 0 0 0 0 0 0 0 0 0
1350144255 682443 0 2059 16180 3749 0 0 103 0 0 0 0 0 0 0 0 0 0 0
1350145582 682452 0 2059 16180 3749 0 0 103 0 0 0 0 0 0 0 0 0 0 0
1350147362 682461 0 2059 16180 3749 0 0 103 0 0 0 0 0 0 0 0 0 0 0
1350160895 682844 0 2059 16180 3749 0 0 103 0 0 0 0 0 0 0 0 0 0 0
1350324002 683026 0 2059 16180 3749 0 0 103 0 0 0 0 0 0 0 0 0 0 0
1350487912 683048 0 2059 16180 3749 0 0 103 0 0 0 0 0 0 0 0 0 0 0
1350494913 683055 0 2059 16180 3749 0 0 103 0 0 0 0 0 0 0 0 0 0 0
1350555708 683055 0 2059 16180 3749 0 0 103 0 0 0 0 0 0 0 0 0 0 0
1350557518 683197 0 2059 16180 3749 0 0 103 0 0 0 0 0 0 0 0 0 0 0
1350598655 683334 0 2059 16180 3749 0 0 103 0 0 0 0 0 0 0 0 0 0 0
1350600233 683342 0 2059 16180 3749 0 0 103 0 0 0 0 0 0 0 0 0 0 0
1351028249 683346 0 2059 16180 3749 0 0 103 0 0 0 0 0 0 0 0 0 0 0
1351029419 683354 0 2059 16180 3749 0 0 103 0 0 0 0 0 0 0 0 0 0 0
1351348467 683363 0 2059 16180 3749 0 0 103 0 0 0 0 0 0 0 0 0 0 0
1351351798 683369 0 2059 16180 3749 0 0 103 0 0 0 0 0 0 0 0 0 0 0
1351359344 683379 0 2059 16180 3749 0 0 103 0 0 0 0 0 0 0 0 0 0 0
1351439234 683417 0 2059 16180 3749 0 0 103 0 0 0 0 0 0 0 0 0 0 0
1351456795 683625 0 2059 16180 3749 0 0 103 0 0 0 0 0 0 0 0 0 0 0
1351523087 683634 0 2059 16180 3749 0 0 103 0 0 0 0 0 0 0 0 0 0 0
1351533154 683670 0 2059 16180 3749 0 0 103 0 0 0 0 0 0 0 0 0 0 0
1351534991 683744 0 2059 16180 3749 0 0 103 0 0 0 0 0 0 0 0 0 0 0
1351536427 683809 0 2059 16180 3749 0 0 103 0 0 0 0 0 0 0 0 0 0 0
1351563273 683859 0 2059 16180 3749 0 0 103 0 0 0 0 0 0 0 0 0 0 0
1351644926 683859 0 2072 16180 3749 0 0 103 0 0 0 0 0 0 0 0 0 0 0
1351715104 683869 0 2072 16180 3749 0 0 103 0 0 0 0 0 0 0 0 0 0 0
1351717511 683877 0 2072 16180 3749 0 0 103 0 0 0 0 0 0 0 0 0 0 0
1351724889 683893 0 2072 16180 3749 0 0 103 0 0 0 0 0 0 0 0 0 0 0
1351898508 683960 0 2072 16180 3749 0 0 103 0 0 0 0 0 0 0 0 0 0 0
1352128307 684017 0 2072 16180 3749 0 0 103 0 0 0 0 0 0 0 0 0 0 0
1352148497 684043 0 2072 16180 3749 0 0 103 0 0 0 0 0 0 0 0 0 0 0
1352209159 684185 0 2072 16180 3749 0 0 103 0 0 0 0 0 0 0 0 0 0 0
1352241082 684185 0 2083 16180 3749 0 0 103 0 0 0 0 0 0 0 0 0 0 0
1352301234 684353 0 2083 16180 3749 0 0 103 0 0 0 0 0 0 0 0 0 0 0
1352332712 684363 0 2083 16180 3749 0 0 103 0 0 0 0 0 0 0 0 0 0 0
1352336605 684401 0 2083 16180 3749 0 0 103 0 0 0 0 0 0 0 0 0 0 0
1352367294 684406 0 2083 16180 3749 0 0 103 0 0 0 0 0 0 0 0 0 0 0
1352367527 684616 0 2083 16180 3749 0 0 103 0 0 0 0 0 0 0 0 0 0 0
1356802785 684624 0 2083 16180 3749 0 0 103 0 0 0 0 0 0 0 0 0 0 0
1356825450 684951 0 2083 16180 3749 0 0 103 0 0 0 0 0 0 0 0 0 0 0
1358715439 684953 0 2083 16180 3749 0 0 103 0 0 0 0 0 0 0 0 0 0 0
1358717305 684963 0 2083 16180 3749 0 0 103 0 0 0 0 0 0 0 0 0 0 0
1361556316 684983 0 2083 16180 3749 0 0 103 0 0 0 0 0 0 0 0 0 0 0
1361987930 684985 0 2083 16180 3749 0 0 103 0 0 0 0 0 0 0 0 0 0 0
1362798957 684989 0 2083 16180 3749 0 0 103 0 0 0 0 0 0 0 0 0 0 0
1363704371 684994 0 2083 16180 3749 0 0 103 0 0 0 0 0 0 0 0 0 0 0
1363895397 685015 0 2083 16180 3749 0 0 103 0 0 0 0 0 0 0 0 0 0 0
1364240030 685021 0 2083 16180 3749 0 0 103 0 0 0 0 0 0 0 0 0 0 0
1364681206 685088 0 2083 16180 3749 0 0 103 0 0 0 0 0 0 0 0 0 0 0
1364693315 685096 0 2083 16180 3749 0 0 103 0 0 0 0 0 0 0 0 0 0 0
1364870810 685101 0 2083 16180 3749 0 0 103 0 0 0 0 0 0 0 0 0 0 0
1365084693 685124 0 2083 16180 3749 0 0 103 0 0 0 0 0 0 0 0 0 0 0
1365099803 685136 0 2083 16180 3749 0 0 103 0 0 0 0 0 0 0 0 0 0 0
1365132605 685153 0 2083 16180 3749 0 0 103 0 0 0 0 0 0 0 0 0 0 0
1365206868 685170 0 2083 16180 3749 0 0 103 0 0 0 0 0 0 0 0 0 0 0
1365266554 685181 0 2083 16180 3749 0 0 103 0 0 0 0 0 0 0 0 0 0 0
1365272958 685200 0 2083 16180 3749 0 0 103 0 0 0 0 0 0 0 0 0 0 0
1365279294 685204 0 2083 16180 3749 0 0 103 0 0 0 0 0 0 0 0 0 0 0
1365286920 685230 0 2083 16180 3749 0 0 103 0 0 0 0 0 0 0 0 0 0 0
1365295333 685573 0 2083 16180 3749 0 0 103 0 0 0 0 0 0 0 0 0 0 0
1365301827 685615 0 2083 16180 3749 0 0 103 0 0 0 0 0 0 0 0 0 0 0
1366204760 685641 0 2083 16180 3749 0 0 103 0 0 0 0 0 0 0 0 0 0 0
1366591635 685653 0 2083 16180 3749 0 0 103 0 0 0 0 0 0 0 0 0 0 0
1367254028 685658 0 2083 16180 3749 0 0 103 0 0 0 0 0 0 0 0 0 0 0
1367414829 685658 0 2083 16180 3749 0 0 103 182 0 0 0 0 0 0 0 0 0 0
1367431793 685693 0 2083 16180 3749 0 0 103 182 0 0 0 0 0 0 0 0 0 0
1367574920 685693 0 2083 16180 3749 0 0 103 268 0 0 0 0 0 0 0 0 0 0
1367575285 685693 0 2083 16180 3749 0 0 103 280 0 0 0 0 0 0 0 0 0 0
1367575578 685693 0 2083 16180 3749 0 0 103 732 0 0 0 0 0 0 0 0 0 0
1367590038 685694 0 2083 16180 3749 0 0 103 732 0 0 0 0 0 0 0 0 0 0
1367591144 685709 0 2083 16180 3749 0 0 103 732 0 0 0 0 0 0 0 0 0 0
1367592682 685759 0 2083 16180 3749 0 0 103 732 0 0 0 0 0 0 0 0 0 0
1367599064 685779 0 2083 16180 3749 0 0 103 732 0 0 0 0 0 0 0 0 0 0
1367603321 685779 0 2083 16180 3749 0 0 103 750 0 0 0 0 0 0 0 0 0 0
1367884994 685883 0 2083 16180 3749 0 0 103 750 0 0 0 0 0 0 0 0 0 0
1368023432 685907 0 2083 16180 3749 0 0 103 750 0 0 0 0 0 0 0 0 0 0
1368229396 685909 0 2083 16180 3749 0 0 103 750 0 0 0 0 0 0 0 0 0 0
1368288643 685909 0 2111 16180 3749 0 0 103 750 0 0 0 0 0 0 0 0 0 0
1368303387 685916 0 2111 16180 3749 0 0 103 750 0 0 0 0 0 0 0 0 0 0
1368313500 685953 0 2111 16180 3749 0 0 103 750 0 0 0 0 0 0 0 0 0 0
1368371565 685974 0 2111 16180 3749 0 0 103 750 0 0 0 0 0 0 0 0 0 0
1368373911 686006 0 2111 16180 3749 0 0 103 750 0 0 0 0 0 0 0 0 0 0
1368632844 686012 0 2111 16180 3749 0 0 103 750 0 0 0 0 0 0 0 0 0 0
1369139978 686014 0 2111 16180 3749 0 0 103 750 0 0 0 0 0 0 0 0 0 0
1369654608 686020 0 2111 16180 3749 0 0 103 750 0 0 0 0 0 0 0 0 0 0
1369658102 687121 0 2111 16180 3749 0 0 103 750 0 0 0 0 0 0 0 0 0 0
1369752150 687121 0 2111 16180 3758 0 0 103 750 0 0 0 0 0 0 0 0 0 0
1369765450 687126 0 2111 16180 3758 0 0 103 750 0 0 0 0 0 0 0 0 0 0
1369772733 687136 0 2111 16180 3758 0 0 103 750 0 0 0 0 0 0 0 0 0 0
1370054144 687151 0 2111 16180 3758 0 0 103 750 0 0 0 0 0 0 0 0 0 0
1370095537 687172 0 2111 16180 3758 0 0 103 750 0 0 0 0 0 0 0 0 0 0
1370620589 687368 0 2111 16180 3758 0 0 103 750 0 0 0 0 0 0 0 0 0 0
1370629100 687377 0 2111 16180 3758 0 0 103 750 0 0 0 0 0 0 0 0 0 0
1370948611 687389 0 2111 16180 3758 0 0 103 750 0 0 0 0 0 0 0 0 0 0
1370987398 687402 0 2111 16180 3758 0 0 103 750 0 0 0 0 0 0 0 0 0 0
1371450653 687424 0 2111 16180 3758 0 0 103 750 0 0 0 0 0 0 0 0 0 0
1371457674 687519 0 2111 16180 3758 0 0 103 750 0 0 0 0 0 0 0 0 0 0
1371458960 687528 0 2111 16180 3758 0 0 103 750 0 0 0 0 0 0 0 0 0 0
1371667956 687536 0 2111 16180 3758 0 0 103 750 0 0 0 0 0 0 0 0 0 0
1371681966 687585 0 2111 16180 3758 0 0 103 750 0 0 0 0 0 0 0 0 0 0
1371761938 687599 0 2111 16180 3758 0 0 103 750 0 0 0 0 0 0 0 0 0 0
1371770071 687605 0 2111 16180 3758 0 0 103 750 0 0 0 0 0 0 0 0 0 0
1372096740 687612 0 2111 16180 3758 0 0 103 750 0 0 0 0 0 0 0 0 0 0
1372103579 687646 0 2111 16180 3758 0 0 103 750 0 0 0 0 0 0 0 0 0 0
1372164905 687669 0 2111 16180 3758 0 0 103 750 0 0 0 0 0 0 0 0 0 0
1372178721 687680 0 2111 16180 3758 0 0 103 750 0 0 0 0 0 0 0 0 0 0
1372438356 687708 0 2111 16180 3758 0 0 103 750 0 0 0 0 0 0 0 0 0 0
1372453010 687718 0 2111 16180 3758 0 0 103 750 0 0 0 0 0 0 0 0 0 0
1372537128 687760 0 2111 16180 3758 0 0 103 750 0 0 0 0 0 0 0 0 0 0
1372704199 687769 0 2111 16180 3758 0 0 103 750 0 0 0 0 0 0 0 0 0 0
1372722244 687788 0 2111 16180 3758 0 0 103 750 0 0 0 0 0 0 0 0 0 0
1372812289 687802 0 2111 16180 3758 0 0 103 750 0 0 0 0 0 0 0 0 0 0
1372982342 687804 0 2111 16180 3758 0 0 103 750 0 0 0 0 0 0 0 0 0 0
1372985234 687810 0 2111 16180 3758 0 0 103 750 0 0 0 0 0 0 0 0 0 0
1373045867 687810 0 2111 16180 3758 0 0 103 750 0 0 0 0 0 0 0 0 0 0
1373116755 687837 0 2111 16180 3758 0 0 103 750 0 0 0 0 0 0 0 0 0 0
1373219286 688171 0 2111 16180 3758 0 0 103 750 0 0 0 0 0 0 0 0 0 0
1373403163 688171 0 23115 16180 3758 0 0 103 750 0 0 0 0 0 0 0 0 0 0
1373403193 688171 0 23413 16180 3758 0 0 103 750 0 0 0 0 0 0 0 0 0 0
1373415899 688176 0 23413 16180 3758 0 0 103 750 0 0 0 0 0 0 0 0 0 0
1373581222 688611 0 23413 16180 3758 0 0 103 750 0 0 0 0 0 0 0 0 0 0
1373590356 688611 0 23419 16180 3758 0 0 103 750 0 0 0 0 0 0 0 0 0 0
1373590370 688611 0 23434 16180 3758 0 0 103 750 0 0 0 0 0 0 0 0 0 0
1373590383 688611 0 23448 16180 3758 0 0 103 750 0 0 0 0 0 0 0 0 0 0
1373654527 688622 0 23448 16180 3758 0 0 103 750 0 0 0 0 0 0 0 0 0 0
1373656308 688641 0 23448 16180 3758 0 0 103 750 0 0 0 0 0 0 0 0 0 0
1373667347 688642 0 23448 16180 3758 0 0 103 750 0 0 0 0 0 0 0 0 0 0
1373936590 688648 0 23448 16180 3758 0 0 103 750 0 0 0 0 0 0 0 0 0 0
1373998061 689015 0 23448 16180 3758 0 0 103 750 0 0 0 0 0 0 0 0 0 0
1374103681 689023 0 23448 16180 3758 0 0 103 750 0 0 0 0 0 0 0 0 0 0
1374675439 689074 0 23448 16180 3758 0 0 103 750 0 0 0 0 0 0 0 0 0 0
1374676711 689081 0 23448 16180 3758 0 0 103 750 0 0 0 0 0 0 0 0 0 0
1374682354 689092 0 23448 16180 3758 0 0 103 750 0 0 0 0 0 0 0 0 0 0
1374689818 689099 0 23448 16180 3758 0 0 103 750 0 0 0 0 0 0 0 0 0 0
1374692739 689101 0 23448 16180 3758 0 0 103 750 0 0 0 0 0 0 0 0 0 0
1374701971 689220 0 23448 16180 3758 0 0 103 750 0 0 0 0 0 0 0 0 0 0
1374718186 689235 0 23448 16180 3758 0 0 103 750 0 0 0 0 0 0 0 0 0 0
1374760461 689384 0 23448 16180 3758 0 0 103 750 0 0 0 0 0 0 0 0 0 0
1374787272 689672 0 23448 16180 3758 0 0 103 750 0 0 0 0 0 0 0 0 0 0
1374847204 689687 0 23448 16180 3758 0 0 103 750 0 0 0 0 0 0 0 0 0 0
1374973956 689687 0 23453 16180 3758 0 0 103 750 0 0 0 0 0 0 0 0 0 0
1374974858 689687 0 23454 16180 3758 0 0 103 750 0 0 0 0 0 0 0 0 0 0
1375147432 689712 0 23454 16180 3758 0 0 103 750 0 0 0 0 0 0 0 0 0 0
1375664221 689712 0 23454 16180 3758 0 0 103 750 0 0 0 0 0 0 0 0 0 0
1375666187 689754 0 23454 16180 3758 0 0 103 750 0 0 0 0 0 0 0 0 0 0
1375917573 689823 0 23454 16180 3758 0 0 103 750 0 0 0 0 0 0 0 0 0 0
1375918734 689853 0 23454 16180 3758 0 0 103 750 0 0 0 0 0 0 0 0 0 0
1375996823 689858 0 23454 16180 3758 0 0 103 750 0 0 0 0 0 0 0 0 0 0
1376010418 690019 0 23454 16180 3758 0 0 103 750 0 0 0 0 0 0 0 0 0 0
1376084028 690073 0 23454 16180 3758 0 0 103 750 0 0 0 0 0 0 0 0 0 0
1376102070 691037 0 23454 16180 3758 0 0 103 750 0 0 0 0 0 0 0 0 0 0
1376102405 691204 0 23454 16180 3758 0 0 103 750 0 0 0 0 0 0 0 0 0 0
1376267968 691308 0 23454 16180 3758 0 0 103 750 0 0 0 0 0 0 0 0 0 0
1376354215 691457 0 23454 16180 3758 0 0 103 750 0 0 0 0 0 0 0 0 0 0
1376444641 691480 0 23454 16180 3758 0 0 103 750 0 0 0 0 0 0 0 0 0 0
1376445775 691498 0 23454 16180 3758 0 0 103 750 0 0 0 0 0 0 0 0 0 0
1376479253 691507 0 23454 16180 3758 0 0 103 750 0 0 0 0 0 0 0 0 0 0
1376480332 691516 0 23454 16180 3758 0 0 103 750 0 0 0 0 0 0 0 0 0 0
1376483153 691522 0 23454 16180 3758 0 0 103 750 0 0 0 0 0 0 0 0 0 0
1376496248 691529 0 23454 16180 3758 0 0 103 750 0 0 0 0 0 0 0 0 0 0
1376498266 691542 0 23454 16180 3758 0 0 103 750 0 0 0 0 0 0 0 0 0 0
1376516459 691556 0 23454 16180 3758 0 0 103 750 0 0 0 0 0 0 0 0 0 0
1376582010 692499 0 23454 16180 3758 0 0 103 750 0 0 0 0 0 0 0 0 0 0
1376841873 692522 0 23454 16180 3758 0 0 103 750 0 0 0 0 0 0 0 0 0 0
1376867335 692628 0 23454 16180 3758 0 0 103 750 0 0 0 0 0 0 0 0 0 0
1376925268 692774 0 23454 16180 3758 0 0 103 750 0 0 0 0 0 0 0 0 0 0
1377103311 693070 0 23454 16180 3758 0 0 103 750 0 0 0 0 0 0 0 0 0 0
1377133331 693076 0 23454 16180 3758 0 0 103 750 0 0 0 0 0 0 0 0 0 0
1377555321 693097 0 23454 16180 3758 0 0 103 750 0 0 0 0 0 0 0 0 0 0
1378211287 693097 0 23454 16180 4204 0 0 103 750 0 0 0 0 0 0 0 0 0 0
1378732247 693097 0 23454 16180 4223 0 0 103 750 0 0 0 0 0 0 0 0 0 0
1378812402 693380 0 23454 16180 4223 0 0 103 750 0 0 0 0 0 0 0 0 0 0
1378837849 693497 0 23454 16180 4223 0 0 103 750 0 0 0 0 0 0 0 0 0 0
1378839641 693504 0 23454 16180 4223 0 0 103 750 0 0 0 0 0 0 0 0 0 0
1378919974 693511 0 23454 16180 4223 0 0 103 750 0 0 0 0 0 0 0 0 0 0
1378944689 693555 0 23454 16180 4223 0 0 103 750 0 0 0 0 0 0 0 0 0 0
1378945925 693611 0 23454 16180 4223 0 0 103 750 0 0 0 0 0 0 0 0 0 0
1379442341 693624 0 23454 16180 4223 0 0 103 750 0 0 0 0 0 0 0 0 0 0
1379443266 693636 0 23454 16180 4223 0 0 103 750 0 0 0 0 0 0 0 0 0 0
1379452812 693645 0 23454 16180 4223 0 0 103 750 0 0 0 0 0 0 0 0 0 0
1379629958 693659 0 23454 16180 4223 0 0 103 750 0 0 0 0 0 0 0 0 0 0
1379689456 693675 0 23454 16180 4223 0 0 103 750 0 0 0 0 0 0 0 0 0 0
1379850464 693732 0 23454 16180 4223 0 0 103 750 0 0 0 0 0 0 0 0 0 0
1379884312 693828 0 23454 16180 4223 0 0 103 750 0 0 0 0 0 0 0 0 0 0
1380121476 693871 0 23454 16180 4223 0 0 103 750 0 0 0 0 0 0 0 0 0 0
1380152224 693887 0 23454 16180 4223 0 0 103 750 0 0 0 0 0 0 0 0 0 0
1380304012 693924 0 23454 16180 4223 0 0 103 750 0 0 0 0 0 0 0 0 0 0
1380311631 695528 0 23454 16180 4223 0 0 103 750 0 0 0 0 0 0 0 0 0 0
1380316896 695557 0 23454 16180 4223 0 0 103 750 0 0 0 0 0 0 0 0 0 0
1380319042 695614 0 23454 16180 4223 0 0 103 750 0 0 0 0 0 0 0 0 0 0
1380587399 695620 0 23454 16180 4223 0 0 103 750 0 0 0 0 0 0 0 0 0 0
1381608973 695620 0 23459 16180 4223 0 0 103 750 0 0 0 0 0 0 0 0 0 0
1384014466 695636 0 23459 16180 4223 0 0 103 750 0 0 0 0 0 0 0 0 0 0
1384522406 695636 0 23562 16180 4223 0 0 103 750 0 0 0 0 0 0 0 0 0 0
1384522423 695636 0 23587 16180 4223 0 0 103 750 0 0 0 0 0 0 0 0 0 0
1384570283 695666 0 23587 16180 4223 0 0 103 750 0 0 0 0 0 0 0 0 0 0
1384630299 695666 0 28702 16180 4223 0 0 103 750 0 0 0 0 0 0 0 0 0 0
1384630326 695666 0 28729 16180 4223 0 0 103 750 0 0 0 0 0 0 0 0 0 0
1384630343 695666 0 28743 16180 4223 0 0 103 750 0 0 0 0 0 0 0 0 0 0
1384915629 695679 0 28743 16180 4223 0 0 103 750 0 0 0 0 0 0 0 0 0 0
1385080834 695704 0 28743 16180 4223 0 0 103 750 0 0 0 0 0 0 0 0 0 0
1385242945 695727 0 28743 16180 4223 0 0 103 750 0 0 0 0 0 0 0 0 0 0
1385256448 695727 0 28748 16180 4223 0 0 103 750 0 0 0 0 0 0 0 0 0 0
1385267432 695995 0 28748 16180 4223 0 0 103 750 0 0 0 0 0 0 0 0 0 0
1390334855 695995 0 28752 16180 4223 0 0 103 750 0 0 0 0 0 0 0 0 0 0
1390334951 695995 0 28778 16180 4223 0 0 103 750 0 0 0 0 0 0 0 0 0 0
1390492351 696080 0 28778 16180 4223 0 0 103 750 0 0 0 0 0 0 0 0 0 0
1391476917 696101 0 28778 16180 4223 0 0 103 750 0 0 0 0 0 0 0 0 0 0
1391794628 696101 0 28787 16180 4223 0 0 103 750 0 0 0 0 0 0 0 0 0 0
1391794641 696101 0 28790 16180 4223 0 0 103 750 0 0 0 0 0 0 0 0 0 0
1393634207 696150 0 28790 16180 4223 0 0 103 750 0 0 0 0 0 0 0 0 0 0
1393635672 696250 0 28790 16180 4223 0 0 103 750 0 0 0 0 0 0 0 0 0 0
1393701863 696256 0 28790 16180 4223 0 0 103 750 0 0 0 0 0 0 0 0 0 0
1394143605 696272 0 28790 16180 4223 0 0 103 750 0 0 0 0 0 0 0 0 0 0
1394238202 696286 0 28790 16180 4223 0 0 103 750 0 0 0 0 0 0 0 0 0 0
1394302334 696292 0 28790 16180 4223 0 0 103 750 0 0 0 0 0 0 0 0 0 0
1394638732 696298 0 28790 16180 4223 0 0 103 750 0 0 0 0 0 0 0 0 0 0
1394657489 696306 0 28790 16180 4223 0 0 103 750 0 0 0 0 0 0 0 0 0 0
1394663469 696327 0 28790 16180 4223 0 0 103 750 0 0 0 0 0 0 0 0 0 0
1394758159 696338 0 28790 16180 4223 0 0 103 750 0 0 0 0 0 0 0 0 0 0
1394839181 696338 0 28796 16180 4223 0 0 103 750 0 0 0 0 0 0 0 0 0 0
1395212236 696338 0 28801 16180 4223 0 0 103 750 0 0 0 0 0 0 0 0 0 0
1395282421 696362 0 28801 16180 4223 0 0 103 750 0 0 0 0 0 0 0 0 0 0
1395458314 696384 0 28801 16180 4223 0 0 103 750 0 0 0 0 0 0 0 0 0 0
1395459191 696385 0 28801 16180 4223 0 0 103 750 0 0 0 0 0 0 0 0 0 0
1395460319 696393 0 28801 16180 4223 0 0 103 750 0 0 0 0 0 0 0 0 0 0
1395499560 696399 0 28801 16180 4223 0 0 103 750 0 0 0 0 0 0 0 0 0 0
1395502173 696417 0 28801 16180 4223 0 0 103 750 0 0 0 0 0 0 0 0 0 0
1395513763 696417 0 28810 16180 4223 0 0 103 750 0 0 0 0 0 0 0 0 0 0
1395531135 696469 0 28810 16180 4223 0 0 103 750 0 0 0 0 0 0 0 0 0 0
1395541243 696475 0 28810 16180 4223 0 0 103 750 0 0 0 0 0 0 0 0 0 0
1395621048 696549 0 28810 16180 4223 0 0 103 750 0 0 0 0 0 0 0 0 0 0
1395660300 696556 0 28810 16180 4223 0 0 103 750 0 0 0 0 0 0 0 0 0 0
1395668060 696614 0 28810 16180 4223 0 0 103 750 0 0 0 0 0 0 0 0 0 0
1395792841 696675 0 28810 16180 4223 0 0 103 750 0 0 0 0 0 0 0 0 0 0
1395793854 696969 0 28810 16180 4223 0 0 103 750 0 0 0 0 0 0 0 0 0 0
1395795973 697016 0 28810 16180 4223 0 0 103 750 0 0 0 0 0 0 0 0 0 0
1395843242 697029 0 28810 16180 4223 0 0 103 750 0 0 0 0 0 0 0 0 0 0
1395876121 697034 0 28810 16180 4223 0 0 103 750 0 0 0 0 0 0 0 0 0 0
1396053953 697043 0 28810 16180 4223 0 0 103 750 0 0 0 0 0 0 0 0 0 0
1396231578 697075 0 28810 16180 4223 0 0 103 750 0 0 0 0 0 0 0 0 0 0
1396487864 698942 0 28810 16180 4223 0 0 103 750 0 0 0 0 0 0 0 0 0 0
1396489591 698948 0 28810 16180 4223 0 0 103 750 0 0 0 0 0 0 0 0 0 0
1396567794 698961 0 28810 16180 4223 0 0 103 750 0 0 0 0 0 0 0 0 0 0
1396618625 699033 0 28810 16180 4223 0 0 103 750 0 0 0 0 0 0 0 0 0 0
1396622042 699070 0 28810 16180 4223 0 0 103 750 0 0 0 0 0 0 0 0 0 0
1396639276 699220 0 28810 16180 4223 0 0 103 750 0 0 0 0 0 0 0 0 0 0
1396710840 699220 0 28825 16180 4223 0 0 103 750 0 0 0 0 0 0 0 0 0 0
1396741017 699260 0 28825 16180 4223 0 0 103 750 0 0 0 0 0 0 0 0 0 0
1396742316 699270 0 28825 16180 4223 0 0 103 750 0 0 0 0 0 0 0 0 0 0
1396800133 699436 0 28825 16180 4223 0 0 103 750 0 0 0 0 0 0 0 0 0 0
1396812330 700350 0 28825 16180 4223 0 0 103 750 0 0 0 0 0 0 0 0 0 0
1396824541 700423 0 28825 16180 4223 0 0 103 750 0 0 0 0 0 0 0 0 0 0
1396826437 700428 0 28825 16180 4223 0 0 103 750 0 0 0 0 0 0 0 0 0 0
1396919065 701798 0 28825 16180 4223 0 0 103 750 0 0 0 0 0 0 0 0 0 0
1397073187 701803 0 28825 16180 4223 0 0 103 750 0 0 0 0 0 0 0 0 0 0
1397085223 702024 0 28825 16180 4223 0 0 103 750 0 0 0 0 0 0 0 0 0 0
1397113993 702324 0 28825 16180 4223 0 0 103 750 0 0 0 0 0 0 0 0 0 0
1397136187 703208 0 28825 16180 4223 0 0 103 750 0 0 0 0 0 0 0 0 0 0
1397138873 703214 0 28825 16180 4223 0 0 103 750 0 0 0 0 0 0 0 0 0 0
1397346006 703225 0 28825 16180 4223 0 0 103 750 0 0 0 0 0 0 0 0 0 0
1397348447 703255 0 28825 16180 4223 0 0 103 750 0 0 0 0 0 0 0 0 0 0
1397517206 703279 0 28825 16180 4223 0 0 103 750 0 0 0 0 0 0 0 0 0 0
1397522201 703286 0 28825 16180 4223 0 0 103 750 0 0 0 0 0 0 0 0 0 0
1397555208 703297 0 28825 16180 4223 0 0 103 750 0 0 0 0 0 0 0 0 0 0
1397748244 703301 0 28825 16180 4223 0 0 103 750 0 0 0 0 0 0 0 0 0 0
1397827411 703312 0 28825 16180 4223 0 0 103 750 0 0 0 0 0 0 0 0 0 0
1398221906 703332 0 28825 16180 4223 0 0 103 750 0 0 0 0 0 0 0 0 0 0
1398496351 703332 0 28833 16180 4223 0 0 103 750 0 0 0 0 0 0 0 0 0 0
1398613604 704043 0 28833 16180 4223 0 0 103 750 0 0 0 0 0 0 0 0 0 0
1398775765 704050 0 28833 16180 4223 0 0 103 750 0 0 0 0 0 0 0 0 0 0
1398922611 704543 0 28833 16180 4223 0 0 103 750 0 0 0 0 0 0 0 0 0 0
1398957763 704559 0 28833 16180 4223 0 0 103 750 0 0 0 0 0 0 0 0 0 0
1398965151 704566 0 28833 16180 4223 0 0 103 750 0 0 0 0 0 0 0 0 0 0
1398992714 704668 0 28833 16180 4223 0 0 103 750 0 0 0 0 0 0 0 0 0 0
1399066769 704708 0 28833 16180 4223 0 0 103 750 0 0 0 0 0 0 0 0 0 0
1399069706 704725 0 28833 16180 4223 0 0 103 750 0 0 0 0 0 0 0 0 0 0
1399075818 704796 0 28833 16180 4223 0 0 103 750 0 0 0 0 0 0 0 0 0 0
1399499241 704823 0 28833 16180 4223 0 0 103 750 0 0 0 0 0 0 0 0 0 0
1399501073 704839 0 28833 16180 4223 0 0 103 750 0 0 0 0 0 0 0 0 0 0
1399512286 704863 0 28833 16180 4223 0 0 103 750 0 0 0 0 0 0 0 0 0 0
1399833910 704891 0 28833 16180 4223 0 0 103 750 0 0 0 0 0 0 0 0 0 0
1399856091 704900 0 28833 16180 4223 0 0 103 750 0 0 0 0 0 0 0 0 0 0
1399894604 704940 0 28833 16180 4223 0 0 103 750 0 0 0 0 0 0 0 0 0 0
1399904658 704948 0 28833 16180 4223 0 0 103 750 0 0 0 0 0 0 0 0 0 0
1399931312 704956 0 28833 16180 4223 0 0 103 750 0 0 0 0 0 0 0 0 0 0
1399933551 704975 0 28833 16180 4223 0 0 103 750 0 0 0 0 0 0 0 0 0 0
1399935507 704984 0 28833 16180 4223 0 0 103 750 0 0 0 0 0 0 0 0 0 0
1399988053 705941 0 28833 16180 4223 0 0 103 750 0 0 0 0 0 0 0 0 0 0
1400116481 706016 0 28833 16180 4223 0 0 103 750 0 0 0 0 0 0 0 0 0 0
1400158952 706043 0 28833 16180 4223 0 0 103 750 0 0 0 0 0 0 0 0 0 0
1400188836 706057 0 28833 16180 4223 0 0 103 750 0 0 0 0 0 0 0 0 0 0
1400287468 706062 0 28833 16180 4223 0 0 103 750 0 0 0 0 0 0 0 0 0 0
1400327030 706062 0 28852 16180 4223 0 0 103 750 0 0 0 0 0 0 0 0 0 0
1400371491 706062 0 28893 16180 4223 0 0 103 750 0 0 0 0 0 0 0 0 0 0
1400429060 706062 0 33601 16180 4223 0 0 103 750 0 0 0 0 0 0 0 0 0 0
1400429080 706062 0 33626 16180 4223 0 0 103 750 0 0 0 0 0 0 0 0 0 0
1400437342 706067 0 33626 16180 4223 0 0 103 750 0 0 0 0 0 0 0 0 0 0
1400447694 706067 0 33627 16180 4223 0 0 103 750 0 0 0 0 0 0 0 0 0 0
1400543989 706076 0 33627 16180 4223 0 0 103 750 0 0 0 0 0 0 0 0 0 0
1400621070 706076 0 33897 16180 4223 0 0 103 750 0 0 0 0 0 0 0 0 0 0
1400651538 706263 0 33897 16180 4223 0 0 103 750 0 0 0 0 0 0 0 0 0 0
1400703277 706275 0 33897 16180 4223 0 0 103 750 0 0 0 0 0 0 0 0 0 0
1400714096 706330 0 33897 16180 4223 0 0 103 750 0 0 0 0 0 0 0 0 0 0
1400781044 706330 0 33903 16180 4223 0 0 103 750 0 0 0 0 0 0 0 0 0 0
1400864843 706336 0 33903 16180 4223 0 0 103 750 0 0 0 0 0 0 0 0 0 0
1400901723 706671 0 33903 16180 4223 0 0 103 750 0 0 0 0 0 0 0 0 0 0
1401503964 706718 0 33903 16180 4223 0 0 103 750 0 0 0 0 0 0 0 0 0 0
1402223570 706718 0 33918 16180 4223 0 0 103 750 0 0 0 0 0 0 0 0 0 0
1402355537 706724 0 33918 16180 4223 0 0 103 750 0 0 0 0 0 0 0 0 0 0
1402357253 706730 0 33918 16180 4223 0 0 103 750 0 0 0 0 0 0 0 0 0 0
1402579826 706738 0 33918 16180 4223 0 0 103 750 0 0 0 0 0 0 0 0 0 0
1402774539 706751 0 33918 16180 4223 0 0 103 750 0 0 0 0 0 0 0 0 0 0
1403389352 706759 0 33918 16180 4223 0 0 103 750 0 0 0 0 0 0 0 0 0 0
1404430387 706765 0 33918 16180 4223 0 0 103 750 0 0 0 0 0 0 0 0 0 0
1405293136 706799 0 33918 16180 4223 0 0 103 750 0 0 0 0 0 0 0 0 0 0
1407106026 706799 0 33960 16180 4223 0 0 103 750 0 0 0 0 0 0 0 0 0 0
1407157751 706832 0 33960 16180 4223 0 0 103 750 0 0 0 0 0 0 0 0 0 0
1407190540 707083 0 33960 16180 4223 0 0 103 750 0 0 0 0 0 0 0 0 0 0
1407623999 707118 0 33960 16180 4223 0 0 103 750 0 0 0 0 0 0 0 0 0 0
1407880040 707166 0 33960 16180 4223 0 0 103 750 0 0 0 0 0 0 0 0 0 0
1408150642 707188 0 33960 16180 4223 0 0 103 750 0 0 0 0 0 0 0 0 0 0
1408629616 707248 0 33960 16180 4223 0 0 103 750 0 0 0 0 0 0 0 0 0 0
1408644274 707267 0 33960 16180 4223 0 0 103 750 0 0 0 0 0 0 0 0 0 0
1409182081 707342 0 33960 16180 4223 0 0 103 750 0 0 0 0 0 0 0 0 0 0
1409526295 707347 0 33960 16180 4223 0 0 103 750 0 0 0 0 0 0 0 0 0 0
1409752525 707393 0 33960 16180 4223 0 0 103 750 0 0 0 0 0 0 0 0 0 0
1410130424 707434 0 33960 16180 4223 0 0 103 750 0 0 0 0 0 0 0 0 0 0
1410363599 707467 0 33960 16180 4223 0 0 103 750 0 0 0 0 0 0 0 0 0 0
1410381459 707489 0 33960 16180 4223 0 0 103 750 0 0 0 0 0 0 0 0 0 0
1411988753 707495 0 33960 16180 4223 0 0 103 750 0 0 0 0 0 0 0 0 0 0
1411992956 707957 0 33960 16180 4223 0 0 103 750 0 0 0 0 0 0 0 0 0 0
1412173893 707957 0 33960 16180 4223 0 0 2527 750 0 0 0 0 0 0 0 0 0 0
1412627068 707979 0 33960 16180 4223 0 0 2527 750 0 0 0 0 0 0 0 0 0 0
1412630257 708042 0 33960 16180 4223 0 0 2527 750 0 0 0 0 0 0 0 0 0 0
1412817225 708044 0 33960 16180 4223 0 0 2527 750 0 0 0 0 0 0 0 0 0 0
1412822488 708055 0 33960 16180 4223 0 0 2527 750 0 0 0 0 0 0 0 0 0 0
1413056326 708059 0 33960 16180 4223 0 0 2527 750 0 0 0 0 0 0 0 0 0 0
1413181040 708137 0 33960 16180 4223 0 0 2527 750 0 0 0 0 0 0 0 0 0 0
1413339801 708356 0 33960 16180 4223 0 0 2527 750 0 0 0 0 0 0 0 0 0 0
1413405938 708356 0 33969 16180 4223 0 0 2527 750 0 0 0 0 0 0 0 0 0 0
1413468718 708376 0 33969 16180 4223 0 0 2527 750 0 0 0 0 0 0 0 0 0 0
1413482728 708381 0 33969 16180 4223 0 0 2527 750 0 0 0 0 0 0 0 0 0 0
1413493718 708400 0 33969 16180 4223 0 0 2527 750 0 0 0 0 0 0 0 0 0 0
1413513604 708403 0 33969 16180 4223 0 0 2527 750 0 0 0 0 0 0 0 0 0 0
1415274698 708438 0 33969 16180 4223 0 0 2527 750 0 0 0 0 0 0 0 0 0 0
1415333066 708443 0 33969 16180 4223 0 0 2527 750 0 0 0 0 0 0 0 0 0 0
1415388830 708451 0 33969 16180 4223 0 0 2527 750 0 0 0 0 0 0 0 0 0 0
1415453546 708482 0 33969 16180 4223 0 0 2527 750 0 0 0 0 0 0 0 0 0 0
1415502668 708548 0 33969 16180 4223 0 0 2527 750 0 0 0 0 0 0 0 0 0 0
1416003319 708637 0 33969 16180 4223 0 0 2527 750 0 0 0 0 0 0 0 0 0 0
1416449685 708651 0 33969 16180 4223 0 0 2527 750 0 0 0 0 0 0 0 0 0 0
1416548339 708672 0 33969 16180 4223 0 0 2527 750 0 0 0 0 0 0 0 0 0 0
1416804617 708678 0 33969 16180 4223 0 0 2527 750 0 0 0 0 0 0 0 0 0 0
1417065541 710850 0 33969 16180 4223 0 0 2527 750 0 0 0 0 0 0 0 0 0 0
1417447786 710863 0 33969 16180 4223 0 0 2527 750 0 0 0 0 0 0 0 0 0 0
1417468293 710877 0 33969 16180 4223 0 0 2527 750 0 0 0 0 0 0 0 0 0 0
1418096022 710890 0 33969 16180 4223 0 0 2527 750 0 0 0 0 0 0 0 0 0 0
1418420280 710890 0 33975 16180 4223 0 0 2527 750 0 0 0 0 0 0 0 0 0 0
1418885357 710890 0 33980 16180 4223 0 0 2527 750 0 0 0 0 0 0 0 0 0 0
1418952215 711208 0 33980 16180 4223 0 0 2527 750 0 0 0 0 0 0 0 0 0 0
1419034946 711245 0 33980 16180 4223 0 0 2527 750 0 0 0 0 0 0 0 0 0 0
1419046998 711251 0 33980 16180 4223 0 0 2527 750 0 0 0 0 0 0 0 0 0 0
1419348008 711258 0 33980 16180 4223 0 0 2527 750 0 0 0 0 0 0 0 0 0 0
1419466537 711263 0 33980 16180 4223 0 0 2527 750 0 0 0 0 0 0 0 0 0 0
1419595965 711575 0 33980 16180 4223 0 0 2527 750 0 0 0 0 0 0 0 0 0 0
1419632112 711575 0 33980 16180 4304 0 0 2527 750 0 0 0 0 0 0 0 0 0 0
1420050576 711583 0 33980 16180 4304 0 0 2527 750 0 0 0 0 0 0 0 0 0 0
1420050639 711590 0 33980 16180 4304 0 0 2527 750 0 0 0 0 0 0 0 0 0 0
1420051981 711607 0 33980 16180 4304 0 0 2527 750 0 0 0 0 0 0 0 0 0 0
1420060066 711611 0 33980 16180 4304 0 0 2527 750 0 0 0 0 0 0 0 0 0 0
1420064458 711955 0 33980 16180 4304 0 0 2527 750 0 0 0 0 0 0 0 0 0 0
1420139766 711965 0 33980 16180 4304 0 0 2527 750 0 0 0 0 0 0 0 0 0 0
1420193105 711965 0 33980 16180 4387 0 0 2527 750 0 0 0 0 0 0 0 0 0 0
1420196285 711965 0 33980 16180 4466 0 0 2527 750 0 0 0 0 0 0 0 0 0 0
1420203528 711965 0 33980 16180 4596 0 0 2527 750 0 0 0 0 0 0 0 0 0 0
1420209558 711976 0 33980 16180 4596 0 0 2527 750 0 0 0 0 0 0 0 0 0 0
1420840839 711976 0 33980 16180 5006 0 0 2527 750 0 0 0 0 0 0 0 0 0 0
1422199628 712009 0 33980 16180 5006 0 0 2527 750 0 0 0 0 0 0 0 0 0 0
1422206659 712018 0 33980 16180 5006 0 0 2527 750 0 0 0 0 0 0 0 0 0 0
1422208068 712115 0 33980 16180 5006 0 0 2527 750 0 0 0 0 0 0 0 0 0 0
1422431406 712243 0 33980 16180 5006 0 0 2527 750 0 0 0 0 0 0 0 0 0 0
1422539893 712280 0 33980 16180 5006 0 0 2527 750 0 0 0 0 0 0 0 0 0 0
1422579409 712298 0 33980 16180 5006 0 0 2527 750 0 0 0 0 0 0 0 0 0 0
1422615103 712435 0 33980 16180 5006 0 0 2527 750 0 0 0 0 0 0 0 0 0 0
1422766954 712498 0 33980 16180 5006 0 0 2527 750 0 0 0 0 0 0 0 0 0 0
1422832935 712547 0 33980 16180 5006 0 0 2527 750 0 0 0 0 0 0 0 0 0 0
1423032364 712558 0 33980 16180 5006 0 0 2527 750 0 0 0 0 0 0 0 0 0 0
1423043075 712571 0 33980 16180 5006 0 0 2527 750 0 0 0 0 0 0 0 0 0 0
1423044367 712650 0 33980 16180 5006 0 0 2527 750 0 0 0 0 0 0 0 0 0 0
1423274334 712778 0 33980 16180 5006 0 0 2527 750 0 0 0 0 0 0 0 0 0 0
1423328747 712825 0 33980 16180 5006 0 0 2527 750 0 0 0 0 0 0 0 0 0 0
1423378141 712848 0 33980 16180 5006 0 0 2527 750 0 0 0 0 0 0 0 0 0 0
1423417836 712932 0 33980 16180 5006 0 0 2527 750 0 0 0 0 0 0 0 0 0 0
1423492276 712982 0 33980 16180 5006 0 0 2527 750 0 0 0 0 0 0 0 0 0 0
1423505311 713021 0 33980 16180 5006 0 0 2527 750 0 0 0 0 0 0 0 0 0 0
1423522040 713023 0 33980 16180 5006 0 0 2527 750 0 0 0 0 0 0 0 0 0 0
1423544117 713029 0 33980 16180 5006 0 0 2527 750 0 0 0 0 0 0 0 0 0 0
1423622232 713063 0 33980 16180 5006 0 0 2527 750 0 0 0 0 0 0 0 0 0 0
1423637669 713063 0 34003 16180 5006 0 0 2527 750 0 0 0 0 0 0 0 0 0 0
1423665165 713130 0 34003 16180 5006 0 0 2527 750 0 0 0 0 0 0 0 0 0 0
1423706543 713136 0 34003 16180 5006 0 0 2527 750 0 0 0 0 0 0 0 0 0 0
1423706625 713161 0 34003 16180 5006 0 0 2527 750 0 0 0 0 0 0 0 0 0 0
1423708067 713274 0 34003 16180 5006 0 0 2527 750 0 0 0 0 0 0 0 0 0 0
1423712231 714046 0 34003 16180 5006 0 0 2527 750 0 0 0 0 0 0 0 0 0 0
1423755174 714076 0 34003 16180 5006 0 0 2527 750 0 0 0 0 0 0 0 0 0 0
1424358599 714191 0 34003 16180 5006 0 0 2527 750 0 0 0 0 0 0 0 0 0 0
1424667212 714254 0 34003 16180 5006 0 0 2527 750 0 0 0 0 0 0 0 0 0 0
1424708724 714439 0 34003 16180 5006 0 0 2527 750 0 0 0 0 0 0 0 0 0 0
1424880180 714530 0 34003 16180 5006 0 0 2527 750 0 0 0 0 0 0 0 0 0 0
1424882103 714549 0 34003 16180 5006 0 0 2527 750 0 0 0 0 0 0 0 0 0 0
1424897740 714549 0 34009 16180 5006 0 0 2527 750 0 0 0 0 0 0 0 0 0 0
1424904797 714585 0 34009 16180 5006 0 0 2527 750 0 0 0 0 0 0 0 0 0 0
1424920171 714887 0 34009 16180 5006 0 0 2527 750 0 0 0 0 0 0 0 0 0 0
1425591683 714887 0 34015 16180 5006 0 0 2527 750 0 0 0 0 0 0 0 0 0 0
1425652481 714904 0 34015 16180 5006 0 0 2527 750 0 0 0 0 0 0 0 0 0 0
1425663189 714980 0 34015 16180 5006 0 0 2527 750 0 0 0 0 0 0 0 0 0 0
1427331627 714990 0 34015 16180 5006 0 0 2527 750 0 0 0 0 0 0 0 0 0 0
1427381569 714997 0 34015 16180 5006 0 0 2527 750 0 0 0 0 0 0 0 0 0 0
1427392327 715003 0 34015 16180 5006 0 0 2527 750 0 0 0 0 0 0 0 0 0 0
1427652292 715102 0 34015 16180 5006 0 0 2527 750 0 0 0 0 0 0 0 0 0 0
1428195596 715138 0 34015 16180 5006 0 0 2527 750 0 0 0 0 0 0 0 0 0 0
1428517215 716514 0 34015 16180 5006 0 0 2527 750 0 0 0 0 0 0 0 0 0 0
1428846484 716523 0 34015 16180 5006 0 0 2527 750 0 0 0 0 0 0 0 0 0 0
1428849610 716546 0 34015 16180 5006 0 0 2527 750 0 0 0 0 0 0 0 0 0 0
1429734548 716559 0 34015 16180 5006 0 0 2527 750 0 0 0 0 0 0 0 0 0 0
1431106334 716568 0 34015 16180 5006 0 0 2527 750 0 0 0 0 0 0 0 0 0 0
1431294097 716588 0 34015 16180 5006 0 0 2527 750 0 0 0 0 0 0 0 0 0 0
1431384002 716641 0 34015 16180 5006 0 0 2527 750 0 0 0 0 0 0 0 0 0 0
1431478567 716707 0 34015 16180 5006 0 0 2527 750 0 0 0 0 0 0 0 0 0 0
1432002831 716712 0 34015 16180 5006 0 0 2527 750 0 0 0 0 0 0 0 0 0 0
1432005688 716757 0 34015 16180 5006 0 0 2527 750 0 0 0 0 0 0 0 0 0 0
1432506056 716762 0 34015 16180 5006 0 0 2527 750 0 0 0 0 0 0 0 0 0 0
1432507310 716775 0 34015 16180 5006 0 0 2527 750 0 0 0 0 0 0 0 0 0 0
1432681736 716957 0 34015 16180 5006 0 0 2527 750 0 0 0 0 0 0 0 0 0 0
1432882618 717076 0 34015 16180 5006 0 0 2527 750 0 0 0 0 0 0 0 0 0 0
1434680269 717102 0 34015 16180 5006 0 0 2527 750 0 0 0 0 0 0 0 0 0 0
1434762361 717111 0 34015 16180 5006 0 0 2527 750 0 0 0 0 0 0 0 0 0 0
1435115656 717143 0 34015 16180 5006 0 0 2527 750 0 0 0 0 0 0 0 0 0 0
1435284549 717168 0 34015 16180 5006 0 0 2527 750 0 0 0 0 0 0 0 0 0 0
1435602428 717345 0 34015 16180 5006 0 0 2527 750 0 0 0 0 0 0 0 0 0 0
1435880601 717350 0 34015 16180 5006 0 0 2527 750 0 0 0 0 0 0 0 0 0 0
1435926531 717359 0 34015 16180 5006 0 0 2527 750 0 0 0 0 0 0 0 0 0 0
1437921705 717367 0 34015 16180 5006 0 0 2527 750 0 0 0 0 0 0 0 0 0 0
1437921836 717377 0 34015 16180 5006 0 0 2527 750 0 0 0 0 0 0 0 0 0 0
1437924243 717407 0 34015 16180 5006 0 0 2527 750 0 0 0 0 0 0 0 0 0 0
1437926464 717471 0 34015 16180 5006 0 0 2527 750 0 0 0 0 0 0 0 0 0 0
1438515621 717483 0 34015 16180 5006 0 0 2527 750 0 0 0 0 0 0 0 0 0 0
1438517799 717542 0 34015 16180 5006 0 0 2527 750 0 0 0 0 0 0 0 0 0 0
1438553513 717569 0 34015 16180 5006 0 0 2527 750 0 0 0 0 0 0 0 0 0 0
1438880131 717628 0 34015 16180 5006 0 0 2527 750 0 0 0 0 0 0 0 0 0 0
1438958622 717635 0 34015 16180 5006 0 0 2527 750 0 0 0 0 0 0 0 0 0 0
1439373525 717749 0 34015 16180 5006 0 0 2527 750 0 0 0 0 0 0 0 0 0 0
1439385871 717829 0 34015 16180 5006 0 0 2527 750 0 0 0 0 0 0 0 0 0 0
1440117671 718135 0 34015 16180 5006 0 0 2527 750 0 0 0 0 0 0 0 0 0 0
1440427617 718153 0 34015 16180 5006 0 0 2527 750 0 0 0 0 0 0 0 0 0 0
1440540411 718197 0 34015 16180 5006 0 0 2527 750 0 0 0 0 0 0 0 0 0 0
1441548654 718208 0 34015 16180 5006 0 0 2527 750 0 0 0 0 0 0 0 0 0 0
1441575029 718230 0 34015 16180 5006 0 0 2527 750 0 0 0 0 0 0 0 0 0 0
1441672008 719746 0 34015 16180 5006 0 0 2527 750 0 0 0 0 0 0 0 0 0 0
1441763967 719765 0 34015 16180 5006 0 0 2527 750 0 0 0 0 0 0 0 0 0 0
1441928052 719788 0 34015 16180 5006 0 0 2527 750 0 0 0 0 0 0 0 0 0 0
1441931829 719815 0 34015 16180 5006 0 0 2527 750 0 0 0 0 0 0 0 0 0 0
1441986536 719847 0 34015 16180 5006 0 0 2527 750 0 0 0 0 0 0 0 0 0 0
1441988908 719879 0 34015 16180 5006 0 0 2527 750 0 0 0 0 0 0 0 0 0 0
1441993736 719912 0 34015 16180 5006 0 0 2527 750 0 0 0 0 0 0 0 0 0 0
1442270393 719951 0 34015 16180 5006 0 0 2527 750 0 0 0 0 0 0 0 0 0 0
1442345223 719951 0 34016 16180 5006 0 0 2527 750 0 0 0 0 0 0 0 0 0 0
1442864398 719978 0 34016 16180 5006 0 0 2527 750 0 0 0 0 0 0 0 0 0 0
1443136707 720015 0 34016 16180 5006 0 0 2527 750 0 0 0 0 0 0 0 0 0 0
1443698034 720047 0 34016 16180 5006 0 0 2527 750 0 0 0 0 0 0 0 0 0 0
1443701279 720188 0 34016 16180 5006 0 0 2527 750 0 0 0 0 0 0 0 0 0 0
1444334338 720212 0 34016 16180 5006 0 0 2527 750 0 0 0 0 0 0 0 0 0 0
1444338168 720247 0 34016 16180 5006 0 0 2527 750 0 0 0 0 0 0 0 0 0 0
1445089451 720255 0 34016 16180 5006 0 0 2527 750 0 0 0 0 0 0 0 0 0 0
1445716281 720255 0 34019 16180 5006 0 0 2527 750 0 0 0 0 0 0 0 0 0 0
1446426871 720260 0 34019 16180 5006 0 0 2527 750 0 0 0 0 0 0 0 0 0 0
1446432649 720278 0 34019 16180 5006 0 0 2527 750 0 0 0 0 0 0 0 0 0 0
1446480918 720287 0 34019 16180 5006 0 0 2527 750 0 0 0 0 0 0 0 0 0 0
1446956397 720293 0 34019 16180 5006 0 0 2527 750 0 0 0 0 0 0 0 0 0 0
1446958169 720312 0 34019 16180 5006 0 0 2527 750 0 0 0 0 0 0 0 0 0 0
1447011084 720318 0 34019 16180 5006 0 0 2527 750 0 0 0 0 0 0 0 0 0 0
1447120146 720326 0 34019 16180 5006 0 0 2527 750 0 0 0 0 0 0 0 0 0 0
1447200325 720358 0 34019 16180 5006 0 0 2527 750 0 0 0 0 0 0 0 0 0 0
1447209688 720364 0 34019 16180 5006 0 0 2527 750 0 0 0 0 0 0 0 0 0 0
1447214658 720576 0 34019 16180 5006 0 0 2527 750 0 0 0 0 0 0 0 0 0 0
1447385476 720654 0 34019 16180 5006 0 0 2527 750 0 0 0 0 0 0 0 0 0 0
1447428319 720660 0 34019 16180 5006 0 0 2527 750 0 0 0 0 0 0 0 0 0 0
1453645126 720675 0 34019 16180 5006 0 0 2527 750 0 0 0 0 0 0 0 0 0 0
1456122911 720678 0 34019 16180 5006 0 0 2527 750 0 0 0 0 0 0 0 0 0 0
1456125613 720688 0 34019 16180 5006 0 0 2527 750 0 0 0 0 0 0 0 0 0 0
1456166455 720728 0 34019 16180 5006 0 0 2527 750 0 0 0 0 0 0 0 0 0 0
1456179114 720844 0 34019 16180 5006 0 0 2527 750 0 0 0 0 0 0 0 0 0 0
1456188692 720887 0 34019 16180 5006 0 0 2527 750 0 0 0 0 0 0 0 0 0 0
1456720233 720903 0 34019 16180 5006 0 0 2527 750 0 0 0 0 0 0 0 0 0 0
1456762386 720941 0 34019 16180 5006 0 0 2527 750 0 0 0 0 0 0 0 0 0 0
1456769146 720968 0 34019 16180 5006 0 0 2527 750 0 0 0 0 0 0 0 0 0 0
1456772520 720981 0 34019 16180 5006 0 0 2527 750 0 0 0 0 0 0 0 0 0 0
1456794532 720988 0 34019 16180 5006 0 0 2527 750 0 0 0 0 0 0 0 0 0 0
1456797450 721029 0 34019 16180 5006 0 0 2527 750 0 0 0 0 0 0 0 0 0 0
1456877922 721048 0 34019 16180 5006 0 0 2527 750 0 0 0 0 0 0 0 0 0 0
1457929543 721160 0 34019 16180 5006 0 0 2527 750 0 0 0 0 0 0 0 0 0 0
1459874962 721183 0 34019 16180 5006 0 0 2527 750 0 0 0 0 0 0 0 0 0 0
1459876197 721192 0 34019 16180 5006 0 0 2527 750 0 0 0 0 0 0 0 0 0 0
1459893825 721238 0 34019 16180 5006 0 0 2527 750 0 0 0 0 0 0 0 0 0 0
1462319903 721238 0 34019 16180 5006 0 0 2527 750 0 0 0 0 0 0 0 0 0 0
1462941442 721238 0 34023 16180 5006 0 0 2527 750 0 0 0 0 0 0 0 0 0 0
1464042435 721239 0 34023 16180 5006 0 0 2527 750 0 0 0 0 0 0 0 0 0 0
1464044829 721264 0 34023 16180 5006 0 0 2527 750 0 0 0 0 0 0 0 0 0 0
1464091760 721270 0 34023 16180 5006 0 0 2527 750 0 0 0 0 0 0 0 0 0 0
1464439531 721293 0 34023 16180 5006 0 0 2527 750 0 0 0 0 0 0 0 0 0 0
1464691722 721312 0 34023 16180 5006 0 0 2527 750 0 0 0 0 0 0 0 0 0 0
1464751730 721317 0 34023 16180 5006 0 0 2527 750 0 0 0 0 0 0 0 0 0 0
1464879109 721326 0 34023 16180 5006 0 0 2527 750 0 0 0 0 0 0 0 0 0 0
1464880039 721326 0 34023 16180 5006 0 0 2527 750 0 0 0 0 0 0 0 0 0 0
1464886427 721408 0 34023 16180 5006 0 0 2527 750 0 0 0 0 0 0 0 0 0 0
1464988030 721433 0 34023 16180 5006 0 0 2527 750 0 0 0 0 0 0 0 0 0 0
1465089522 721647 0 34023 16180 5006 0 0 2527 750 0 0 0 0 0 0 0 0 0 0
1465177149 721682 0 34023 16180 5006 0 0 2527 750 0 0 0 0 0 0 0 0 0 0
1465224252 721689 0 34023 16180 5006 0 0 2527 750 0 0 0 0 0 0 0 0 0 0
1465227715 721702 0 34023 16180 5006 0 0 2527 750 0 0 0 0 0 0 0 0 0 0
1465230799 721723 0 34023 16180 5006 0 0 2527 750 0 0 0 0 0 0 0 0 0 0
1465231226 721729 0 34023 16180 5006 0 0 2527 750 0 0 0 0 0 0 0 0 0 0
1465232201 721729 0 34023 16180 5006 0 0 2527 750 0 0 0 0 0 0 0 0 0 0
1465336040 722124 0 34023 16180 5006 0 0 2527 750 0 0 0 0 0 0 0 0 0 0
1465336394 722130 0 34023 16180 5006 0 0 2527 750 0 0 0 0 0 0 0 0 0 0
1465337916 722229 0 34023 16180 5006 0 0 2527 750 0 0 0 0 0 0 0 0 0 0
1465346074 722297 0 34023 16180 5006 0 0 2527 750 0 0 0 0 0 0 0 0 0 0
1466098705 722303 0 34023 16180 5006 0 0 2527 750 0 0 0 0 0 0 0 0 0 0
1466102950 723108 0 34023 16180 5006 0 0 2527 750 0 0 0 0 0 0 0 0 0 0
1466106304 723115 0 34023 16180 5006 0 0 2527 750 0 0 0 0 0 0 0 0 0 0
1466122906 723148 0 34023 16180 5006 0 0 2527 750 0 0 0 0 0 0 0 0 0 0
1466124035 723157 0 34023 16180 5006 0 0 2527 750 0 0 0 0 0 0 0 0 0 0
1466129633 723176 0 34023 16180 5006 0 0 2527 750 0 0 0 0 0 0 0 0 0 0
1466131010 723186 0 34023 16180 5006 0 0 2527 750 0 0 0 0 0 0 0 0 0 0
1466445700 723346 0 34023 16180 5006 0 0 2527 750 0 0 0 0 0 0 0 0 0 0
1466625087 723426 0 34023 16180 5006 0 0 2527 750 0 0 0 0 0 0 0 0 0 0
1466814498 723441 0 34023 16180 5006 0 0 2527 750 0 0 0 0 0 0 0 0 0 0
1466861489 723472 0 34023 16180 5006 0 0 2527 750 0 0 0 0 0 0 0 0 0 0
1466870777 723501 0 34023 16180 5006 0 0 2527 750 0 0 0 0 0 0 0 0 0 0
1466882950 723530 0 34023 16180 5006 0 0 2527 750 0 0 0 0 0 0 0 0 0 0
1467124626 723539 0 34023 16180 5006 0 0 2527 750 0 0 0 0 0 0 0 0 0 0
1467131035 723547 0 34023 16180 5006 0 0 2527 750 0 0 0 0 0 0 0 0 0 0
1467137933 723569 0 34023 16180 5006 0 0 2527 750 0 0 0 0 0 0 0 0 0 0
1467252812 723586 0 34023 16180 5006 0 0 2527 750 0 0 0 0 0 0 0 0 0 0
1467297476 723594 0 34023 16180 5006 0 0 2527 750 0 0 0 0 0 0 0 0 0 0
1467402095 723613 0 34023 16180 5006 0 0 2527 750 0 0 0 0 0 0 0 0 0 0
1467428279 723619 0 34023 16180 5006 0 0 2527 750 0 0 0 0 0 0 0 0 0 0
1467567464 723653 0 34023 16180 5006 0 0 2527 750 0 0 0 0 0 0 0 0 0 0
1467681663 723673 0 34023 16180 5006 0 0 2527 750 0 0 0 0 0 0 0 0 0 0
1467726519 723709 0 34023 16180 5006 0 0 2527 750 0 0 0 0 0 0 0 0 0 0
1467900486 723717 0 34023 16180 5006 0 0 2527 750 0 0 0 0 0 0 0 0 0 0
1467901705 723730 0 34023 16180 5006 0 0 2527 750 0 0 0 0 0 0 0 0 0 0
1467908087 723784 0 34023 16180 5006 0 0 2527 750 0 0 0 0 0 0 0 0 0 0
1467910544 723789 0 34023 16180 5006 0 0 2527 750 0 0 0 0 0 0 0 0 0 0
1467913745 723794 0 34023 16180 5006 0 0 2527 750 0 0 0 0 0 0 0 0 0 0
1467995496 723802 0 34023 16180 5006 0 0 2527 750 0 0 0 0 0 0 0 0 0 0
1468721949 723808 0 34023 16180 5006 0 0 2527 750 0 0 0 0 0 0 0 0 0 0
1468723923 723817 0 34023 16180 5006 0 0 2527 750 0 0 0 0 0 0 0 0 0 0
1468725528 723819 0 34023 16180 5006 0 0 2527 750 0 0 0 0 0 0 0 0 0 0
1468775383 723832 0 34023 16180 5006 0 0 2527 750 0 0 0 0 0 0 0 0 0 0
1468858941 723838 0 34023 16180 5006 0 0 2527 750 0 0 0 0 0 0 0 0 0 0
1468876041 723873 0 34023 16180 5006 0 0 2527 750 0 0 0 0 0 0 0 0 0 0
1468932792 723901 0 34023 16180 5006 0 0 2527 750 0 0 0 0 0 0 0 0 0 0
1469630325 723910 0 34023 16180 5006 0 0 2527 750 0 0 0 0 0 0 0 0 0 0
1469808287 723946 0 34023 16180 5006 0 0 2527 750 0 0 0 0 0 0 0 0 0 0
1469899441 723965 0 34023 16180 5006 0 0 2527 750 0 0 0 0 0 0 0 0 0 0
1470095126 724142 0 34023 16180 5006 0 0 2527 750 0 0 0 0 0 0 0 0 0 0
1470149020 724254 0 34023 16180 5006 0 0 2527 750 0 0 0 0 0 0 0 0 0 0
1470249414 724288 0 34023 16180 5006 0 0 2527 750 0 0 0 0 0 0 0 0 0 0
1470518748 724389 0 34023 16180 5006 0 0 2527 750 0 0 0 0 0 0 0 0 0 0
1470679107 724400 0 34023 16180 5006 0 0 2527 750 0 0 0 0 0 0 0 0 0 0
1470702821 724572 0 34023 16180 5006 0 0 2527 750 0 0 0 0 0 0 0 0 0 0
1470749015 724577 0 34023 16180 5006 0 0 2527 750 0 0 0 0 0 0 0 0 0 0
1470932670 724584 0 34023 16180 5006 0 0 2527 750 0 0 0 0 0 0 0 0 0 0
1470933920 724602 0 34023 16180 5006 0 0 2527 750 0 0 0 0 0 0 0 0 0 0
1470937317 724705 0 34023 16180 5006 0 0 2527 750 0 0 0 0 0 0 0 0 0 0
1470959987 724717 0 34023 16180 5006 0 0 2527 750 0 0 0 0 0 0 0 0 0 0
1471015545 724740 0 34023 16180 5006 0 0 2527 750 0 0 0 0 0 0 0 0 0 0
1471016596 724746 0 34023 16180 5006 0 0 2527 750 0 0 0 0 0 0 0 0 0 0
1471018580 724853 0 34023 16180 5006 0 0 2527 750 0 0 0 0 0 0 0 0 0 0
1471090665 724860 0 34023 16180 5006 0 0 2527 750 0 0 0 0 0 0 0 0 0 0
1471095387 724935 0 34023 16180 5006 0 0 2527 750 0 0 0 0 0 0 0 0 0 0
1471110059 724990 0 34023 16180 5006 0 0 2527 750 0 0 0 0 0 0 0 0 0 0
1471177718 724999 0 34023 16180 5006 0 0 2527 750 0 0 0 0 0 0 0 0 0 0
1471179110 725005 0 34023 16180 5006 0 0 2527 750 0 0 0 0 0 0 0 0 0 0
1471188862 725011 0 34023 16180 5006 0 0 2527 750 0 0 0 0 0 0 0 0 0 0
1471191450 725032 0 34023 16180 5006 0 0 2527 750 0 0 0 0 0 0 0 0 0 0
1471195758 725076 0 34023 16180 5006 0 0 2527 750 0 0 0 0 0 0 0 0 0 0
1471208127 725080 0 34023 16180 5006 0 0 2527 750 0 0 0 0 0 0 0 0 0 0
1471525539 725094 0 34023 16180 5006 0 0 2527 750 0 0 0 0 0 0 0 0 0 0
1471526813 725163 0 34023 16180 5006 0 0 2527 750 0 0 0 0 0 0 0 0 0 0
1471567460 725173 0 34023 16180 5006 0 0 2527 750 0 0 0 0 0 0 0 0 0 0
1471811309 725173 0 34031 16180 5006 0 0 2527 750 0 0 0 0 0 0 0 0 0 0
1471811322 725173 0 34043 16180 5006 0 0 2527 750 0 0 0 0 0 0 0 0 0 0
1472127856 725240 0 34043 16180 5006 0 0 2527 750 0 0 0 0 0 0 0 0 0 0
1472217834 725302 0 34043 16180 5006 0 0 2527 750 0 0 0 0 0 0 0 0 0 0
1472229042 725321 0 34043 16180 5006 0 0 2527 750 0 0 0 0 0 0 0 0 0 0
1472391643 725340 0 34043 16180 5006 0 0 2527 750 0 0 0 0 0 0 0 0 0 0
1472476119 725345 0 34043 16180 5006 0 0 2527 750 0 0 0 0 0 0 0 0 0 0
1472479585 725364 0 34043 16180 5006 0 0 2527 750 0 0 0 0 0 0 0 0 0 0
1472488340 725369 0 34043 16180 5006 0 0 2527 750 0 0 0 0 0 0 0 0 0 0
1472522478 725490 0 34043 16180 5006 0 0 2527 750 0 0 0 0 0 0 0 0 0 0
1472561092 725522 0 34043 16180 5006 0 0 2527 750 0 0 0 0 0 0 0 0 0 0
1472563558 734631 0 34043 16180 5006 0 0 2527 750 0 0 0 0 0 0 0 0 0 0
1472582291 734645 0 34043 16180 5006 0 0 2527 750 0 0 0 0 0 0 0 0 0 0
1472595689 734666 0 34043 16180 5006 0 0 2527 750 0 0 0 0 0 0 0 0 0 0
1472601506 734715 0 34043 16180 5006 0 0 2527 750 0 0 0 0 0 0 0 0 0 0
1472658057 734717 0 34043 16180 5006 0 0 2527 750 0 0 0 0 0 0 0 0 0 0
1472664111 734719 0 34043 16180 5006 0 0 2527 750 0 0 0 0 0 0 0 0 0 0
1472675020 734815 0 34043 16180 5006 0 0 2527 750 0 0 0 0 0 0 0 0 0 0
1472838331 734827 0 34043 16180 5006 0 0 2527 750 0 0 0 0 0 0 0 0 0 0
1472924613 734840 0 34043 16180 5006 0 0 2527 750 0 0 0 0 0 0 0 0 0 0
1472928366 734860 0 34043 16180 5006 0 0 2527 750 0 0 0 0 0 0 0 0 0 0
1472930073 734860 0 34043 16180 5006 0 0 2527 750 0 0 0 0 0 0 0 0 0 0
1473027707 734893 0 34043 16180 5006 0 0 2527 750 0 0 0 0 0 0 0 0 0 0
1473034671 734983 0 34043 16180 5006 0 0 2527 750 0 0 0 0 0 0 0 0 0 0
1473077505 734988 0 34043 16180 5006 0 0 2527 750 0 0 0 0 0 0 0 0 0 0
1473168437 734998 0 34043 16180 5006 0 0 2527 750 0 0 0 0 0 0 0 0 0 0
1473217443 735016 0 34043 16180 5006 0 0 2527 750 0 0 0 0 0 0 0 0 0 0
1473256446 735040 0 34043 16180 5006 0 0 2527 750 0 0 0 0 0 0 0 0 0 0
1473293674 735052 0 34043 16180 5006 0 0 2527 750 0 0 0 0 0 0 0 0 0 0
1473299263 735098 0 34043 16180 5006 0 0 2527 750 0 0 0 0 0 0 0 0 0 0
1473339869 735115 0 34043 16180 5006 0 0 2527 750 0 0 0 0 0 0 0 0 0 0
1473364908 735122 0 34043 16180 5006 0 0 2527 750 0 0 0 0 0 0 0 0 0 0
1473438430 735144 0 34043 16180 5006 0 0 2527 750 0 0 0 0 0 0 0 0 0 0
1473440387 735153 0 34043 16180 5006 0 0 2527 750 0 0 0 0 0 0 0 0 0 0
1473466783 735210 0 34043 16180 5006 0 0 2527 750 0 0 0 0 0 0 0 0 0 0
1473510957 735228 0 34043 16180 5006 0 0 2527 750 0 0 0 0 0 0 0 0 0 0
1473522122 735234 0 34043 16180 5006 0 0 2527 750 0 0 0 0 0 0 0 0 0 0
1473638243 735262 0 34043 16180 5006 0 0 2527 750 0 0 0 0 0 0 0 0 0 0
1473705786 735398 0 34043 16180 5006 0 0 2527 750 0 0 0 0 0 0 0 0 0 0
1473717932 735425 0 34043 16180 5006 0 0 2527 750 0 0 0 0 0 0 0 0 0 0
1473801225 735611 0 34043 16180 5006 0 0 2527 750 0 0 0 0 0 0 0 0 0 0
1473900004 735617 0 34043 16180 5006 0 0 2527 750 0 0 0 0 0 0 0 0 0 0
1473944519 735650 0 34043 16180 5006 0 0 2527 750 0 0 0 0 0 0 0 0 0 0
1473947532 735656 0 34043 16180 5006 0 0 2527 750 0 0 0 0 0 0 0 0 0 0
1473961189 735719 0 34043 16180 5006 0 0 2527 750 0 0 0 0 0 0 0 0 0 0
1473963898 735732 0 34043 16180 5006 0 0 2527 750 0 0 0 0 0 0 0 0 0 0
1474050531 735973 0 34043 16180 5006 0 0 2527 750 0 0 0 0 0 0 0 0 0 0
1474216807 735978 0 34043 16180 5006 0 0 2527 750 0 0 0 0 0 0 0 0 0 0
1474411544 736150 0 34043 16180 5006 0 0 2527 750 0 0 0 0 0 0 0 0 0 0
1474462373 736184 0 34043 16180 5006 0 0 2527 750 0 0 0 0 0 0 0 0 0 0
1474481979 736265 0 34043 16180 5006 0 0 2527 750 0 0 0 0 0 0 0 0 0 0
1474484323 736499 0 34043 16180 5006 0 0 2527 750 0 0 0 0 0 0 0 0 0 0
1474490181 736508 0 34043 16180 5006 0 0 2527 750 0 0 0 0 0 0 0 0 0 0
1474642359 736989 0 34043 16180 5006 0 0 2527 750 0 0 0 0 0 0 0 0 0 0
1474748482 737229 0 34043 16180 5006 0 0 2527 750 0 0 0 0 0 0 0 0 0 0
1474752785 737325 0 34043 16180 5006 0 0 2527 750 0 0 0 0 0 0 0 0 0 0
1474825267 737336 0 34043 16180 5006 0 0 2527 750 0 0 0 0 0 0 0 0 0 0
1474837108 737346 0 34043 16180 5006 0 0 2527 750 0 0 0 0 0 0 0 0 0 0
1474845679 737423 0 34043 16180 5006 0 0 2527 750 0 0 0 0 0 0 0 0 0 0
1475012311 737433 0 34043 16180 5006 0 0 2527 750 0 0 0 0 0 0 0 0 0 0
1475013887 737455 0 34043 16180 5006 0 0 2527 750 0 0 0 0 0 0 0 0 0 0
1475339391 737481 0 34043 16180 5006 0 0 2527 750 0 0 0 0 0 0 0 0 0 0
1475350457 737482 0 34043 16180 5006 0 0 2527 750 0 0 0 0 0 0 0 0 0 0
1475353853 737519 0 34043 16180 5006 0 0 2527 750 0 0 0 0 0 0 0 0 0 0
1475887328 737932 0 34043 16180 5006 0 0 2527 750 0 0 0 0 0 0 0 0 0 0
1475931201 738040 0 34043 16180 5006 0 0 2527 750 0 0 0 0 0 0 0 0 0 0
1476052915 738174 0 34043 16180 5006 0 0 2527 750 0 0 0 0 0 0 0 0 0 0
1476062258 738196 0 34043 16180 5006 0 0 2527 750 0 0 0 0 0 0 0 0 0 0
1476137041 738212 0 34043 16180 5006 0 0 2527 750 0 0 0 0 0 0 0 0 0 0
1476157960 738475 0 34043 16180 5006 0 0 2527 750 0 0 0 0 0 0 0 0 0 0
1476192069 738504 0 34043 16180 5006 0 0 2527 750 0 0 0 0 0 0 0 0 0 0
1476320007 738518 0 34043 16180 5006 0 0 2527 750 0 0 0 0 0 0 0 0 0 0
1476342003 738573 0 34043 16180 5006 0 0 2527 750 0 0 0 0 0 0 0 0 0 0
1476342351 738581 0 34043 16180 5006 0 0 2527 750 0 0 0 0 0 0 0 0 0 0
1476363182 738679 0 34043 16180 5006 0 0 2527 750 0 0 0 0 0 0 0 0 0 0
1476393167 738688 0 34043 16180 5006 0 0 2527 750 0 0 0 0 0 0 0 0 0 0
1476394300 738699 0 34043 16180 5006 0 0 2527 750 0 0 0 0 0 0 0 0 0 0
1476570238 738799 0 34043 16180 5006 0 0 2527 750 0 0 0 0 0 0 0 0 0 0
1478033445 738806 0 34043 16180 5006 0 0 2527 750 0 0 0 0 0 0 0 0 0 0
1478472129 738814 0 34043 16180 5006 0 0 2527 750 0 0 0 0 0 0 0 0 0 0
1478526917 738833 0 34043 16180 5006 0 0 2527 750 0 0 0 0 0 0 0 0 0 0
1479079440 738931 0 34043 16180 5006 0 0 2527 750 0 0 0 0 0 0 0 0 0 0
1483237626 738945 0 34043 16180 5006 0 0 2527 750 0 0 0 0 0 0 0 0 0 0
1483302151 738949 0 34043 16180 5006 0 0 2527 750 0 0 0 0 0 0 0 0 0 0
1483308449 738958 0 34043 16180 5006 0 0 2527 750 0 0 0 0 0 0 0 0 0 0
1483981164 738975 0 34043 16180 5006 0 0 2527 750 0 0 0 0 0 0 0 0 0 0
1484195657 738982 0 34043 16180 5006 0 0 2527 750 0 0 0 0 0 0 0 0 0 0
1484197106 739013 0 34043 16180 5006 0 0 2527 750 0 0 0 0 0 0 0 0 0 0
1485101673 739071 0 34043 16180 5006 0 0 2527 750 0 0 0 0 0 0 0 0 0 0
1485103507 739076 0 34043 16180 5006 0 0 2527 750 0 0 0 0 0 0 0 0 0 0
1485226380 739350 0 34043 16180 5006 0 0 2527 750 0 0 0 0 0 0 0 0 0 0
1485286171 739375 0 34043 16180 5006 0 0 2527 750 0 0 0 0 0 0 0 0 0 0
1485297206 739375 0 34099 16180 5006 0 0 2527 750 0 0 0 0 0 0 0 0 0 0
1485364539 740243 0 34099 16180 5006 0 0 2527 750 0 0 0 0 0 0 0 0 0 0
1485399629 740467 0 34099 16180 5006 0 0 2527 750 0 0 0 0 0 0 0 0 0 0
1485403765 740657 0 34099 16180 5006 0 0 2527 750 0 0 0 0 0 0 0 0 0 0
1485525925 741092 0 34099 16180 5006 0 0 2527 750 0 0 0 0 0 0 0 0 0 0
1485528535 741120 0 34099 16180 5006 0 0 2527 750 0 0 0 0 0 0 0 0 0 0
1485530501 741150 0 34099 16180 5006 0 0 2527 750 0 0 0 0 0 0 0 0 0 0
1485795809 741330 0 34099 16180 5006 0 0 2527 750 0 0 0 0 0 0 0 0 0 0
1485889130 741452 0 34099 16180 5006 0 0 2527 750 0 0 0 0 0 0 0 0 0 0
1486052534 741599 0 34099 16180 5006 0 0 2527 750 0 0 0 0 0 0 0 0 0 0
1486063911 741611 0 34099 16180 5006 0 0 2527 750 0 0 0 0 0 0 0 0 0 0
1486247544 741616 0 34099 16180 5006 0 0 2527 750 0 0 0 0 0 0 0 0 0 0
1486341809 741623 0 34099 16180 5006 0 0 2527 750 0 0 0 0 0 0 0 0 0 0
1486404172 741632 0 34099 16180 5006 0 0 2527 750 0 0 0 0 0 0 0 0 0 0
1486423985 741635 0 34099 16180 5006 0 0 2527 750 0 0 0 0 0 0 0 0 0 0
1486426269 741645 0 34099 16180 5006 0 0 2527 750 0 0 0 0 0 0 0 0 0 0
1486489813 741653 0 34099 16180 5006 0 0 2527 750 0 0 0 0 0 0 0 0 0 0
1486584820 741671 0 34099 16180 5006 0 0 2527 750 0 0 0 0 0 0 0 0 0 0
1486791452 741684 0 34099 16180 5006 0 0 2527 750 0 0 0 0 0 0 0 0 0 0
1486927949 741703 0 34099 16180 5006 0 0 2527 750 0 0 0 0 0 0 0 0 0 0
1486942846 741714 0 34099 16180 5006 0 0 2527 750 0 0 0 0 0 0 0 0 0 0
1487020377 741773 0 34099 16180 5006 0 0 2527 750 0 0 0 0 0 0 0 0 0 0
1487026616 741782 0 34099 16180 5006 0 0 2527 750 0 0 0 0 0 0 0 0 0 0
1487068526 741790 0 34099 16180 5006 0 0 2527 750 0 0 0 0 0 0 0 0 0 0
1487070941 741842 0 34099 16180 5006 0 0 2527 750 0 0 0 0 0 0 0 0 0 0
1487072688 741848 0 34099 16180 5006 0 0 2527 750 0 0 0 0 0 0 0 0 0 0
1487186215 741849 0 34099 16180 5006 0 0 2527 750 0 0 0 0 0 0 0 0 0 0
1487196205 741858 0 34099 16180 5006 0 0 2527 750 0 0 0 0 0 0 0 0 0 0
1487268327 741879 0 34099 16180 5006 0 0 2527 750 0 0 0 0 0 0 0 0 0 0
1487384099 741886 0 34099 16180 5006 0 0 2527 750 0 0 0 0 0 0 0 0 0 0
1487390851 741922 0 34099 16180 5006 0 0 2527 750 0 0 0 0 0 0 0 0 0 0
1487440040 741933 0 34099 16180 5006 0 0 2527 750 0 0 0 0 0 0 0 0 0 0
1487610314 741977 0 34099 16180 5006 0 0 2527 750 0 0 0 0 0 0 0 0 0 0
1487614056 741989 0 34099 16180 5006 0 0 2527 750 0 0 0 0 0 0 0 0 0 0
1487615110 742042 0 34099 16180 5006 0 0 2527 750 0 0 0 0 0 0 0 0 0 0
1487615212 742068 0 34099 16180 5006 0 0 2527 750 0 0 0 0 0 0 0 0 0 0
1487616223 742156 0 34099 16180 5006 0 0 2527 750 0 0 0 0 0 0 0 0 0 0
1487696892 742188 0 34099 16180 5006 0 0 2527 750 0 0 0 0 0 0 0 0 0 0
1487729923 742195 0 34099 16180 5006 0 0 2527 750 0 0 0 0 0 0 0 0 0 0
1487784520 742215 0 34099 16180 5006 0 0 2527 750 0 0 0 0 0 0 0 0 0 0
1487796980 742330 0 34099 16180 5006 0 0 2527 750 0 0 0 0 0 0 0 0 0 0
1487823281 742343 0 34099 16180 5006 0 0 2527 750 0 0 0 0 0 0 0 0 0 0
1487858352 742353 0 34099 16180 5006 0 0 2527 750 0 0 0 0 0 0 0 0 0 0
1488122595 742373 0 34099 16180 5006 0 0 2527 750 0 0 0 0 0 0 0 0 0 0
1488167363 742381 0 34099 16180 5006 0 0 2527 750 0 0 0 0 0 0 0 0 0 0
1488231739 742392 0 34099 16180 5006 0 0 2527 750 0 0 0 0 0 0 0 0 0 0
1488330098 742431 0 34099 16180 5006 0 0 2527 750 0 0 0 0 0 0 0 0 0 0
1488340527 742439 0 34099 16180 5006 0 0 2527 750 0 0 0 0 0 0 0 0 0 0
1488349490 742459 0 34099 16180 5006 0 0 2527 750 0 0 0 0 0 0 0 0 0 0
1488583119 742474 0 34099 16180 5006 0 0 2527 750 0 0 0 0 0 0 0 0 0 0
1488674818 742478 0 34099 16180 5006 0 0 2527 750 0 0 0 0 0 0 0 0 0 0
1488739050 742483 0 34099 16180 5006 0 0 2527 750 0 0 0 0 0 0 0 0 0 0
1488811139 742491 0 34099 16180 5006 0 0 2527 750 0 0 0 0 0 0 0 0 0 0
1488814039 742500 0 34099 16180 5006 0 0 2527 750 0 0 0 0 0 0 0 0 0 0
1488815099 742517 0 34099 16180 5006 0 0 2527 750 0 0 0 0 0 0 0 0 0 0
1488906896 742521 0 34099 16180 5006 0 0 2527 750 0 0 0 0 0 0 0 0 0 0
1488993633 742535 0 34099 16180 5006 0 0 2527 750 0 0 0 0 0 0 0 0 0 0
1489020051 742570 0 34099 16180 5006 0 0 2527 750 0 0 0 0 0 0 0 0 0 0
1489155967 742596 0 34099 16180 5006 0 0 2527 750 0 0 0 0 0 0 0 0 0 0
1489178536 742611 0 34099 16180 5006 0 0 2527 750 0 0 0 0 0 0 0 0 0 0
1489370546 742616 0 34099 16180 5006 0 0 2527 750 0 0 0 0 0 0 0 0 0 0
1489446200 742632 0 34099 16180 5006 0 0 2527 750 0 0 0 0 0 0 0 0 0 0
1489803214 742645 0 34099 16180 5006 0 0 2527 750 0 0 0 0 0 0 0 0 0 0
1489805284 742669 0 34099 16180 5006 0 0 2527 750 0 0 0 0 0 0 0 0 0 0
1489805557 742669 0 34099 16180 5006 0 0 2527 750 0 0 0 0 0 0 0 0 0 0
1490024103 742674 0 34099 16180 5006 0 0 2527 750 0 0 0 0 0 0 0 0 0 0
1490222100 742678 0 34099 16180 5006 0 0 2527 750 0 0 0 0 0 0 0 0 0 0
1490275524 743396 0 34099 16180 5006 0 0 2527 750 0 0 0 0 0 0 0 0 0 0
1490287766 743419 0 34099 16180 5006 0 0 2527 750 0 0 0 0 0 0 0 0 0 0
1490358491 743419 0 34099 16180 5006 0 0 2527 750 0 0 0 0 0 0 0 0 0 0
1490371828 743462 0 34099 16180 5006 0 0 2527 750 0 0 0 0 0 0 0 0 0 0
1490483918 743475 0 34099 16180 5006 0 0 2527 750 0 0 0 0 0 0 0 0 0 0
1490491614 743504 0 34099 16180 5006 0 0 2527 750 0 0 0 0 0 0 0 0 0 0
1490579200 743511 0 34099 16180 5006 0 0 2527 750 0 0 0 0 0 0 0 0 0 0
1490660772 743515 0 34099 16180 5006 0 0 2527 750 0 0 0 0 0 0 0 0 0 0
1490719567 743523 0 34099 16180 5006 0 0 2527 750 0 0 0 0 0 0 0 0 0 0
1490734853 743571 0 34099 16180 5006 0 0 2527 750 0 0 0 0 0 0 0 0 0 0
1490819221 743582 0 34099 16180 5006 0 0 2527 750 0 0 0 0 0 0 0 0 0 0
1490995874 744677 0 34099 16180 5006 0 0 2527 750 0 0 0 0 0 0 0 0 0 0
1491018820 744696 0 34099 16180 5006 0 0 2527 750 0 0 0 0 0 0 0 0 0 0
1491061790 744707 0 34099 16180 5006 0 0 2527 750 0 0 0 0 0 0 0 0 0 0
1491160136 744757 0 34099 16180 5006 0 0 2527 750 0 0 0 0 0 0 0 0 0 0
1491162628 744762 0 34099 16180 5006 0 0 2527 750 0 0 0 0 0 0 0 0 0 0
1491162745 744790 0 34099 16180 5006 0 0 2527 750 0 0 0 0 0 0 0 0 0 0
1491164312 744811 0 34099 16180 5006 0 0 2527 750 0 0 0 0 0 0 0 0 0 0
1491168937 744833 0 34099 16180 5006 0 0 2527 750 0 0 0 0 0 0 0 0 0 0
1491258218 745142 0 34099 16180 5006 0 0 2527 750 0 0 0 0 0 0 0 0 0 0
1491617062 745146 0 34099 16180 5006 0 0 2527 750 0 0 0 0 0 0 0 0 0 0
1491669222 745152 0 34099 16180 5006 0 0 2527 750 0 0 0 0 0 0 0 0 0 0
1491755215 745166 0 34099 16180 5006 0 0 2527 750 0 0 0 0 0 0 0 0 0 0
1491958928 745172 0 34099 16180 5006 0 0 2527 750 0 0 0 0 0 0 0 0 0 0
1491961493 745249 0 34099 16180 5006 0 0 2527 750 0 0 0 0 0 0 0 0 0 0
1492005898 745260 0 34099 16180 5006 0 0 2527 750 0 0 0 0 0 0 0 0 0 0
1492131947 745270 0 34099 16180 5006 0 0 2527 750 0 0 0 0 0 0 0 0 0 0
1492134927 745287 0 34099 16180 5006 0 0 2527 750 0 0 0 0 0 0 0 0 0 0
1492176767 745299 0 34099 16180 5006 0 0 2527 750 0 0 0 0 0 0 0 0 0 0
1492219759 745310 0 34099 16180 5006 0 0 2527 750 0 0 0 0 0 0 0 0 0 0
1492535649 745318 0 34099 16180 5006 0 0 2527 750 0 0 0 0 0 0 0 0 0 0
1492887193 745396 0 34099 16180 5006 0 0 2527 750 0 0 0 0 0 0 0 0 0 0
1492890144 745402 0 34099 16180 5006 0 0 2527 750 0 0 0 0 0 0 0 0 0 0
1492890428 745432 0 34099 16180 5006 0 0 2527 750 0 0 0 0 0 0 0 0 0 0
1493227073 745453 0 34099 16180 5006 0 0 2527 750 0 0 0 0 0 0 0 0 0 0
1493228525 745458 0 34099 16180 5006 0 0 2527 750 0 0 0 0 0 0 0 0 0 0
1494603833 745479 0 34099 16180 5006 0 0 2527 750 0 0 0 0 0 0 0 0 0 0
1494686149 745499 0 34099 16180 5006 0 0 2527 750 0 0 0 0 0 0 0 0 0 0
1494688060 745527 0 34099 16180 5006 0 0 2527 750 0 0 0 0 0 0 0 0 0 0
1494779938 745539 0 34099 16180 5006 0 0 2527 750 0 0 0 0 0 0 0 0 0 0
1494781017 745592 0 34099 16180 5006 0 0 2527 750 0 0 0 0 0 0 0 0 0 0
1494872108 745600 0 34099 16180 5006 0 0 2527 750 0 0 0 0 0 0 0 0 0 0
1494873193 745604 0 34099 16180 5006 0 0 2527 750 0 0 0 0 0 0 0 0 0 0
1494873357 745607 0 34099 16180 5006 0 0 2527 750 0 0 0 0 0 0 0 0 0 0
1494875463 745613 0 34099 16180 5006 0 0 2527 750 0 0 0 0 0 0 0 0 0 0
1495472714 745620 0 34099 16180 5006 0 0 2527 750 0 0 0 0 0 0 0 0 0 0
1495551714 745630 0 34099 16180 5006 0 0 2527 750 0 0 0 0 0 0 0 0 0 0
1495554841 745648 0 34099 16180 5006 0 0 2527 750 0 0 0 0 0 0 0 0 0 0
1495987672 745737 0 34099 16180 5006 0 0 2527 750 0 0 0 0 0 0 0 0 0 0
1495999222 745753 0 34099 16180 5006 0 0 2527 750 0 0 0 0 0 0 0 0 0 0
1495999811 745757 0 34099 16180 5006 0 0 2527 750 0 0 0 0 0 0 0 0 0 0
1496000838 745769 0 34099 16180 5006 0 0 2527 750 0 0 0 0 0 0 0 0 0 0
1496002017 745784 0 34099 16180 5006 0 0 2527 750 0 0 0 0 0 0 0 0 0 0
1496079851 745855 0 34099 16180 5006 0 0 2527 750 0 0 0 0 0 0 0 0 0 0
1496081479 745863 0 34099 16180 5006 0 0 2527 750 0 0 0 0 0 0 0 0 0 0
1496147479 746002 0 34099 16180 5006 0 0 2527 750 0 0 0 0 0 0 0 0 0 0
1496150762 746012 0 34099 16180 5006 0 0 2527 750 0 0 0 0 0 0 0 0 0 0
1496152070 746026 0 34099 16180 5006 0 0 2527 750 0 0 0 0 0 0 0 0 0 0
1496154578 746041 0 34099 16180 5006 0 0 2527 750 0 0 0 0 0 0 0 0 0 0
1496240269 746050 0 34099 16180 5006 0 0 2527 750 0 0 0 0 0 0 0 0 0 0
1496409407 746065 0 34099 16180 5006 0 0 2527 750 0 0 0 0 0 0 0 0 0 0
1496682450 746076 0 34099 16180 5006 0 0 2527 750 0 0 0 0 0 0 0 0 0 0
1496683638 746142 0 34099 16180 5006 0 0 2527 750 0 0 0 0 0 0 0 0 0 0
1497027859 746147 0 34099 16180 5006 0 0 2527 750 0 0 0 0 0 0 0 0 0 0
1497114725 746191 0 34099 16180 5006 0 0 2527 750 0 0 0 0 0 0 0 0 0 0
1498770682 746191 0 34104 16180 5006 0 0 2527 750 0 0 0 0 0 0 0 0 0 0
1498831726 746192 0 34104 16180 5006 0 0 2527 750 0 0 0 0 0 0 0 0 0 0
1498833887 746198 0 34104 16180 5006 0 0 2527 750 0 0 0 0 0 0 0 0 0 0
1498836001 746203 0 34104 16180 5006 0 0 2527 750 0 0 0 0 0 0 0 0 0 0
1498838438 746215 0 34104 16180 5006 0 0 2527 750 0 0 0 0 0 0 0 0 0 0
1498977406 746215 0 34109 16180 5006 0 0 2527 750 0 0 0 0 0 0 0 0 0 0
1499444902 746221 0 34109 16180 5006 0 0 2527 750 0 0 0 0 0 0 0 0 0 0
1499461955 746221 0 34368 16180 5006 0 0 2527 750 0 0 0 0 0 0 0 0 0 0
1499701064 746274 0 34368 16180 5006 0 0 2527 750 0 0 0 0 0 0 0 0 0 0
1500564425 746284 0 34368 16180 5006 0 0 2527 750 0 0 0 0 0 0 0 0 0 0
1500572190 746310 0 34368 16180 5006 0 0 2527 750 0 0 0 0 0 0 0 0 0 0
1501959854 746528 0 34368 16180 5006 0 0 2527 750 0 0 0 0 0 0 0 0 0 0
1502128858 746627 0 34368 16180 5006 0 0 2527 750 0 0 0 0 0 0 0 0 0 0
1505653060 746627 0 34393 16180 5006 0 0 2527 750 0 0 0 0 0 0 0 0 0 0
1506801035 746627 0 34410 16180 5006 0 0 2527 750 0 0 0 0 0 0 0 0 0 0
1508963827 746627 0 34418 16180 5006 0 0 2527 750 0 0 0 0 0 0 0 0 0 0
1511449268 746636 0 34418 16180 5006 0 0 2527 750 0 0 0 0 0 0 0 0 0 0
1511456236 746643 0 34418 16180 5006 0 0 2527 750 0 0 0 0 0 0 0 0 0 0
1514313810 746653 0 34418 16180 5006 0 0 2527 750 0 0 0 0 0 0 0 0 0 0
1515449839 746653 0 34465 16180 5006 0 0 2527 750 0 0 0 0 0 0 0 0 0 0
1515449850 746653 0 34481 16180 5006 0 0 2527 750 0 0 0 0 0 0 0 0 0 0
1515449860 746653 0 34490 16180 5006 0 0 2527 750 0 0 0 0 0 0 0 0 0 0
1515522560 746685 0 34490 16180 5006 0 0 2527 750 0 0 0 0 0 0 0 0 0 0
1515679290 746691 0 34490 16180 5006 0 0 2527 750 0 0 0 0 0 0 0 0 0 0
1515680643 746701 0 34490 16180 5006 0 0 2527 750 0 0 0 0 0 0 0 0 0 0
1515682946 746732 0 34490 16180 5006 0 0 2527 750 0 0 0 0 0 0 0 0 0 0
1515688665 746738 0 34490 16180 5006 0 0 2527 750 0 0 0 0 0 0 0 0 0 0
1516031205 746740 0 34490 16180 5006 0 0 2527 750 0 0 0 0 0 0 0 0 0 0
1516039738 746787 0 34490 16180 5006 0 0 2527 750 0 0 0 0 0 0 0 0 0 0
1516642434 746815 0 34490 16180 5006 0 0 2527 750 0 0 0 0 0 0 0 0 0 0
1517582207 746819 0 34490 16180 5006 0 0 2527 750 0 0 0 0 0 0 0 0 0 0
1517583846 746825 0 34490 16180 5006 0 0 2527 750 0 0 0 0 0 0 0 0 0 0
1517586634 746837 0 34490 16180 5006 0 0 2527 750 0 0 0 0 0 0 0 0 0 0
1517844453 746979 0 34490 16180 5006 0 0 2527 750 0 0 0 0 0 0 0 0 0 0
1517850049 747052 0 34490 16180 5006 0 0 2527 750 0 0 0 0 0 0 0 0 0 0
1518201119 747227 0 34490 16180 5006 0 0 2527 750 0 0 0 0 0 0 0 0 0 0
1518284964 747235 0 34490 16180 5006 0 0 2527 750 0 0 0 0 0 0 0 0 0 0
1518288079 747250 0 34490 16180 5006 0 0 2527 750 0 0 0 0 0 0 0 0 0 0
1518290680 747261 0 34490 16180 5006 0 0 2527 750 0 0 0 0 0 0 0 0 0 0
1518446952 747295 0 34490 16180 5006 0 0 2527 750 0 0 0 0 0 0 0 0 0 0
1518450073 747304 0 34490 16180 5006 0 0 2527 750 0 0 0 0 0 0 0 0 0 0
1518453680 747330 0 34490 16180 5006 0 0 2527 750 0 0 0 0 0 0 0 0 0 0
1518879011 747334 0 34490 16180 5006 0 0 2527 750 0 0 0 0 0 0 0 0 0 0
1518883105 747343 0 34490 16180 5006 0 0 2527 750 0 0 0 0 0 0 0 0 0 0
1519148337 747347 0 34490 16180 5006 0 0 2527 750 0 0 0 0 0 0 0 0 0 0
1519151558 747368 0 34490 16180 5006 0 0 2527 750 0 0 0 0 0 0 0 0 0 0
1519154752 747441 0 34490 16180 5006 0 0 2527 750 0 0 0 0 0 0 0 0 0 0
1519239137 747441 0 34490 16180 5006 0 0 2527 750 0 0 0 0 0 0 0 0 0 0
1519242665 747451 0 34490 16180 5006 0 0 2527 750 0 0 0 0 0 0 0 0 0 0
1519243928 747462 0 34490 16180 5006 0 0 2527 750 0 0 0 0 0 0 0 0 0 0
1519245906 747471 0 34490 16180 5006 0 0 2527 750 0 0 0 0 0 0 0 0 0 0
1519247782 747487 0 34490 16180 5006 0 0 2527 750 0 0 0 0 0 0 0 0 0 0
1519495088 747509 0 34490 16180 5006 0 0 2527 750 0 0 0 0 0 0 0 0 0 0
1519496856 747557 0 34490 16180 5006 0 0 2527 750 0 0 0 0 0 0 0 0 0 0
1519498513 747571 0 34490 16180 5006 0 0 2527 750 0 0 0 0 0 0 0 0 0 0
1519566488 747574 0 34490 16180 5006 0 0 2527 750 0 0 0 0 0 0 0 0 0 0
1519568360 747585 0 34490 16180 5006 0 0 2527 750 0 0 0 0 0 0 0 0 0 0
1519577773 747590 0 34490 16180 5006 0 0 2527 750 0 0 0 0 0 0 0 0 0 0
1519579906 747599 0 34490 16180 5006 0 0 2527 750 0 0 0 0 0 0 0 0 0 0
1519639983 747607 0 34490 16180 5006 0 0 2527 750 0 0 0 0 0 0 0 0 0 0
1519646952 747613 0 34490 16180 5006 0 0 2527 750 0 0 0 0 0 0 0 0 0 0
1519654070 747616 0 34490 16180 5006 0 0 2527 750 0 0 0 0 0 0 0 0 0 0
1519657857 747625 0 34490 16180 5006 0 0 2527 750 0 0 0 0 0 0 0 0 0 0
1519758317 747631 0 34490 16180 5006 0 0 2527 750 0 0 0 0 0 0 0 0 0 0
1520244868 747761 0 34490 16180 5006 0 0 2527 750 0 0 0 0 0 0 0 0 0 0
1520266856 747776 0 34490 16180 5006 0 0 2527 750 0 0 0 0 0 0 0 0 0 0
1520594865 747801 0 34490 16180 5006 0 0 2527 750 0 0 0 0 0 0 0 0 0 0
1520601349 747892 0 34490 16180 5006 0 0 2527 750 0 0 0 0 0 0 0 0 0 0
1520777876 747926 0 34490 16180 5006 0 0 2527 750 0 0 0 0 0 0 0 0 0 0
1520779660 747941 0 34490 16180 5006 0 0 2527 750 0 0 0 0 0 0 0 0 0 0
1520781528 747957 0 34490 16180 5006 0 0 2527 750 0 0 0 0 0 0 0 0 0 0
1520865023 747959 0 34490 16180 5006 0 0 2527 750 0 0 0 0 0 0 0 0 0 0
1521031908 748140 0 34490 16180 5006 0 0 2527 750 0 0 0 0 0 0 0 0 0 0
1521216207 748157 0 34490 16180 5006 0 0 2527 750 0 0 0 0 0 0 0 0 0 0
1521393137 748170 0 34490 16180 5006 0 0 2527 750 0 0 0 0 0 0 0 0 0 0
1521396169 748170 0 34498 16180 5006 0 0 2527 750 0 0 0 0 0 0 0 0 0 0
1521461472 748230 0 34498 16180 5006 0 0 2527 750 0 0 0 0 0 0 0 0 0 0
1521571616 748240 0 34498 16180 5006 0 0 2527 750 0 0 0 0 0 0 0 0 0 0
1521573230 748240 0 34498 16180 5006 0 0 2527 750 0 0 0 0 0 0 0 0 0 0
1521824356 748253 0 34498 16180 5006 0 0 2527 750 0 0 0 0 0 0 0 0 0 0
1521826258 748270 0 34498 16180 5006 0 0 2527 750 0 0 0 0 0 0 0 0 0 0
1521898735 748305 0 34498 16180 5006 0 0 2527 750 0 0 0 0 0 0 0 0 0 0
1521900759 748566 0 34498 16180 5006 0 0 2527 750 0 0 0 0 0 0 0 0 0 0
1521956073 748566 17 34498 16180 5006 0 0 2527 750 0 0 0 0 0 0 0 0 0 0
1521985684 748575 17 34498 16180 5006 0 0 2527 750 0 0 0 0 0 0 0 0 0 0
1521989058 748702 17 34498 16180 5006 0 0 2527 750 0 0 0 0 0 0 0 0 0 0
1521991582 748702 17 34506 16180 5006 0 0 2527 750 0 0 0 0 0 0 0 0 0 0
1522057194 748723 17 34506 16180 5006 0 0 2527 750 0 0 0 0 0 0 0 0 0 0
1522063396 748723 79 34506 16180 5006 0 0 2527 750 0 0 0 0 0 0 0 0 0 0
1522132580 748723 91 34506 16180 5006 0 0 2527 750 0 0 0 0 0 0 0 0 0 0
1522324356 748762 91 34506 16180 5006 0 0 2527 750 0 0 0 0 0 0 0 0 0 0
1522328148 748762 105 34506 16180 5006 0 0 2527 750 0 0 0 0 0 0 0 0 0 0
1522328487 748762 112 34506 16180 5006 0 0 2527 750 0 0 0 0 0 0 0 0 0 0
1522340883 748865 112 34506 16180 5006 0 0 2527 750 0 0 0 0 0 0 0 0 0 0
1522760890 748878 112 34506 16180 5006 0 0 2527 750 0 0 0 0 0 0 0 0 0 0
1522762669 748902 112 34506 16180 5006 0 0 2527 750 0 0 0 0 0 0 0 0 0 0
1522764781 748909 112 34506 16180 5006 0 0 2527 750 0 0 0 0 0 0 0 0 0 0
1522767428 748945 112 34506 16180 5006 0 0 2527 750 0 0 0 0 0 0 0 0 0 0
1522771790 749215 112 34506 16180 5006 0 0 2527 750 0 0 0 0 0 0 0 0 0 0
1522803371 749215 154 34506 16180 5006 0 0 2527 750 0 0 0 0 0 0 0 0 0 0
1522850669 749231 154 34506 16180 5006 0 0 2527 750 0 0 0 0 0 0 0 0 0 0
1522853059 749254 154 34506 16180 5006 0 0 2527 750 0 0 0 0 0 0 0 0 0 0
1522855687 749266 154 34506 16180 5006 0 0 2527 750 0 0 0 0 0 0 0 0 0 0
1522954913 749294 154 34506 16180 5006 0 0 2527 750 0 0 0 0 0 0 0 0 0 0
1523561756 749294 154 34549 16180 5006 0 0 2527 750 0 0 0 0 0 0 0 0 0 0
1524081821 749332 154 34549 16180 5006 0 0 2527 750 0 0 0 0 0 0 0 0 0 0
1524533262 749332 339 34549 16180 5006 0 0 2527 750 0 0 0 0 0 0 0 0 0 0
1524559105 749332 366 34549 16180 5006 0 0 2527 750 0 0 0 0 0 0 0 0 0 0
1524559927 749332 410 34549 16180 5006 0 0 2527 750 0 0 0 0 0 0 0 0 0 0
1524619090 749332 449 34549 16180 5006 0 0 2527 750 0 0 0 0 0 0 0 0 0 0
1524619230 749332 468 34549 16180 5006 0 0 2527 750 0 0 0 0 0 0 0 0 0 0
1524620278 749332 486 34549 16180 5006 0 0 2527 750 0 0 0 0 0 0 0 0 0 0
1524620571 749332 500 34549 16180 5006 0 0 2527 750 0 0 0 0 0 0 0 0 0 0
1524622544 749332 628 34549 16180 5006 0 0 2527 750 0 0 0 0 0 0 0 0 0 0
1524623209 749332 760 34549 16180 5006 0 0 2527 750 0 0 0 0 0 0 0 0 0 0
1524759783 749337 760 34549 16180 5006 0 0 2527 750 0 0 0 0 0 0 0 0 0 0
1524763346 749347 760 34549 16180 5006 0 0 2527 750 0 0 0 0 0 0 0 0 0 0
1524854233 749354 760 34549 16180 5006 0 0 2527 750 0 0 0 0 0 0 0 0 0 0
1525456433 749405 760 34549 16180 5006 0 0 2527 750 0 0 0 0 0 0 0 0 0 0
1525687485 749525 760 34549 16180 5006 0 0 2527 750 0 0 0 0 0 0 0 0 0 0
1525687642 749525 760 34549 16180 5006 0 0 2527 750 0 0 0 0 0 0 0 0 0 0
1525690841 749538 760 34549 16180 5006 0 0 2527 750 0 0 0 0 0 0 0 0 0 0
1526046957 749545 760 34549 16180 5006 0 0 2527 750 0 0 0 0 0 0 0 0 0 0
1526048889 749583 760 34549 16180 5006 0 0 2527 750 0 0 0 0 0 0 0 0 0 0
1526058264 749600 760 34549 16180 5006 0 0 2527 750 0 0 0 0 0 0 0 0 0 0
1526132980 750364 760 34549 16180 5006 0 0 2527 750 0 0 0 0 0 0 0 0 0 0
1526136295 750388 760 34549 16180 5006 0 0 2527 750 0 0 0 0 0 0 0 0 0 0
1526400660 750441 760 34549 16180 5006 0 0 2527 750 0 0 0 0 0 0 0 0 0 0
1526402909 750466 760 34549 16180 5006 0 0 2527 750 0 0 0 0 0 0 0 0 0 0
1526569774 750477 760 34549 16180 5006 0 0 2527 750 0 0 0 0 0 0 0 0 0 0
1526572085 750516 760 34549 16180 5006 0 0 2527 750 0 0 0 0 0 0 0 0 0 0
1526650521 750618 760 34549 16180 5006 0 0 2527 750 0 0 0 0 0 0 0 0 0 0
1526652053 750625 760 34549 16180 5006 0 0 2527 750 0 0 0 0 0 0 0 0 0 0
1526827724 750836 760 34549 16180 5006 0 0 2527 750 0 0 0 0 0 0 0 0 0 0
1526897283 750850 760 34549 16180 5006 0 0 2527 750 0 0 0 0 0 0 0 0 0 0
1527013368 750881 760 34549 16180 5006 0 0 2527 750 0 0 0 0 0 0 0 0 0 0
1527255398 750914 760 34549 16180 5006 0 0 2527 750 0 0 0 0 0 0 0 0 0 0
1527432657 750926 760 34549 16180 5006 0 0 2527 750 0 0 0 0 0 0 0 0 0 0
1527434928 750931 760 34549 16180 5006 0 0 2527 750 0 0 0 0 0 0 0 0 0 0
1527436307 750946 760 34549 16180 5006 0 0 2527 750 0 0 0 0 0 0 0 0 0 0
1527502258 750960 760 34549 16180 5006 0 0 2527 750 0 0 0 0 0 0 0 0 0 0
1527508935 750978 760 34549 16180 5006 0 0 2527 750 0 0 0 0 0 0 0 0 0 0
1527690956 750994 760 34549 16180 5006 0 0 2527 750 0 0 0 0 0 0 0 0 0 0
1527704094 751159 760 34549 16180 5006 0 0 2527 750 0 0 0 0 0 0 0 0 0 0
1527862533 751168 760 34549 16180 5006 0 0 2527 750 0 0 0 0 0 0 0 0 0 0
1527950761 751186 760 34549 16180 5006 0 0 2527 750 0 0 0 0 0 0 0 0 0 0
1527952943 751200 760 34549 16180 5006 0 0 2527 750 0 0 0 0 0 0 0 0 0 0
1527958229 751212 760 34549 16180 5006 0 0 2527 750 0 0 0 0 0 0 0 0 0 0
1528037295 751256 760 34549 16180 5006 0 0 2527 750 0 0 0 0 0 0 0 0 0 0
1528106183 751281 760 34549 16180 5006 0 0 2527 750 0 0 0 0 0 0 0 0 0 0
1528111304 751296 760 34549 16180 5006 0 0 2527 750 0 0 0 0 0 0 0 0 0 0
1528112857 751296 794 34549 16180 5006 0 0 2527 750 0 0 0 0 0 0 0 0 0 0
1528379069 751302 794 34549 16180 5006 0 0 2527 750 0 0 0 0 0 0 0 0 0 0
1528381514 751329 794 34549 16180 5006 0 0 2527 750 0 0 0 0 0 0 0 0 0 0
1528637700 751335 794 34549 16180 5006 0 0 2527 750 0 0 0 0 0 0 0 0 0 0
1528639733 751354 794 34549 16180 5006 0 0 2527 750 0 0 0 0 0 0 0 0 0 0
1528718888 751354 825 34549 16180 5006 0 0 2527 750 0 0 0 0 0 0 0 0 0 0
1528722564 751371 825 34549 16180 5006 0 0 2527 750 0 0 0 0 0 0 0 0 0 0
1528726341 751371 841 34549 16180 5006 0 0 2527 750 0 0 0 0 0 0 0 0 0 0
1528826366 751371 841 34549 16180 5006 0 0 2527 750 0 0 0 0 0 0 0 0 0 0
1528835261 751529 841 34549 16180 5006 0 0 2527 750 0 0 0 0 0 0 0 0 0 0
1528890140 751529 857 34549 16180 5006 0 0 2527 750 0 0 0 0 0 0 0 0 0 0
1528933991 751529 873 34549 16180 5006 0 0 2527 750 0 0 0 0 0 0 0 0 0 0
1529075540 751543 873 34549 16180 5006 0 0 2527 750 0 0 0 0 0 0 0 0 0 0
1529330759 751581 873 34549 16180 5006 0 0 2527 750 0 0 0 0 0 0 0 0 0 0
1529682814 751624 873 34549 16180 5006 0 0 2527 750 0 0 0 0 0 0 0 0 0 0
1529844689 751645 873 34549 16180 5006 0 0 2527 750 0 0 0 0 0 0 0 0 0 0
1529846876 751660 873 34549 16180 5006 0 0 2527 750 0 0 0 0 0 0 0 0 0 0
1529846962 751662 873 34549 16180 5006 0 0 2527 750 0 0 0 0 0 0 0 0 0 0
1529848521 751691 873 34549 16180 5006 0 0 2527 750 0 0 0 0 0 0 0 0 0 0
1529951005 751723 873 34549 16180 5006 0 0 2527 750 0 0 0 0 0 0 0 0 0 0
1529971328 751723 886 34549 16180 5006 0 0 2527 750 0 0 0 0 0 0 0 0 0 0
1530032028 751729 886 34549 16180 5006 0 0 2527 750 0 0 0 0 0 0 0 0 0 0
1530105733 751731 886 34549 16180 5006 0 0 2527 750 0 0 0 0 0 0 0 0 0 0
1530192387 751760 886 34549 16180 5006 0 0 2527 750 0 0 0 0 0 0 0 0 0 0
1530196629 751775 886 34549 16180 5006 0 0 2527 750 0 0 0 0 0 0 0 0 0 0
1530677343 751775 886 34703 16180 5006 0 0 2527 750 0 0 0 0 0 0 0 0 0 0
1530729667 751776 886 34703 16180 5006 0 0 2527 750 0 0 0 0 0 0 0 0 0 0
1530731076 751785 886 34703 16180 5006 0 0 2527 750 0 0 0 0 0 0 0 0 0 0
1530732909 751818 886 34703 16180 5006 0 0 2527 750 0 0 0 0 0 0 0 0 0 0
1531313526 751818 894 34703 16180 5006 0 0 2527 750 0 0 0 0 0 0 0 0 0 0
1531432656 751818 894 34716 16180 5006 0 0 2527 750 0 0 0 0 0 0 0 0 0 0
1531483885 751818 920 34716 16180 5006 0 0 2527 750 0 0 0 0 0 0 0 0 0 0
1531484076 751818 925 34716 16180 5006 0 0 2527 750 0 0 0 0 0 0 0 0 0 0
1531943280 751818 925 34716 16180 5006 0 0 2532 750 0 0 0 0 0 0 0 0 0 0
1532271185 751893 925 34716 16180 5006 0 0 2532 750 0 0 0 0 0 0 0 0 0 0
1532302671 751926 925 34716 16180 5006 0 0 2532 750 0 0 0 0 0 0 0 0 0 0
1532437719 751934 925 34716 16180 5006 0 0 2532 750 0 0 0 0 0 0 0 0 0 0
1533938945 751942 925 34716 16180 5006 0 0 2532 750 0 0 0 0 0 0 0 0 0 0
1534785673 751976 925 34716 16180 5006 0 0 2532 750 0 0 0 0 0 0 0 0 0 0
1536758372 751982 925 34716 16180 5006 0 0 2532 750 0 0 0 0 0 0 0 0 0 0
1536764545 752047 925 34716 16180 5006 0 0 2532 750 0 0 0 0 0 0 0 0 0 0
1537110706 752084 925 34716 16180 5006 0 0 2532 750 0 0 0 0 0 0 0 0 0 0
1537117785 752095 925 34716 16180 5006 0 0 2532 750 0 0 0 0 0 0 0 0 0 0
1537181920 752106 925 34716 16180 5006 0 0 2532 750 0 0 0 0 0 0 0 0 0 0
1539693199 752106 930 34716 16180 5006 0 0 2532 750 0 0 0 0 0 0 0 0 0 0
1540050751 752108 930 34716 16180 5006 0 0 2532 750 0 0 0 0 0 0 0 0 0 0
1540053046 752116 930 34716 16180 5006 0 0 2532 750 0 0 0 0 0 0 0 0 0 0
1540055189 752152 930 34716 16180 5006 0 0 2532 750 0 0 0 0 0 0 0 0 0 0
1540086393 752152 936 34716 16180 5006 0 0 2532 750 0 0 0 0 0 0 0 0 0 0
1540550481 752152 940 34716 16180 5006 0 0 2532 750 0 0 0 0 0 0 0 0 0 0
1540605533 752152 947 34716 16180 5006 0 0 2532 750 0 0 0 0 0 0 0 0 0 0
1542203869 752152 959 34716 16180 5006 0 0 2532 750 0 0 0 0 0 0 0 0 0 0
1542539015 752152 977 34716 16180 5006 0 0 2532 750 0 0 0 0 0 0 0 0 0 0
1542604308 752152 979 34716 16180 5006 0 0 2532 750 0 0 0 0 0 0 0 0 0 0
1542691305 752152 989 34716 16180 5006 0 0 2532 750 0 0 0 0 0 0 0 0 0 0
1542698764 752152 1003 34716 16180 5006 0 0 2532 750 0 0 0 0 0 0 0 0 0 0
1542777956 752152 1004 34716 16180 5006 0 0 2532 750 0 0 0 0 0 0 0 0 0 0
1542848656 752152 1028 34716 16180 5006 0 0 2532 750 0 0 0 0 0 0 0 0 0 0
1542869635 752152 1033 34716 16180 5006 0 0 2532 750 0 0 0 0 0 0 0 0 0 0
1542910206 752223 1033 34716 16180 5006 0 0 2532 750 0 0 0 0 0 0 0 0 0 0
1543771281 752223 1033 34724 16180 5006 0 0 2532 750 0 0 0 0 0 0 0 0 0 0
1544069832 752223 1040 34724 16180 5006 0 0 2532 750 0 0 0 0 0 0 0 0 0 0
1544415461 752223 1063 34724 16180 5006 0 0 2532 750 0 0 0 0 0 0 0 0 0 0
1544784769 752223 1066 34724 16180 5006 0 0 2532 750 0 0 0 0 0 0 0 0 0 0
1545688732 752223 1066 34778 16180 5006 0 0 2532 750 0 0 0 0 0 0 0 0 0 0
1545688758 752223 1066 34790 16180 5006 0 0 2532 750 0 0 0 0 0 0 0 0 0 0
1545688778 752223 1066 34829 16180 5006 0 0 2532 750 0 0 0 0 0 0 0 0 0 0
1545688797 752223 1066 34889 16180 5006 0 0 2532 750 0 0 0 0 0 0 0 0 0 0
1545688816 752223 1066 34939 16180 5006 0 0 2532 750 0 0 0 0 0 0 0 0 0 0
1546798003 752223 1066 34941 16180 5006 0 0 2532 750 0 0 0 0 0 0 0 0 0 0
1546803131 752223 1066 34987 16180 5006 0 0 2532 750 0 0 0 0 0 0 0 0 0 0
1547568785 756562 1066 34987 16180 5006 0 0 2532 750 0 0 0 0 0 0 0 0 0 0
1547572540 756570 1066 34987 16180 5006 0 0 2532 750 0 0 0 0 0 0 0 0 0 0
1547822289 756585 1066 34987 16180 5006 0 0 2532 750 0 0 0 0 0 0 0 0 0 0
1547823752 757196 1066 34987 16180 5006 0 0 2532 750 0 0 0 0 0 0 0 0 0 0
1547830396 757220 1066 34987 16180 5006 0 0 2532 750 0 0 0 0 0 0 0 0 0 0
1547992136 757227 1066 34987 16180 5006 0 0 2532 750 0 0 0 0 0 0 0 0 0 0
1547995408 757289 1066 34987 16180 5006 0 0 2532 750 0 0 0 0 0 0 0 0 0 0
1548024341 757289 1066 34998 16180 5006 0 0 2532 750 0 0 0 0 0 0 0 0 0 0
1548024372 757289 1066 35011 16180 5006 0 0 2532 750 0 0 0 0 0 0 0 0 0 0
1548120140 757289 1081 35011 16180 5006 0 0 2532 750 0 0 0 0 0 0 0 0 0 0
1548120602 757289 1088 35011 16180 5006 0 0 2532 750 0 0 0 0 0 0 0 0 0 0
1548294546 757289 1108 35011 16180 5006 0 0 2532 750 0 0 0 0 0 0 0 0 0 0
1548334253 757289 1108 35012 16180 5006 0 0 2532 750 0 0 0 0 0 0 0 0 0 0
1548446783 757320 1108 35012 16180 5006 0 0 2532 750 0 0 0 0 0 0 0 0 0 0
1548449097 757377 1108 35012 16180 5006 0 0 2532 750 0 0 0 0 0 0 0 0 0 0
1548649094 757377 1155 35012 16180 5006 0 0 2532 750 0 0 0 0 0 0 0 0 0 0
1548811760 757377 1167 35012 16180 5006 0 0 2532 750 0 0 0 0 0 0 0 0 0 0
1549026450 757416 1167 35012 16180 5006 0 0 2532 750 0 0 0 0 0 0 0 0 0 0
1549130525 757446 1167 35012 16180 5006 0 0 2532 750 0 0 0 0 0 0 0 0 0 0
1550527697 757446 1167 35017 16180 5006 0 0 2532 750 0 0 0 0 0 0 0 0 0 0
1550774209 757451 1167 35017 16180 5006 0 0 2532 750 0 0 0 0 0 0 0 0 0 0
1551130225 757451 1167 35029 16180 5006 0 0 2532 750 0 0 0 0 0 0 0 0 0 0
1555236984 757451 1172 35029 16180 5006 0 0 2532 750 0 0 0 0 0 0 0 0 0 0
1555498070 757451 1203 35029 16180 5006 0 0 2532 750 0 0 0 0 0 0 0 0 0 0
1555498151 757451 1216 35029 16180 5006 0 0 2532 750 0 0 0 0 0 0 0 0 0 0
1555498248 757451 1227 35029 16180 5006 0 0 2532 750 0 0 0 0 0 0 0 0 0 0
1555827953 757451 1236 35029 16180 5006 0 0 2532 750 0 0 0 0 0 0 0 0 0 0
1557145904 757451 1421 35029 16180 5006 0 0 2532 750 0 0 0 0 0 0 0 0 0 0
1557146124 757451 1482 35029 16180 5006 0 0 2532 750 0 0 0 0 0 0 0 0 0 0
1558460996 757462 1482 35029 16180 5006 0 0 2532 750 0 0 0 0 0 0 0 0 0 0
1558461155 757468 1482 35029 16180 5006 0 0 2532 750 0 0 0 0 0 0 0 0 0 0
1559566493 757484 1482 35029 16180 5006 0 0 2532 750 0 0 0 0 0 0 0 0 0 0
1559571629 757710 1482 35029 16180 5006 0 0 2532 750 0 0 0 0 0 0 0 0 0 0
1559575599 757794 1482 35029 16180 5006 0 0 2532 750 0 0 0 0 0 0 0 0 0 0
1559730855 757794 1489 35029 16180 5006 0 0 2532 750 0 0 0 0 0 0 0 0 0 0
1559836003 757801 1489 35029 16180 5006 0 0 2532 750 0 0 0 0 0 0 0 0 0 0
1561242225 757806 1489 35029 16180 5006 0 0 2532 750 0 0 0 0 0 0 0 0 0 0
1561357516 757806 1491 35029 16180 5006 0 0 2532 750 0 0 0 0 0 0 0 0 0 0
1561598416 757806 1501 35029 16180 5006 0 0 2532 750 0 0 0 0 0 0 0 0 0 0
1561682949 757806 1507 35029 16180 5006 0 0 2532 750 0 0 0 0 0 0 0 0 0 0
1561684025 757806 1520 35029 16180 5006 0 0 2532 750 0 0 0 0 0 0 0 0 0 0
1563377211 757808 1520 35029 16180 5006 0 0 2532 750 0 0 0 0 0 0 0 0 0 0
1563378673 757816 1520 35029 16180 5006 0 0 2532 750 0 0 0 0 0 0 0 0 0 0
1563380502 757823 1520 35029 16180 5006 0 0 2532 750 0 0 0 0 0 0 0 0 0 0
1563385834 757887 1520 35029 16180 5006 0 0 2532 750 0 0 0 0 0 0 0 0 0 0
1563471821 758031 1520 35029 16180 5006 0 0 2532 750 0 0 0 0 0 0 0 0 0 0
1563643436 758101 1520 35029 16180 5006 0 0 2532 750 0 0 0 0 0 0 0 0 0 0
1563665541 758101 1526 35029 16180 5006 0 0 2532 750 0 0 0 0 0 0 0 0 0 0
1563711912 758150 1526 35029 16180 5006 0 0 2532 750 0 0 0 0 0 0 0 0 0 0
1563839307 758150 1537 35029 16180 5006 0 0 2532 750 0 0 0 0 0 0 0 0 0 0
1563839672 758150 1562 35029 16180 5006 0 0 2532 750 0 0 0 0 0 0 0 0 0 0
1563839944 758150 1689 35029 16180 5006 0 0 2532 750 0 0 0 0 0 0 0 0 0 0
1563840165 758150 1695 35029 16180 5006 0 0 2532 750 0 0 0 0 0 0 0 0 0 0
1564020252 758150 1717 35029 16180 5006 0 0 2532 750 0 0 0 0 0 0 0 0 0 0
1564020391 758150 1725 35029 16180 5006 0 0 2532 750 0 0 0 0 0 0 0 0 0 0
1564236641 758150 1746 35029 16180 5006 0 0 2532 750 0 0 0 0 0 0 0 0 0 0
1564237559 758150 1747 35029 16180 5006 0 0 2532 750 0 0 0 0 0 0 0 0 0 0
1564404568 758150 1758 35029 16180 5006 0 0 2532 750 0 0 0 0 0 0 0 0 0 0
1564404735 758150 1763 35029 16180 5006 0 0 2532 750 0 0 0 0 0 0 0 0 0 0
1564405149 758150 1768 35029 16180 5006 0 0 2532 750 0 0 0 0 0 0 0 0 0 0
1564405647 758150 1781 35029 16180 5006 0 0 2532 750 0 0 0 0 0 0 0 0 0 0
1564405772 758150 1802 35029 16180 5006 0 0 2532 750 0 0 0 0 0 0 0 0 0 0
1566153241 758150 1802 35029 16180 5087 0 0 2532 750 0 0 0 0 0 0 0 0 0 0
1567066781 758150 1802 35029 16180 5092 0 0 2532 750 0 0 0 0 0 0 0 0 0 0
1574108567 758150 1802 36272 16180 5092 0 0 2532 750 0 0 0 0 0 0 0 0 0 0
1574524461 758154 1802 36272 16180 5092 0 0 2532 750 0 0 0 0 0 0 0 0 0 0
1576271583 758154 1802 36273 16180 5092 0 0 2532 750 0 0 0 0 0 0 0 0 0 0
1577762149 758154 1826 36273 16180 5092 0 0 2532 750 0 0 0 0 0 0 0 0 0 0
1577762259 758154 1831 36273 16180 5092 0 0 2532 750 0 0 0 0 0 0 0 0 0 0
1578584705 758161 1831 36273 16180 5092 0 0 2532 750 0 0 0 0 0 0 0 0 0 0
1578586025 758167 1831 36273 16180 5092 0 0 2532 750 0 0 0 0 0 0 0 0 0 0
1580232045 758167 1831 36273 16180 5112 0 0 2532 750 0 0 0 0 0 0 0 0 0 0
1580737789 758168 1831 36273 16180 5112 0 0 2532 750 0 0 0 0 0 0 0 0 0 0
1580738618 758175 1831 36273 16180 5112 0 0 2532 750 0 0 0 0 0 0 0 0 0 0
1580825120 758236 1831 36273 16180 5112 0 0 2532 750 0 0 0 0 0 0 0 0 0 0
1580825905 758260 1831 36273 16180 5112 0 0 2532 750 0 0 0 0 0 0 0 0 0 0
1581086107 758272 1831 36273 16180 5112 0 0 2532 750 0 0 0 0 0 0 0 0 0 0
1581264226 758281 1831 36273 16180 5112 0 0 2532 750 0 0 0 0 0 0 0 0 0 0
1581265602 758291 1831 36273 16180 5112 0 0 2532 750 0 0 0 0 0 0 0 0 0 0
1581268267 758308 1831 36273 16180 5112 0 0 2532 750 0 0 0 0 0 0 0 0 0 0
1581876570 758308 1831 36282 16180 5112 0 0 2532 750 0 0 0 0 0 0 0 0 0 0
1582287991 758314 1831 36282 16180 5112 0 0 2532 750 0 0 0 0 0 0 0 0 0 0
1582288860 758452 1831 36282 16180 5112 0 0 2532 750 0 0 0 0 0 0 0 0 0 0
1582900107 758468 1831 36282 16180 5112 0 0 2532 750 0 0 0 0 0 0 0 0 0 0
1582900861 758474 1831 36282 16180 5112 0 0 2532 750 0 0 0 0 0 0 0 0 0 0
1582984696 758487 1831 36282 16180 5112 0 0 2532 750 0 0 0 0 0 0 0 0 0 0
1582991470 758501 1831 36282 16180 5112 0 0 2532 750 0 0 0 0 0 0 0 0 0 0
1583158085 758521 1831 36282 16180 5112 0 0 2532 750 0 0 0 0 0 0 0 0 0 0
1583160949 758751 1831 36282 16180 5112 0 0 2532 750 0 0 0 0 0 0 0 0 0 0
1583162095 758751 1831 36282 16180 5112 0 0 2532 750 0 0 0 0 0 0 0 0 0 0
1583167230 758784 1831 36282 16180 5112 0 0 2532 750 0 0 0 0 0 0 0 0 0 0
1583264293 758791 1831 36282 16180 5112 0 0 2532 750 0 0 0 0 0 0 0 0 0 0
1583341229 758862 1831 36282 16180 5112 0 0 2532 750 0 0 0 0 0 0 0 0 0 0
1583343573 758886 1831 36282 16180 5112 0 0 2532 750 0 0 0 0 0 0 0 0 0 0
1583343625 758895 1831 36282 16180 5112 0 0 2532 750 0 0 0 0 0 0 0 0 0 0
1583344565 758900 1831 36282 16180 5112 0 0 2532 750 0 0 0 0 0 0 0 0 0 0
1583502308 758910 1831 36282 16180 5112 0 0 2532 750 0 0 0 0 0 0 0 0 0 0
1583504238 758924 1831 36282 16180 5112 0 0 2532 750 0 0 0 0 0 0 0 0 0 0
1583505231 758929 1831 36282 16180 5112 0 0 2532 750 0 0 0 0 0 0 0 0 0 0
1583518604 759007 1831 36282 16180 5112 0 0 2532 750 0 0 0 0 0 0 0 0 0 0
1583589273 759037 1831 36282 16180 5112 0 0 2532 750 0 0 0 0 0 0 0 0 0 0
1583679511 759041 1831 36282 16180 5112 0 0 2532 750 0 0 0 0 0 0 0 0 0 0
1583680793 759143 1831 36282 16180 5112 0 0 2532 750 0 0 0 0 0 0 0 0 0 0
1583755752 759157 1831 36282 16180 5112 0 0 2532 750 0 0 0 0 0 0 0 0 0 0
1583756250 759165 1831 36282 16180 5112 0 0 2532 750 0 0 0 0 0 0 0 0 0 0
1583756800 759171 1831 36282 16180 5112 0 0 2532 750 0 0 0 0 0 0 0 0 0 0
1583864884 759210 1831 36282 16180 5112 0 0 2532 750 0 0 0 0 0 0 0 0 0 0
1583866340 759220 1831 36282 16180 5112 0 0 2532 750 0 0 0 0 0 0 0 0 0 0
1583942130 759272 1831 36282 16180 5112 0 0 2532 750 0 0 0 0 0 0 0 0 0 0
1584210663 759283 1831 36282 16180 5112 0 0 2532 750 0 0 0 0 0 0 0 0 0 0
1584211313 759292 1831 36282 16180 5112 0 0 2532 750 0 0 0 0 0 0 0 0 0 0
1584212160 759297 1831 36282 16180 5112 0 0 2532 750 0 0 0 0 0 0 0 0 0 0
1584212886 759308 1831 36282 16180 5112 0 0 2532 750 0 0 0 0 0 0 0 0 0 0
1584213825 759329 1831 36282 16180 5112 0 0 2532 750 0 0 0 0 0 0 0 0 0 0
1584545329 759345 1831 36282 16180 5112 0 0 2532 750 0 0 0 0 0 0 0 0 0 0
1584546556 759447 1831 36282 16180 5112 0 0 2532 750 0 0 0 0 0 0 0 0 0 0
1584711448 759457 1831 36282 16180 5112 0 0 2532 750 0 0 0 0 0 0 0 0 0 0
1585502950 759464 1831 36282 16180 5112 0 0 2532 750 0 0 0 0 0 0 0 0 0 0
1585504141 759481 1831 36282 16180 5112 0 0 2532 750 0 0 0 0 0 0 0 0 0 0
1585586404 759487 1831 36282 16180 5112 0 0 2532 750 0 0 0 0 0 0 0 0 0 0
1585587618 759499 1831 36282 16180 5112 0 0 2532 750 0 0 0 0 0 0 0 0 0 0
1585588164 759572 1831 36282 16180 5112 0 0 2532 750 0 0 0 0 0 0 0 0 0 0
1585588761 759574 1831 36282 16180 5112 0 0 2532 750 0 0 0 0 0 0 0 0 0 0
1585589645 759580 1831 36282 16180 5112 0 0 2532 750 0 0 0 0 0 0 0 0 0 0
1586197165 759590 1831 36282 16180 5112 0 0 2532 750 0 0 0 0 0 0 0 0 0 0
1586197989 759666 1831 36282 16180 5112 0 0 2532 750 0 0 0 0 0 0 0 0 0 0
1586432680 759676 1831 36282 16180 5112 0 0 2532 750 0 0 0 0 0 0 0 0 0 0
1586473275 759685 1831 36282 16180 5112 0 0 2532 750 0 0 0 0 0 0 0 0 0 0
1586903830 759685 1831 36290 16180 5112 0 0 2532 750 0 0 0 0 0 0 0 0 0 0
1587149909 759739 1831 36290 16180 5112 0 0 2532 750 0 0 0 0 0 0 0 0 0 0
1587151542 759748 1831 36290 16180 5112 0 0 2532 750 0 0 0 0 0 0 0 0 0 0
1587651731 759764 1831 36290 16180 5112 0 0 2532 750 0 0 0 0 0 0 0 0 0 0
1587718441 759877 1831 36290 16180 5112 0 0 2532 750 0 0 0 0 0 0 0 0 0 0
1587724895 759947 1831 36290 16180 5112 0 0 2532 750 0 0 0 0 0 0 0 0 0 0
1587741510 759950 1831 36290 16180 5112 0 0 2532 750 0 0 0 0 0 0 0 0 0 0
1587853755 759964 1831 36290 16180 5112 0 0 2532 750 0 0 0 0 0 0 0 0 0 0
1588259799 759985 1831 36290 16180 5112 0 0 2532 750 0 0 0 0 0 0 0 0 0 0
1589013717 759985 1831 36296 16180 5112 0 0 2532 750 0 0 0 0 0 0 0 0 0 0
1589997810 759985 1831 36296 16180 5112 0 2 2532 750 0 0 0 0 0 0 0 0 0 0
1591206623 759985 1831 36296 16180 5112 0 2 2532 750 0 0 0 0 0 0 0 0 0 0
1593278334 759985 1831 36392 16180 5112 0 2 2532 750 0 0 0 58 0 0 0 0 0 0
1593730630 759985 1831 36402 16180 5112 0 2 2532 750 0 0 0 58 0 0 0 0 0 0
1593958909 759985 1831 36404 16180 5112 0 2 2532 750 0 0 0 58 0 0 0 0 0 0
1594921273 760040 1831 36404 16180 5112 0 2 2532 750 0 0 0 58 0 0 0 0 0 0
1594999942 760179 1831 36404 16180 5112 0 2 2532 750 0 0 0 58 0 0 0 0 0 0
1595001703 760181 1831 36404 16180 5112 0 2 2532 750 0 0 0 58 0 0 0 0 0 0
1595198152 760191 1831 36404 16180 5112 0 2 2532 750 0 0 0 58 0 0 0 0 0 0
1595528744 760191 1831 36411 16180 5112 0 2 2532 750 0 0 0 58 0 0 0 0 0 0
1595943130 760207 1831 36411 16180 5112 0 2 2532 750 0 0 0 58 0 0 0 0 0 0
1596590273 760213 1831 36411 16180 5112 0 2 2532 750 0 0 0 58 0 0 0 0 0 0
1596652435 760213 1831 36523 16180 5112 0 2 2532 750 0 0 0 58 0 0 0 0 0 0
1597787784 760213 1831 36524 16180 5112 0 2 2532 750 0 0 0 58 0 0 0 0 0 0
1598703950 760219 1831 36531 16180 5112 0 2 2532 750 0 0 0 58 0 0 0 0 0 0
1598734545 760219 1831 36534 16180 5112 0 2 2532 750 0 0 0 58 0 0 0 0 0 0
1599093211 760226 1831 36534 16180 5112 0 2 2532 750 0 0 0 58 0 0 0 0 0 0
1599093263 760226 1831 36534 16180 5112 0 2 2532 750 0 0 0 58 0 0 0 0 0 0
1599747461 760247 1831 42028 16180 5112 0 2 2532 750 0 0 0 58 0 0 0 0 0 0
1599906620 760247 1831 42335 16180 5112 0 2 2532 750 0 0 0 58 0 0 0 0 0 0
1599906653 760247 1831 160077 16180 5112 0 2 2532 750 0 0 0 58 0 0 0 0 0 0
1601122865 760247 1831 163161 16180 5112 0 2 2532 750 0 0 0 58 0 0 0 0 0 0
1601129458 760247 1831 163203 16180 5112 0 2 2532 750 0 0 0 58 0 0 0 0 0 0
1601325593 760247 1831 163205 16180 5112 0 2 2532 750 0 0 0 58 0 0 0 0 0 0
1601326128 760247 1831 163210 16180 5112 0 2 2532 750 0 0 0 58 0 0 0 0 0 0
1601579755 760247 1831 163404 16180 5112 0 2 2532 750 0 0 0 58 0 0 0 0 0 0
1603536486 760247 1831 163407 16180 5112 0 2 2532 750 0 0 0 58 0 0 0 0 0 0
1603536529 760247 1831 163421 16180 5112 0 2 2532 750 0 0 0 58 0 0 0 0 0 0
1603734311 760252 1831 163421 16180 5112 0 2 2532 750 0 0 0 58 0 0 0 0 0 0
1605440814 760267 1831 163421 16180 5112 0 2 2532 750 0 0 0 58 0 0 0 0 0 0
1605456109 760272 1831 163421 16180 5112 0 2 2532 750 0 0 0 58 0 0 0 0 0 0
1605894137 760276 1831 163421 16180 5112 0 2 2532 750 0 0 0 58 0 0 0 0 0 0
1605942458 760276 1831 163423 16180 5112 0 2 2532 750 0 0 21 58 0 0 0 0 0 0
1606529609 760276 1850 163423 16180 5112 0 2 2532 750 0 0 21 58 0 0 0 0 0 0
1610013716 760276 1850 163423 16180 5112 0 26 2532 750 0 0 21 58 0 0 0 0 0 0
1610155270 760276 1850 163423 16180 5112 0 52 2532 750 0 0 21 58 0 0 0 0 0 0
1611259775 760310 1850 163423 16180 5112 0 52 2532 750 0 0 21 58 0 0 0 0 0 0
1611310311 760310 1850 163423 16180 5112 0 155 2532 750 0 0 21 58 0 0 0 0 0 0
1611333268 760310 1850 163423 16180 5112 0 208 2532 750 0 0 21 58 0 0 0 0 0 0
1611483105 760310 1850 163423 16180 5112 0 244 2532 750 0 0 21 58 0 0 0 0 0 0
1611585937 760792 1850 163423 16180 5112 0 248 2532 750 0 0 21 58 0 0 0 0 0 0
1611880238 760914 1850 163423 16180 5112 0 248 2532 750 0 0 21 58 0 0 0 0 0 0
1612219024 760920 1850 163423 16180 5112 0 248 2532 750 0 0 21 58 0 0 0 0 0 0
1612220438 760947 1850 163423 16180 5112 0 248 2532 750 0 0 21 58 0 0 0 0 0 0
1612223096 760948 1850 163423 16180 5112 0 248 2532 750 0 0 21 58 0 0 0 0 0 0
1613178370 761009 1850 163423 16180 5112 0 248 2532 750 0 0 21 58 0 0 0 0 0 0
1613220815 761016 1850 163423 16180 5112 0 248 2532 750 0 0 21 58 0 0 0 0 0 0
1613407425 761016 1850 163423 16180 5112 0 248 2532 750 0 0 21 58 0 0 0 0 0 0
1613416494 761017 1850 163423 16180 5112 0 248 2532 750 0 0 21 58 0 0 0 0 0 0
1613610281 761031 1850 163423 16180 5112 0 248 2532 750 0 0 21 58 0 0 0 0 0 0
1614079722 761031 1869 163423 16180 5112 0 248 2532 750 0 0 21 58 0 0 0 0 0 0
1614160912 761031 1902 163423 16180 5112 0 248 2532 750 0 0 21 58 0 0 0 0 0 0
1614349699 761049 1902 163423 16180 5112 0 248 2532 750 0 0 21 58 0 0 0 0 0 0
1614539054 761064 1902 163423 16180 5112 0 248 2532 750 0 0 21 58 0 0 0 0 0 0
1614633632 761088 1902 163423 16180 5112 0 248 2532 750 0 0 21 58 0 0 0 0 0 0
1614991144 761088 1902 163423 16180 5112 0 248 2532 750 0 7 21 58 0 0 0 0 0 0
1615051017 761088 1902 163438 16180 5112 0 248 2532 750 0 7 21 58 0 0 0 0 0 0
1615071449 761095 1902 163438 16180 5112 0 248 2532 750 0 7 21 58 0 0 0 0 0 0
1615071574 761100 1902 163438 16180 5112 0 248 2532 750 0 7 21 58 0 0 0 0 0 0
1615073014 761116 1902 163438 16180 5112 0 248 2532 750 0 7 21 58 0 0 0 0 0 0
1615165781 761125 1902 163438 16180 5112 0 248 2532 750 0 7 21 58 0 0 0 0 0 0
1615204144 761125 1903 163438 16180 5112 0 248 2532 750 0 7 21 58 0 0 0 0 0 0
1615204225 761125 1910 163438 16180 5112 0 248 2532 750 0 7 21 58 0 0 0 0 0 0
1615205078 761125 1921 163438 16180 5112 0 248 2532 750 0 7 21 58 0 0 0 0 0 0
1615219918 761139 1921 163438 16180 5112 0 248 2532 750 0 7 21 58 0 0 0 0 0 0
1615226838 761181 1921 163438 16180 5112 0 248 2532 750 0 7 21 58 0 0 0 0 0 0
1615286818 761181 1924 163438 16180 5112 0 248 2532 750 0 7 21 58 0 0 0 0 0 0
1615286875 761181 1957 163438 16180 5112 0 248 2532 750 0 7 21 58 0 0 0 0 0 0
1615470998 761181 1957 163438 16180 5112 0 248 2532 750 0 7 21 58 0 0 73 0 0 0
1615554436 761181 1995 163438 16180 5112 0 248 2532 750 0 7 21 58 0 0 73 0 0 0
1615720756 761181 2600 163438 16180 5112 0 248 2532 750 0 7 21 58 0 0 73 0 0 0
1615721097 761181 2635 163438 16180 5112 0 248 2532 750 0 7 21 58 0 0 73 0 0 0
1615722677 761181 2862 163438 16180 5112 0 248 2532 750 0 7 21 58 0 0 73 0 0 0
1615977216 761181 2868 163438 16180 5112 0 248 2532 750 0 7 21 58 0 0 73 0 0 0
1616011112 761188 2868 163438 16180 5112 0 248 2532 750 0 7 21 58 0 0 73 0 0 0
1616014471 761230 2868 163438 16180 5112 0 248 2532 750 0 7 21 58 0 0 73 0 0 0
1616148865 761230 2883 163438 16180 5112 0 248 2532 750 0 7 21 58 0 0 73 0 0 0
1616210227 761245 2883 163438 16180 5112 0 248 2532 750 0 7 21 58 0 0 73 0 0 0
1616246322 761254 2883 163438 16180 5112 0 248 2532 750 0 7 21 58 0 0 73 0 0 0
1616416679 761254 2926 163438 16180 5112 0 248 2532 750 0 7 21 58 0 0 73 0 0 0
1616512531 761254 2926 163438 16180 5112 0 248 2532 750 0 52 21 58 0 0 73 0 0 0
1616525722 761269 2926 163438 16180 5112 0 248 2532 750 0 52 21 58 0 0 73 0 0 0
1616529070 761351 2926 163438 16180 5112 0 248 2532 750 0 52 21 58 0 0 73 0 0 0
1616710063 761366 2926 163438 16180 5112 0 248 2532 750 0 52 21 58 0 0 73 0 0 0
1616854997 761375 2926 163438 16180 5112 0 248 2532 750 0 52 21 58 0 0 73 0 0 0
1616975842 761413 2926 163438 16180 5112 0 248 2532 750 0 52 21 58 0 0 73 0 0 0
1616977714 761424 2926 163438 16180 5112 0 248 2532 750 0 52 21 58 0 0 73 0 0 0
1617303159 761478 2926 163438 16180 5112 0 248 2532 750 0 52 21 58 0 0 73 0 0 0
1618590885 761483 2926 163438 16180 5112 0 248 2532 750 0 52 21 58 0 0 73 0 0 0
1618593084 761488 2926 163438 16180 5112 0 248 2532 750 0 52 21 58 0 0 73 0 0 0
1618594148 761530 2926 163438 16180 5112 0 248 2532 750 0 52 21 58 0 0 73 0 0 0
1618620904 761557 2926 163438 16180 5112 0 248 2532 750 0 52 21 58 0 0 73 0 0 0
1619231633 761654 2926 163438 16180 5112 0 248 2532 750 0 52 21 58 0 0 73 0 0 0
1624329545 761657 2926 163438 16180 5112 0 248 2532 750 0 52 21 58 0 0 73 0 0 0
1624470491 762194 2926 163438 16180 5112 0 248 2532 750 0 52 21 58 0 0 73 0 0 0
1624475247 762199 2926 163438 16180 5112 0 248 2532 750 0 52 21 58 0 0 73 0 0 0
1625008763 762205 2926 163438 16180 5112 0 248 2532 750 0 52 21 58 0 0 73 0 0 0
1628429731 762230 2926 163438 16180 5112 0 248 2532 750 0 52 21 58 0 0 73 0 0 0
1629728289 762243 2926 163438 16180 5112 0 248 2532 750 0 52 21 58 0 0 73 0 0 0
1629730067 762251 2926 163438 16180 5112 0 248 2532 750 0 52 21 58 0 0 73 0 0 0
1630055101 762251 2938 163438 16180 5112 0 248 2532 750 0 52 21 58 0 0 73 0 0 0
1632255065 762282 2938 164890 16180 5112 0 248 2532 750 0 52 21 58 0 0 73 0 0 0
1633447819 762306 2938 164890 16180 5112 0 248 2532 750 0 52 21 58 0 0 73 0 0 0
1633992848 762338 2938 164890 16180 5112 0 248 2532 750 0 52 21 58 0 0 73 0 0 0
1634852500 762362 2938 164890 16180 5112 0 248 2532 750 0 52 21 58 0 0 73 0 0 0
1634853907 762376 2938 164890 16180 5112 0 248 2532 750 0 52 21 58 0 0 73 0 0 0
1635379091 762460 2938 164890 16180 5112 0 248 2532 750 0 52 21 58 0 0 73 0 0 0
1635379916 762466 2938 164890 16180 5112 0 248 2532 750 0 52 21 58 0 0 73 0 0 0
1635690512 762496 2938 164890 16180 5112 0 248 2532 750 0 52 21 58 0 0 73 0 0 0
1635763072 762496 2944 164890 16180 5112 0 248 2532 750 0 52 21 58 0 0 73 0 0 0
1635861964 762501 2944 164890 16180 5112 0 248 2532 750 0 52 21 58 0 0 73 0 0 0
1635862918 762538 2944 164890 16180 5112 0 248 2532 750 0 52 21 58 0 0 73 0 0 0
1635863852 762544 2944 164890 16180 5112 0 248 2532 750 0 52 21 58 0 0 73 0 0 0
1635951025 762564 2944 164890 16180 5112 0 248 2532 750 0 52 21 58 0 0 73 0 0 0
1635951751 762591 2944 164890 16180 5112 0 248 2532 750 0 52 21 58 0 0 73 0 0 0
1635952444 762692 2944 164890 16180 5112 0 248 2532 750 0 52 21 58 0 0 73 0 0 0
1636237035 762699 2944 164890 16180 5112 0 248 2532 750 0 52 21 58 0 0 73 0 0 0
1636238138 762705 2944 164890 16180 5112 0 248 2532 750 0 52 21 58 0 0 73 0 0 0
1636323449 762731 2944 164890 16180 5112 0 248 2532 750 0 52 21 58 0 0 73 0 0 0
1636324421 762801 2944 164890 16180 5112 0 248 2532 750 0 52 21 58 0 0 73 0 0 0
1636325221 762806 2944 164890 16180 5112 0 248 2532 750 0 52 21 58 0 0 73 0 0 0
1636325861 762830 2944 164890 16180 5112 0 248 2532 750 0 52 21 58 0 0 73 0 0 0
1636401148 762855 2944 164890 16180 5112 0 248 2532 750 0 52 21 58 0 0 73 0 0 0
1637623086 762987 2944 164890 16180 5112 0 248 2532 750 0 52 21 58 0 0 73 0 0 0
1637698047 763173 2944 164890 16180 5112 0 248 2532 750 0 52 21 58 0 0 73 0 0 0
1637698981 763174 2944 164890 16180 5112 0 248 2532 750 1 52 21 58 0 0 73 0 0 0
1637923418 763174 2944 164890 16180 5112 0 248 2532 750 1 52 21 58 0 0 73 0 0 11
1638268579 763174 2961 164890 16180 5112 0 248 2532 750 15 52 21 58 0 0 73 0 0 11
1639846351 763207 2961 164890 16180 5112 0 248 2532 750 15 52 21 58 0 0 73 0 0 11
1640266718 763237 2961 164890 16180 5112 0 248 2532 750 15 52 21 58 0 0 73 0 0 11
1640268008 766856 2961 164890 16180 5112 0 248 2532 750 15 52 21 58 0 0 73 0 0 11
1641154386 766938 2961 164890 16180 5112 0 248 2532 750 15 52 21 58 0 0 73 0 0 11
1641155567 766954 2961 164890 16180 5112 0 248 2532 750 15 52 21 58 0 0 73 0 0 11
1641160784 767436 2961 164890 16180 5112 0 248 2532 750 15 52 21 58 0 0 73 0 0 11
1641161562 767495 2961 164890 16180 5112 0 248 2532 750 15 52 21 58 0 0 73 0 0 11
1641881003 768269 2961 164890 16180 5112 0 248 2532 750 15 52 21 58 0 0 73 0 0 11
1642026022 769218 2961 164890 16180 5112 0 248 2532 750 15 52 21 58 0 0 73 0 0 11
1642210967 769277 2961 164890 16180 5112 0 248 2532 750 15 52 21 58 0 0 73 0 0 11
1642269764 769643 2961 164890 16180 5112 0 248 2532 750 15 52 21 58 0 0 73 0 0 11
1642432383 769659 2961 164890 16180 5112 0 248 2532 750 15 52 21 58 0 0 73 0 0 11
1642525172 769659 2961 164890 16180 5112 0 250 2532 750 15 52 21 58 0 0 73 0 0 11
1642639787 769725 2961 164890 16180 5112 0 250 2532 750 15 52 21 58 0 0 73 0 0 11
1642640014 769725 2961 164890 16180 5112 0 250 2532 750 15 52 21 58 0 0 73 0 0 11
1642709509 769746 2961 164890 16180 5112 0 250 2532 750 15 52 21 58 0 0 73 0 0 11
1643553661 769747 2961 164890 16180 5112 0 250 2532 750 15 52 21 58 0 0 73 0 0 11
1644085662 770187 2961 164890 16180 5112 0 250 2532 750 15 52 21 58 0 0 73 0 0 11
1644343069 770216 2961 164890 16180 5112 0 250 2532 750 15 52 21 58 0 0 73 0 0 11
1644352729 770241 2961 164890 16180 5112 0 250 2532 750 15 52 21 58 0 0 73 0 0 11
1645549278 770250 2961 164890 16180 5112 0 250 2532 750 15 52 21 58 0 0 73 0 0 11
1645743213 771951 2961 164890 16180 5112 0 250 2532 750 15 52 21 58 0 0 73 0 0 11
1647097424 772193 2961 164890 16180 5112 0 250 2532 750 15 52 21 58 0 0 73 0 0 11
1648757786 772269 2961 164890 16180 5112 0 250 2532 750 15 52 21 58 0 0 73 0 0 11
1649548581 772283 2961 164890 16180 5112 0 250 2532 750 15 52 21 58 0 0 73 0 0 11
1649596452 772283 2961 164892 16180 5112 0 250 2532 750 15 52 21 58 0 0 73 0 0 11
1649873776 772283 2961 164900 16180 5112 0 250 2532 750 15 52 21 58 0 0 73 0 0 11
1649876770 772283 2961 164907 16180 5112 0 250 2532 750 15 52 21 58 0 0 73 0 0 11
1650039901 772283 2961 164938 16180 5112 0 250 2532 750 15 52 21 58 0 0 73 0 0 11
1650048911 772283 2961 164945 16180 5112 0 250 2532 750 15 52 21 58 0 0 73 0 0 11
1650049511 772283 2961 164946 16180 5112 0 250 2532 750 15 52 21 58 0 0 73 0 0 11
1650111952 772283 2961 164978 16180 5112 0 250 2532 750 15 52 21 58 0 0 73 0 0 11
1650135915 772283 2961 165013 16180 5112 0 250 2532 750 15 52 21 58 0 0 73 0 0 11
1650139991 772283 2961 165024 16180 5112 0 250 2532 750 15 52 21 58 0 0 73 0 0 11
1650145424 772283 2961 165061 16180 5112 0 250 2532 750 15 52 21 58 0 0 73 0 0 11
1650721044 772283 2961 165071 16180 5112 0 250 2532 750 15 52 21 58 0 0 73 0 0 11
1650809570 772283 2961 165072 16180 5112 0 250 2532 750 15 52 21 58 0 0 73 0 0 11
1651420189 772295 2961 165072 16180 5112 0 250 2532 750 15 52 21 58 0 0 73 0 0 11
1651422113 772518 2961 165072 16180 5112 0 250 2532 750 15 52 21 58 0 0 73 0 0 11
1651512250 773231 2961 165072 16180 5112 0 250 2532 750 15 52 21 58 0 0 73 0 0 11
1651596364 773276 2961 165072 16180 5112 0 250 2532 750 15 52 21 58 0 0 73 0 0 11
1651604430 773282 2961 165072 16180 5112 0 250 2532 750 15 52 21 58 0 0 73 0 0 11
1651604475 773288 2961 165072 16180 5112 0 250 2532 750 15 52 21 58 0 0 73 0 0 11
1651693409 773294 2961 165072 16180 5112 0 250 2532 750 15 52 21 58 0 0 73 0 0 11
1651694865 773302 2961 165072 16180 5112 0 250 2532 750 15 52 21 58 0 0 73 0 0 11
1651895053 773302 2961 165072 16180 5112 0 250 2532 750 15 52 21 58 0 0 73 0 0 11
1651937457 773654 2961 165072 16180 5112 0 250 2532 750 15 52 21 58 0 0 73 0 0 11
1652289561 773665 2961 165072 16180 5112 0 250 2532 750 15 52 21 58 0 0 73 0 0 11
1652301407 773691 2961 165072 16180 5112 0 250 2532 750 15 52 21 58 0 0 73 0 0 11
1652365900 773697 2961 165072 16180 5112 0 250 2532 750 15 52 21 58 0 0 73 0 0 11
1652497822 773723 2961 165072 16180 5112 0 250 2532 750 15 52 21 58 0 0 73 0 0 11
1652751542 773989 2961 165072 16180 5112 0 250 2532 750 15 52 21 58 0 0 73 0 0 11
1652801972 773989 2961 165072 16180 5112 0 250 2532 750 15 52 21 58 0 0 73 0 0 11
1653161161 773998 2961 165072 16180 5112 0 250 2532 750 15 52 21 58 0 0 73 0 0 11
1653433940 774076 2961 165072 16180 5112 0 250 2532 750 15 52 21 58 0 0 73 0 0 11
1653767736 774077 2961 165072 16180 5112 0 250 2532 750 15 52 21 58 0 0 73 0 0 11
1653768596 774087 2961 165072 16180 5112 0 250 2532 750 15 52 21 58 0 0 73 0 0 11
1654386315 774093 2961 165072 16180 5112 0 250 2532 750 15 52 21 58 0 0 73 0 0 11
1654387492 774217 2961 165072 16180 5112 0 250 2532 750 15 52 21 58 0 0 73 0 0 11
1654453279 774291 2961 165072 16180 5112 0 250 2532 750 15 52 21 58 0 0 73 0 0 11
1654460823 774294 2961 165072 16180 5112 0 250 2532 750 15 52 21 58 0 0 73 0 0 11
1654467321 774304 2961 165072 16180 5112 0 250 2532 750 15 52 21 58 0 0 73 0 0 11
1654621338 774432 2961 165072 16180 5112 0 250 2532 750 15 52 21 58 0 0 73 0 0 11
1654790185 774432 2961 165077 16180 5112 0 250 2532 750 15 52 21 58 0 0 73 0 0 11
1654917400 774432 2984 165077 16180 5112 0 250 2532 750 15 52 21 58 0 0 73 0 0 11
1655090474 774432 2986 165077 16180 5112 0 250 2532 750 15 52 21 58 0 0 73 0 0 11
1655091056 774432 3025 165077 16180 5112 0 250 2532 750 15 52 21 58 0 0 73 0 0 11
1655136335 774757 3025 165078 16180 5112 0 250 2532 750 15 52 21 58 0 0 73 0 0 11
1655233256 774757 3025 165372 16180 5112 0 250 2532 750 15 52 21 58 0 0 73 0 0 11
1655238597 774763 3025 165372 16180 5112 0 250 2532 750 15 52 21 58 0 0 73 0 0 11
1655421830 774764 3025 165372 16180 5112 0 250 2532 750 15 52 21 58 0 0 73 0 0 11
1655424121 774789 3025 165372 16180 5112 0 250 2532 750 15 52 21 58 0 0 73 0 0 11
1655434242 774789 3030 165372 16180 5112 0 250 2532 750 15 52 21 58 0 0 73 0 0 11
1655648220 774789 3031 165372 16180 5112 0 250 2532 750 15 52 21 58 0 0 73 0 0 11
1655648617 774789 3060 165372 16180 5112 0 250 2532 750 15 52 21 58 0 0 73 0 0 11
1655803225 774827 3060 165372 16180 5112 0 250 2532 750 15 52 21 58 0 0 73 0 0 11
1655803748 774827 3060 165380 16180 5112 0 250 2532 750 15 52 21 58 0 0 73 0 0 11
1655958602 774827 3062 165380 16180 5112 0 250 2532 750 15 52 21 58 0 0 73 0 0 11
1655958664 774827 3069 165380 16180 5112 0 250 2532 750 15 52 21 58 0 0 73 0 0 11
1656080563 774839 3069 165380 16180 5112 0 250 2532 750 15 52 21 58 0 0 73 0 0 11
1656081823 775128 3069 165380 16180 5112 0 250 2532 750 15 52 21 58 0 0 73 0 0 11
1656204469 775128 3361 165380 16180 5112 0 250 2532 750 15 52 21 58 0 0 73 0 0 11
1656275224 775149 3361 165380 16180 5112 0 250 2532 750 15 52 21 58 0 0 73 0 0 11
1656276409 775154 3361 165380 16180 5112 0 250 2532 750 15 52 21 58 0 0 73 0 0 11
1656276508 775154 3366 165380 16180 5112 0 250 2532 750 15 52 21 58 0 0 73 0 0 11
1656504097 775167 3366 165380 16180 5112 0 250 2532 750 16 52 21 58 0 0 73 0 0 11
1656636213 775167 3435 165380 16180 5112 0 250 2532 750 16 52 21 58 0 0 73 0 0 11
1656679338 775180 3435 165380 16180 5112 0 250 2532 750 16 52 21 58 0 0 73 0 0 11
1656682862 775180 3436 165380 16180 5112 0 250 2532 750 16 52 21 58 0 0 73 0 0 11
1656712065 775181 3436 165380 16180 5112 0 250 2532 750 16 52 21 58 0 0 73 0 0 11
1656877824 775192 3436 165380 16180 5112 0 250 2532 750 16 52 21 58 0 0 73 0 0 11
1656956187 775193 3436 165380 16180 5112 0 250 2532 750 16 52 21 58 0 0 73 0 0 11
1657386879 775205 3436 165380 16180 5112 0 250 2532 750 16 52 21 58 0 0 73 0 0 11
1657405303 775248 3436 165380 16180 5112 0 250 2532 750 16 52 21 58 0 0 73 0 0 11
1657931248 775278 3436 165380 16180 5112 0 250 2532 750 16 52 21 58 0 0 73 0 0 11
1657975963 775299 3436 165380 16180 5112 0 250 2532 750 16 52 21 58 0 0 73 0 0 11
1657976982 775306 3436 165380 16180 5112 0 250 2532 750 16 52 21 58 0 0 73 0 0 11
1658150488 775404 3438 165380 16180 5112 0 250 2532 750 16 52 21 58 0 0 73 0 0 11
1658417282 775446 3438 165380 16180 5112 0 250 2532 750 16 52 21 58 0 0 73 0 0 11
1658424721 775473 3438 165380 16180 5112 0 250 2532 750 16 52 21 58 0 0 73 0 0 11
1658427063 775515 3438 165380 16180 5112 0 250 2532 750 16 52 21 58 0 0 73 0 0 11
1658606581 775523 3438 165380 16180 5112 0 250 2532 750 16 52 21 58 0 0 73 0 0 11
1658613484 775523 3439 165380 16180 5112 0 250 2532 750 16 52 21 58 0 0 73 0 0 11
1659746048 775523 3451 165380 16180 5112 0 250 2532 750 16 52 21 58 0 0 73 0 0 11
1660082758 775528 3451 165380 16180 5112 0 250 2532 750 16 52 21 58 0 0 73 0 0 11
1660349720 775528 3459 165380 16180 5112 0 250 2532 750 16 52 21 58 0 0 73 0 0 11
1660675195 776367 3459 165380 16180 5112 0 250 2532 750 16 52 21 58 0 0 73 0 0 11
1660996127 776367 3478 165380 16180 5112 0 250 2532 750 16 52 21 58 0 0 73 0 0 11
1663764655 776367 3521 165380 16180 5112 0 250 2532 750 16 52 21 58 0 0 73 0 0 11
1664186836 776367 3522 165380 16180 5112 0 250 2532 750 16 52 21 58 0 0 73 0 0 11
1667782173 776367 3528 165380 16180 5112 0 250 2532 750 16 52 21 58 0 0 73 0 0 11
1667782546 776367 3532 165380 16180 5112 0 250 2532 750 16 52 21 58 0 0 73 0 0 11
1672343889 776367 3532 165383 16180 5112 0 250 2532 750 16 52 21 58 0 0 73 0 0 11
1675970742 776435 3532 165383 16180 5112 0 250 2532 750 16 52 21 58 0 0 73 0 0 11
1675972631 776519 3532 165383 16180 5112 0 250 2532 750 16 52 21 58 0 0 73 0 0 11
1675979181 776525 3532 165383 16180 5112 0 250 2532 750 16 52 21 58 0 0 73 0 0 11
1675984335 776557 3532 165383 16180 5112 0 250 2532 750 16 52 21 58 0 0 73 0 0 11
1676121720 776566 3532 165383 16180 5112 0 250 2532 750 16 52 21 58 0 0 73 0 0 11
1676238987 776566 3532 165383 16180 5112 7 250 2532 750 16 52 21 58 0 0 73 0 0 11
1676489366 776717 3532 165383 16180 5112 7 250 2532 750 16 52 21 58 0 0 73 0 0 11
1676928619 776734 3532 165383 16180 5112 7 250 2532 750 16 52 21 58 0 0 73 0 0 11
1677001684 776737 3532 165383 16180 5112 7 250 2532 750 16 52 21 58 0 0 73 0 0 11
1677334702 776838 3532 165383 16180 5112 7 250 2532 750 16 52 21 58 0 0 73 0 0 11
1677336117 776859 3532 165383 16180 5112 7 250 2532 750 16 52 21 58 0 0 73 0 0 11
1677337128 776872 3532 165383 16180 5112 7 250 2532 750 16 52 21 58 0 0 73 0 0 11
1677375698 776872 3553 165383 16180 5112 7 250 2532 750 16 52 21 58 0 0 73 0 0 11
1677377078 776872 3556 165383 16180 5112 7 250 2532 750 16 52 21 58 0 0 73 0 0 11
1677413211 776879 3556 165383 16180 5112 7 250 2532 750 16 52 21 58 0 0 73 0 0 11
1678114217 776889 3556 165383 16180 5112 7 250 2532 750 16 52 21 58 0 0 73 0 0 11
1680217149 776890 3556 165383 16180 5112 7 250 2532 750 16 52 21 58 0 0 73 0 0 11
1680217591 777042 3556 165383 16180 5112 7 250 2532 750 16 52 21 58 0 0 73 0 0 11
1681587518 777089 3556 165383 16180 5112 7 250 2532 750 16 52 21 58 0 0 73 0 0 11
1681588797 777104 3556 165383 16180 5112 7 250 2532 750 16 52 21 58 0 0 73 0 0 11
1681929591 777131 3556 165383 16180 5112 7 250 2532 750 16 52 21 58 0 0 73 0 0 11
1682189894 777411 3556 165383 16180 5112 7 250 2532 750 16 52 21 58 0 0 73 0 0 11
1682256442 777421 3556 165383 16180 5112 7 250 2532 750 16 52 21 58 0 0 73 0 0 11
1682257208 777478 3556 165383 16180 5112 7 250 2532 750 16 52 21 58 0 0 73 0 0 11
1682260672 777484 3556 165383 16180 5112 7 250 2532 750 16 52 21 58 0 0 73 0 0 11
1682451814 777484 3556 165390 16180 5112 7 250 2532 750 16 52 21 58 0 0 73 0 0 11
1682866135 777559 3556 165390 16180 5112 7 250 2532 750 16 52 21 58 0 0 73 0 0 11
1682866255 777566 3556 165390 16180 5112 7 250 2532 750 16 52 21 58 0 0 73 0 0 11
1682866884 777645 3556 165390 16180 5112 7 250 2532 750 16 52 21 58 0 0 73 0 0 11
1683222689 777666 3556 165390 16180 5112 7 250 2532 750 16 52 21 58 0 0 73 0 0 11
1683224538 777755 3556 165390 16180 5112 7 250 2532 750 16 52 21 58 0 0 73 0 0 11
1683225985 777828 3556 165390 16180 5112 7 250 2532 750 16 52 21 58 0 0 73 0 0 11
1683344646 777855 3556 165390 16180 5112 7 250 2532 750 16 52 21 58 0 0 73 0 0 11
1683348284 778018 3556 165390 16180 5112 7 250 2532 750 16 52 21 58 0 0 73 0 0 11
1683467592 778034 3556 165390 16180 5112 7 250 2532 750 16 52 21 58 0 0 73 0 0 11
1683496027 778280 3556 165390 16180 5112 7 250 2532 750 16 52 21 58 0 0 73 0 0 11
1683965561 778280 3556 165395 16180 5112 7 250 2532 750 16 52 21 58 0 0 73 0 0 11
1684024893 778371 3556 165395 16180 5112 7 250 2532 750 16 52 21 58 0 0 73 0 0 11
1684379394 778402 3556 165395 16180 5112 7 250 2532 750 16 52 21 58 0 0 73 0 0 11
1684419147 778421 3556 165395 16180 5112 7 250 2532 750 16 52 21 58 0 0 73 0 0 11
1686274653 778432 3556 165395 16180 5112 7 250 2532 750 16 52 21 58 0 0 73 0 0 11
1686309897 778444 3556 165395 16180 5112 7 250 2532 750 16 52 21 58 0 0 73 0 0 11
1686312997 778492 3556 165395 16180 5112 7 250 2532 750 16 52 21 58 0 0 73 0 0 11
1686861586 778503 3556 165395 16180 5112 7 250 2532 750 16 52 21 58 0 0 73 0 0 11
1686969707 778510 3556 165395 16180 5112 7 250 2532 750 16 52 21 58 0 0 73 0 0 11
1686971812 778559 3556 165395 16180 5112 7 250 2532 750 16 52 21 58 0 0 73 0 0 11
1687047985 778583 3556 165395 16180 5112 7 250 2532 750 16 52 21 58 0 0 73 0 0 11
1687217333 778718 3556 165395 16180 5112 7 250 2532 750 16 52 21 58 0 0 73 0 0 11
1687576883 778719 3556 165395 16180 5112 7 250 2532 750 16 52 21 58 0 0 73 0 0 11
1687577380 778736 3556 165395 16180 5112 7 250 2532 750 16 52 21 58 0 0 73 0 0 11
1687577834 778750 3556 165395 16180 5112 7 250 2532 750 16 52 21 58 0 0 73 0 0 11
1687578511 778760 3556 165395 16180 5112 7 250 2532 750 16 52 21 58 0 0 73 0 0 11
1687597356 778760 3565 165395 16180 5112 7 250 2532 750 16 52 21 58 0 0 73 0 0 11
1687663721 778766 3565 165395 16180 5112 7 250 2532 750 16 52 21 58 0 0 73 0 0 11
1687811712 778772 3565 165395 16180 5112 7 250 2532 750 16 52 21 58 0 0 73 0 0 11
1687813836 778834 3565 165395 16180 5112 7 250 2532 750 16 52 21 58 0 0 73 0 0 11
1687869897 778885 3565 165412 16180 5112 7 250 2532 750 16 52 21 58 0 0 73 0 0 11
1687887377 778885 3565 165428 16180 5112 7 250 2532 750 16 52 21 58 0 0 73 0 0 11
1687887664 778885 3565 165439 16180 5112 7 250 2532 750 16 52 21 58 0 0 73 0 0 11
1688196087 778885 3565 165442 16180 5112 7 250 2532 750 16 52 21 58 0 0 73 0 0 11
1688315623 779851 3565 165442 16180 5112 7 250 2532 750 16 52 21 58 0 0 73 0 0 11
1688334561 779851 3565 165477 16180 5112 7 250 2532 750 16 52 21 58 0 0 73 0 0 11
1688760199 779859 3565 165478 16180 5112 7 250 2532 750 16 52 21 58 0 0 73 0 0 11
1688839723 779922 3565 165478 16180 5112 7 250 2532 750 16 52 21 58 0 0 73 0 0 11
1688908524 780010 3565 165478 16180 5112 7 250 2532 750 16 52 21 58 0 0 73 0 0 11
1688945888 780013 3565 165478 16180 5112 7 250 2532 750 16 52 21 58 0 0 73 0 0 11
1689106378 780079 3565 165478 16180 5112 7 250 2532 750 16 52 21 58 0 0 73 0 0 11
1689122068 780086 3565 165478 16180 5112 7 250 2532 750 16 52 21 58 0 0 73 0 0 11
1689123222 780149 3565 165478 16180 5112 7 250 2532 750 16 52 21 58 0 0 73 0 0 11
1689340511 780163 3565 165478 16180 5112 7 250 2532 750 16 52 21 58 0 0 73 0 0 11
1689341450 780203 3565 165478 16180 5112 7 250 2532 750 16 52 21 58 0 0 73 0 0 11
1689458204 780427 3565 165478 16180 5112 7 250 2532 750 16 52 21 58 0 0 73 0 0 11
1689504585 780453 3565 165478 16180 5112 7 250 2532 750 16 52 21 58 0 0 73 0 0 11
1689543331 780460 3565 165478 16180 5112 7 250 2532 750 16 52 21 58 0 0 73 0 0 11
1689598627 780527 3565 165478 16180 5112 7 250 2532 750 16 52 21 58 0 0 73 0 0 11
1689604200 780537 3565 165478 16180 5112 7 250 2532 750 16 52 21 58 0 0 73 0 0 11
1689604999 780558 3565 165478 16180 5112 7 250 2532 750 16 52 21 58 0 0 73 0 0 11
1689605515 780567 3565 165478 16180 5112 7 250 2532 750 16 52 21 58 0 0 73 0 0 11
1689861381 780621 3565 165478 16180 5112 7 250 2532 750 16 52 21 58 0 0 73 0 0 11
1690111817 780621 3565 165483 16180 5112 7 250 2532 750 16 52 21 58 0 0 73 0 0 11
1690112091 780621 3565 165485 16180 5112 7 250 2532 750 16 52 21 58 0 0 73 0 0 11
1690112177 780621 3565 165506 16180 5112 7 250 2532 750 16 52 21 58 0 0 73 0 0 11
1691845419 780622 3565 165506 16180 5112 7 250 2532 750 16 52 21 58 0 0 73 0 0 11
1693570859 780677 3565 165506 16180 5112 7 250 2532 750 16 52 21 58 0 0 73 0 0 11
1693842683 780679 3565 165506 16180 5112 7 250 2532 750 16 52 21 58 0 0 73 0 0 11
1694130819 780679 3571 165506 16180 5112 7 250 2532 750 16 52 21 58 0 0 73 0 0 11
1694862638 780690 3571 165506 16180 5112 7 250 2532 750 16 52 21 58 0 0 73 0 0 11
1695065475 780721 3571 165506 16180 5112 7 250 2532 750 16 52 21 58 0 0 73 0 0 11
1695312603 780733 3571 165506 16180 5112 7 250 2532 750 16 52 21 58 0 0 73 0 0 11
1695460965 780733 3578 165506 16180 5112 7 250 2532 750 16 52 21 58 0 0 73 0 0 11
1695461303 780733 3587 165506 16180 5112 7 250 2532 750 16 52 21 58 0 0 73 0 0 11
1695648553 780734 3587 165506 16180 5112 7 250 2532 750 16 52 21 58 0 0 73 0 0 11
1695734212 780744 3587 165506 16180 5112 7 250 2532 750 16 52 21 58 0 0 73 0 0 11
1696639797 780744 3605 165506 16180 5112 7 250 2532 750 16 52 21 58 0 0 73 0 0 11
1696642506 780744 3608 165506 16180 5112 7 250 2532 750 16 52 21 58 0 0 73 0 0 11
1696772746 780745 3608 165506 16180 5112 7 250 2532 750 16 52 21 58 0 0 73 0 0 11
1696862825 780751 3608 165506 16180 5112 7 250 2532 750 16 52 21 58 0 0 73 0 0 11
1696982291 780751 3617 165506 16180 5112 7 250 2532 750 16 52 21 58 0 0 73 0 0 11
1697327152 780751 3669 165506 16180 5112 7 250 2532 750 16 52 21 58 0 0 73 0 0 11
1697409334 780774 3669 165506 16180 5112 7 250 2532 750 16 52 21 58 0 0 73 0 0 11
1697413916 780774 3670 165506 16180 5112 7 250 2532 750 16 52 21 58 0 0 73 0 0 11
1697456610 780774 3677 165506 16180 5112 7 250 2532 750 16 52 21 58 0 0 73 0 0 11
1697457186 780774 3684 165506 16180 5112 7 250 2532 750 16 52 21 58 0 0 73 0 0 11
1697624645 780774 3685 165506 16180 5112 7 250 2532 750 16 52 21 58 0 0 73 0 0 11
1697713888 780774 3686 165506 16180 5112 7 250 2532 750 16 52 21 58 0 0 73 0 0 11
1697760951 780774 3697 165506 16180 5112 7 250 2532 750 16 52 21 58 0 0 73 0 0 11
1697891341 780774 3706 165506 16180 5112 7 250 2532 750 16 52 21 58 0 0 73 0 0 11
1697892271 780774 3719 165506 16180 5112 7 250 2532 750 16 52 21 58 0 0 73 0 0 11
1698326762 780800 3719 165506 16180 5112 7 250 2532 750 16 52 21 58 0 0 73 0 0 11
1698434323 780808 3719 165506 16180 5112 7 250 2532 750 16 52 21 58 0 0 73 0 0 11
1698540042 780836 3719 165506 16180 5112 7 250 2532 750 16 52 21 58 0 0 73 0 0 11
1698580778 780836 3724 165506 16180 5112 7 250 2532 750 16 52 21 58 0 0 73 0 0 11
1698582052 780836 3730 165506 16180 5112 7 250 2532 750 16 52 21 58 0 0 73 0 0 11
1698666007 780842 3730 165506 16180 5112 7 250 2532 750 16 52 21 58 0 0 73 0 0 11
1699058552 780842 3759 165506 16180 5112 7 250 2532 750 16 52 21 58 0 0 73 0 0 11
1699146031 780842 3771 165506 16180 5112 7 250 2532 750 16 52 21 58 0 0 73 0 0 11
1699188036 780842 3778 165506 16180 5112 7 250 2532 750 16 52 21 58 0 0 73 0 0 11
1699400934 780842 3783 165506 16180 5112 7 250 2532 750 16 52 21 58 0 0 73 0 0 11
1699688420 780842 3787 165506 16180 5112 7 250 2532 750 16 52 21 58 0 0 73 0 0 11
1699752167 780842 3812 165506 16180 5112 7 250 2532 750 16 52 21 58 0 0 73 0 0 11
1699893799 781006 3812 165506 16180 5112 7 250 2532 750 16 52 21 58 0 0 73 0 0 11
1699955766 781006 3826 165506 16180 5112 7 250 2532 750 16 52 21 58 0 0 73 0 0 11
1699961026 781006 3834 165506 16180 5112 7 250 2532 750 16 52 21 58 0 0 73 0 0 11
1699970749 781006 3874 165506 16180 5112 7 250 2532 750 16 52 21 58 0 0 73 0 0 11
1699974433 781006 3901 165506 16180 5112 7 250 2532 750 16 52 21 58 0 0 73 0 0 11
1700006861 781006 3904 165506 16180 5112 7 250 2532 750 16 52 21 58 0 0 73 0 0 11
1700007952 781006 3924 165506 16180 5112 7 250 2532 750 16 52 21 58 0 0 73 0 0 11
1700096659 781006 3936 165506 16180 5112 7 250 2532 750 16 52 21 58 0 0 73 0 0 11
1700223874 781006 3972 165506 16180 5112 7 250 2532 750 16 52 21 58 0 0 73 0 0 11
1700309318 781006 3996 165506 16180 5112 7 250 2532 750 16 52 21 58 0 0 73 0 0 11
1700314168 781006 4036 165506 16180 5112 7 250 2532 750 16 52 21 58 0 0 73 0 0 11
1700567730 781006 4051 165506 16180 5112 7 250 2532 750 16 52 21 58 0 0 73 0 0 11
1700951212 781019 4051 165506 16180 5112 7 250 2532 750 16 52 21 58 0 0 73 0 0 11
1700998273 781019 4053 165506 16180 5112 7 250 2532 750 16 52 21 58 0 0 73 0 0 11
1701001969 781020 4053 165506 16180 5112 7 250 2532 750 16 52 21 58 0 0 73 0 0 11
1701212299 781208 4053 165506 16180 5112 7 250 2532 750 16 52 21 58 0 0 73 0 0 11
1701268218 781242 4053 165506 16180 5112 7 250 2532 750 16 52 21 58 0 0 73 0 0 11
1701283983 781250 4053 165506 16180 5112 7 250 2532 750 16 52 21 58 0 0 73 0 0 11
1701359827 781268 4053 165506 16180 5112 7 250 2532 750 16 52 21 58 0 0 73 0 0 11
1701472405 781268 4053 165506 16180 5112 7 250 2532 750 16 52 21 58 0 0 73 0 0 11
1701480432 781269 4053 165506 16180 5112 7 250 2532 750 16 52 21 58 0 0 73 0 0 11
1701481316 781277 4053 165506 16180 5112 7 250 2532 750 16 52 21 58 0 0 73 0 0 11
1701481731 781277 4095 165506 16180 5112 7 250 2532 750 16 52 21 58 0 0 73 0 0 11
1701514132 781277 4108 165506 16180 5112 7 250 2532 750 16 52 21 58 0 0 73 0 0 11
1701560258 781288 4108 165506 16180 5112 7 250 2532 750 16 52 21 58 0 0 73 0 0 11
1701713465 781336 4108 165506 16180 5112 7 250 2532 750 16 52 21 58 0 0 73 0 0 11
1702045197 781336 4120 165506 16180 5112 7 250 2532 750 16 52 21 58 0 0 73 0 0 11
1702046428 781336 4128 165515 16180 5112 7 250 2532 750 16 52 21 58 0 0 73 0 0 11
1702085887 781336 4138 165515 16180 5112 7 250 2532 750 16 52 21 58 0 0 73 0 0 11
1702212157 781336 4153 165515 16180 5112 7 250 2532 750 16 52 21 58 0 0 73 0 0 11
1702331270 781346 4153 165515 16180 5112 7 250 2532 750 16 52 21 58 0 0 73 0 0 11
1702554329 781346 4212 165515 16180 5112 7 250 2532 750 16 52 21 58 0 0 73 0 0 11
1702822178 781569 4212 165515 16180 5112 7 250 2532 750 16 52 21 58 0 0 73 0 0 11
1702824051 781575 4212 165515 16180 5112 7 250 2532 750 16 52 21 58 0 0 73 0 0 11
1702869158 781644 4212 165515 16180 5112 7 250 2532 750 16 52 21 58 0 0 73 0 0 11
1703008048 781653 4212 165515 16180 5112 7 250 2532 750 16 52 21 58 0 0 73 0 0 11
1703164864 781771 4212 165515 16180 5112 7 250 2532 750 16 52 21 58 0 0 73 0 0 11
1703205765 781771 4225 165515 16180 5112 7 250 2532 750 16 52 21 58 0 0 73 0 0 11
1703244803 781771 4241 165515 16180 5112 7 250 2532 750 16 52 21 58 0 0 73 0 0 11
1703376130 781782 4241 165515 16180 5112 7 250 2532 750 16 52 21 58 0 0 73 0 0 11
1703792240 781791 4241 165515 16180 5112 7 250 2532 750 16 52 21 58 0 0 73 0 0 11
1703793477 781799 4241 165515 16180 5112 7 250 2532 750 16 52 21 58 0 0 73 0 0 11
1703808472 781799 4248 165515 16180 5112 7 250 2532 750 16 52 21 58 0 0 73 0 0 11
1704142507 781804 4248 165515 16180 5112 7 250 2532 750 16 52 21 58 0 0 73 0 0 11
1704189698 781820 4248 165515 16180 5112 7 250 2532 750 16 52 21 58 0 0 73 0 0 11
1704364003 781820 4256 165515 16180 5112 7 250 2532 750 16 52 21 58 0 0 73 0 0 11
1704366548 781820 4263 165515 16180 5112 7 250 2532 750 16 52 21 58 0 0 73 0 0 11
1704453350 781820 4269 165515 16180 5112 7 250 2532 750 16 52 21 58 0 0 73 0 0 11
1704502173 781820 4279 165515 16180 5112 7 250 2532 750 16 52 21 58 0 0 73 0 0 11
1704504341 781820 4295 165515 16180 5112 7 250 2532 750 16 52 21 58 0 0 73 0 0 11
1704585165 782545 4295 165515 16180 5112 7 250 2532 750 16 52 21 58 0 0 73 0 0 11
1704713416 782545 4301 165515 16180 5112 7 250 2532 750 16 52 21 58 0 0 73 0 0 11
1704725342 782608 4301 165515 16180 5112 7 250 2532 750 16 52 21 58 0 0 73 0 0 11
1704725724 782611 4301 165667 16180 5112 7 250 2532 750 16 52 21 58 0 0 73 0 0 11
1704802151 782629 4301 165667 16180 5112 7 250 2532 750 16 52 21 58 0 0 73 0 0 11
1704816633 782666 4301 165667 16180 5112 7 250 2532 750 16 52 21 58 0 0 73 0 0 11
1704828371 782675 4301 165667 16180 5112 7 250 2532 750 16 52 21 58 0 0 73 0 0 11
1704846879 782675 4304 165667 16180 5112 7 250 2532 750 16 52 21 58 0 0 73 0 0 11
1704991601 782675 4304 165668 16180 5112 7 250 2532 750 16 52 21 58 0 0 73 0 0 11
1704991680 782675 4304 165668 16180 5112 7 250 2532 750 16 52 21 58 0 0 73 0 0 11
1705012216 782675 4304 165670 16180 5112 7 250 2532 750 16 52 21 58 0 0 73 0 0 11
1705284323 783091 4304 165670 16180 5112 7 250 2532 750 16 52 21 58 0 0 73 0 0 11
1705325195 783117 4304 165670 16180 5112 7 250 2532 750 16 52 21 58 0 0 73 0 0 11
1705329092 783154 4304 165670 16180 5112 7 250 2532 750 16 52 21 58 0 0 73 0 0 11
1705399211 783154 4314 165670 16180 5112 7 250 2532 750 16 52 21 58 0 0 73 0 0 11
1705968548 783154 4322 165670 16180 5112 7 250 2532 750 16 52 21 58 0 0 73 0 0 11
1706005213 783154 4362 165670 16180 5112 7 250 2532 750 16 52 21 58 0 0 73 0 0 11
1706006292 783154 4383 165670 16180 5112 7 250 2532 750 16 52 21 58 0 0 73 0 0 11
1706050707 783442 4383 165670 16180 5112 7 250 2532 750 16 52 21 58 0 0 73 0 0 11
1706096077 783442 4386 165670 16180 5112 7 250 2532 750 16 52 21 58 0 0 73 0 0 11
1706403281 783442 4396 165670 16180 5112 7 250 2532 750 16 52 21 58 0 0 73 0 0 11
1706446844 783442 4406 165670 16180 5112 7 250 2532 750 16 52 21 58 0 0 73 0 0 11
1706451792 783442 4471 165670 16180 5112 7 250 2532 750 16 52 21 58 0 0 73 0 0 11
1707091523 783446 4471 165670 16180 5112 7 250 2532 750 16 52 21 58 0 0 73 0 0 11
1707157486 783450 4471 165670 16180 5112 7 250 2532 750 16 52 21 58 0 0 73 0 0 11
1707271848 783455 4471 165670 16180 5112 7 250 2532 750 16 52 21 58 0 0 73 0 0 11
1707272272 783460 4471 165670 16180 5112 7 250 2532 750 16 52 21 58 0 0 73 0 0 11
1707274759 783469 4471 165670 16180 5112 7 250 2532 750 16 52 21 58 0 0 73 0 0 11
1707275355 783474 4471 165670 16180 5112 7 250 2532 750 16 52 21 58 0 0 73 0 0 11
1707305931 783474 4480 165670 16180 5112 7 250 2532 750 16 52 21 58 0 0 73 0 0 11
1707422219 783474 4480 165676 16180 5112 7 250 2532 750 16 52 21 58 0 0 73 0 0 11
1707649633 783474 4494 165676 16180 5112 7 250 2532 750 16 52 21 58 0 0 73 0 0 11
1709343685 783635 4494 165676 16180 5112 7 250 2532 750 16 52 21 58 0 0 73 0 0 11
1709348779 783643 4494 165676 16180 5112 7 250 2532 750 16 52 21 58 0 0 73 0 0 11
1709431939 783643 4509 165676 16180 5112 7 250 2532 750 16 52 21 58 0 0 73 0 0 11
1709506385 783654 4509 165676 16180 5112 7 250 2532 750 16 52 21 58 0 0 73 0 0 11
1711463337 783662 4509 165676 16180 5112 7 250 2532 750 16 52 21 58 0 0 73 0 0 11
1711668969 783685 4509 165676 16180 5112 7 250 2532 750 16 52 21 58 0 0 73 0 0 11
1711669619 783685 4509 165676 16180 5112 7 250 2532 750 16 52 21 58 0 0 73 0 0 11
1712102798 783685 4518 165676 16180 5112 7 250 2532 750 16 52 21 58 0 0 73 0 0 11
1712138592 783685 4523 165676 16180 5112 7 250 2532 750 16 52 21 58 0 0 73 0 0 11
1712201061 783740 4523 165676 16180 5112 7 250 2532 750 16 52 21 58 0 0 73 0 0 11
1712319562 783740 4528 165676 16180 5112 7 250 2532 750 16 52 21 58 0 0 73 0 0 11
1712372367 783740 4532 165676 16180 5112 7 250 2532 750 16 52 21 58 0 0 73 0 0 11
1712527842 783773 4532 165676 16180 5112 7 250 2532 750 16 52 21 58 0 0 73 0 0 11
1712534792 783773 4545 165676 16180 5112 7 250 2532 750 16 52 21 58 0 0 73 0 0 11
1712596661 783854 4545 165676 16180 5112 7 250 2532 750 16 52 21 58 0 0 73 0 0 11
1712596720 783862 4545 165676 16180 5112 7 250 2532 750 16 52 21 58 0 0 73 0 0 11
1712596824 783869 4545 165676 16180 5112 7 250 2532 750 16 52 21 58 0 0 73 0 0 11
1712706629 783869 4550 165676 16180 5112 7 250 2532 750 16 52 21 58 0 0 73 0 0 11
1712721657 783874 4550 165676 16180 5112 7 250 2532 750 16 52 21 58 0 0 73 0 0 11
1712722268 783880 4550 165676 16180 5112 7 250 2532 750 16 52 21 58 0 0 73 0 0 11
1712780212 784669 4550 165676 16180 5112 7 250 2532 750 16 52 21 58 0 0 73 0 0 11
1712784075 784674 4550 165679 16180 5112 7 250 2532 750 16 52 21 58 0 0 73 0 0 11
1712875666 784681 4550 165679 16180 5112 7 250 2532 750 16 52 21 58 0 0 73 0 0 11
1712917917 784681 4630 165679 16180 5112 7 250 2532 750 16 52 21 58 0 0 73 0 0 11
1712923696 784711 4630 165679 16180 5112 7 250 2532 750 16 52 21 58 0 0 73 0 0 11
1712942590 784716 4630 165679 16180 5112 7 250 2532 750 16 52 21 58 0 0 73 0 0 11
1713112989 784720 4630 165679 16180 5112 7 250 2532 750 16 52 21 58 0 0 73 0 0 11
1713178615 784720 7502 165679 16180 5112 7 250 2532 750 16 52 21 58 0 0 73 0 0 11
1713179240 784720 7548 165679 16180 5112 7 250 2532 750 16 52 21 58 0 0 73 0 0 11
1713297416 784723 7548 165679 16180 5112 7 250 2532 750 16 52 21 58 0 0 73 0 0 11
1713310935 784756 7548 165679 16180 5112 7 250 2532 750 16 52 21 58 0 0 73 0 0 11
1713314578 784763 7548 165679 16180 5112 7 250 2532 750 16 52 21 58 0 0 73 0 0 11
1713320957 784768 7548 165679 16180 5112 7 250 2532 750 16 52 21 58 0 0 73 0 0 11
1713321564 784783 7548 165679 16180 5112 7 250 2532 750 16 52 21 58 0 0 73 0 0 11
1713322121 784797 7548 165679 16180 5112 7 250 2532 750 16 52 21 58 0 0 73 0 0 11
1713441223 784816 7548 165679 16180 5112 7 250 2532 750 16 52 21 58 0 0 73 0 0 11
1713572537 784816 7559 165679 16180 5112 7 250 2532 750 16 52 21 58 0 0 73 0 0 11
1713578029 784816 7567 165679 16180 5112 7 250 2532 750 16 52 21 58 0 0 73 0 0 11
1713587673 784816 7576 165679 16180 5112 7 250 2532 750 16 52 21 58 0 0 73 0 0 11
1713661964 784835 7576 165679 16180 5112 7 250 2532 750 16 52 21 58 0 0 73 0 0 11
1713777225 784835 7640 165679 16180 5112 7 250 2532 750 16 52 21 58 0 0 73 0 0 11
1713829681 784835 7784 165679 16180 5112 7 250 2532 750 16 52 21 58 0 0 73 0 0 11
1713953898 784835 7793 165679 16180 5112 7 250 2532 750 16 52 21 58 0 0 73 0 0 11
1714002742 784835 7810 165679 16180 5112 7 250 2532 750 16 52 21 58 0 0 73 0 0 11
1714054589 784985 7810 165679 16180 5112 7 250 2532 750 16 52 21 58 0 0 73 0 0 11
1714313897 785023 7810 165679 16180 5112 7 250 2532 750 16 52 21 58 0 0 73 0 0 11
1714322661 785042 7810 165679 16180 5112 7 250 2532 750 16 52 21 58 0 0 73 0 0 11
1714395781 785056 7810 165679 16180 5112 7 250 2532 750 16 52 21 58 0 0 73 0 0 11
1714398913 785062 7810 165679 16180 5112 7 250 2532 750 16 52 21 58 0 0 73 0 0 11
1714443930 785388 7810 165679 16180 5112 7 250 2532 750 16 52 21 58 0 0 73 0 0 11
1714520125 785393 7810 165679 16180 5112 7 250 2532 750 16 52 21 58 0 0 73 0 0 11
1714522237 785403 7810 165679 16180 5112 7 250 2532 750 16 52 21 58 0 0 73 0 0 11
1714563297 785403 7824 165679 16180 5112 7 250 2532 750 16 52 21 58 0 0 73 0 0 11
1714563475 785403 7848 165679 16180 5112 7 250 2532 750 16 52 21 58 0 0 73 0 0 11
1714573387 785410 7848 165679 16180 5112 7 250 2532 750 16 52 21 58 0 0 73 0 0 11
1714581015 785414 7848 165679 16180 5112 7 250 2532 750 16 52 21 58 0 0 73 0 0 11
1714637871 785414 7856 165679 16180 5112 7 250 2532 750 16 52 21 58 0 0 73 0 0 11
1714692849 785414 7863 165714 16180 5112 7 250 2532 750 16 52 21 58 0 0 73 0 0 11
1714836789 785422 7863 165714 16180 5112 7 250 2532 750 16 52 21 58 0 0 73 0 0 11
1714843051 785429 7863 165714 16180 5112 7 250 2532 750 16 52 21 58 0 0 73 0 0 11
1714944534 785432 7863 165714 16180 5112 7 250 2532 750 16 52 21 58 0 0 73 0 0 11
1715030343 785438 7863 165714 16180 5112 7 250 2532 750 16 52 21 58 0 0 73 0 0 11
1715079407 785438 7873 165714 16180 5112 7 250 2532 750 16 52 21 58 0 0 73 0 0 11
1715187773 785438 7873 165714 16180 5112 7 250 2532 750 16 52 21 58 0 0 73 0 0 11
1715208217 785574 7873 165714 16180 5112 7 250 2532 750 16 52 21 58 0 0 73 0 0 11
1715258629 785606 7873 165714 16180 5112 7 250 2532 750 16 52 21 58 0 0 73 0 0 11
1715340124 785611 7873 165714 16180 5112 7 250 2532 750 16 52 21 58 0 0 73 0 0 11
1715554442 785616 7873 165714 16180 5112 7 250 2532 750 16 52 21 58 0 0 73 0 0 11
1715651033 785625 7873 165714 16180 5112 7 250 2532 750 16 52 21 58 0 0 73 0 0 11
1715694901 785625 7880 165714 16180 5112 7 250 2532 750 16 52 21 58 0 0 73 0 0 11
1715718913 785636 7880 165714 16180 5112 7 250 2532 750 16 52 21 58 0 0 73 0 0 11
1715720456 785809 7880 165714 16180 5112 7 250 2532 750 16 52 21 58 0 0 73 0 0 11
1715873819 785863 7880 165714 16180 5112 7 250 2532 750 16 52 21 58 0 0 73 0 0 11
1715887079 785867 7880 165714 16180 5112 7 250 2532 750 16 52 21 58 0 0 73 0 0 11
1716031624 785885 7880 165714 16180 5112 7 250 2532 750 16 52 21 58 0 0 73 0 0 11
1716055109 785891 7880 165714 16180 5112 7 250 2532 750 16 52 21 58 0 0 73 0 0 11
1716133004 785900 7880 165714 16180 5112 7 250 2532 750 16 52 21 58 0 0 73 0 0 11
1716324439 786040 7880 165714 16180 5112 7 250 2532 750 16 52 21 58 0 0 73 0 0 11
1716371264 786040 7887 165714 16180 5112 7 250 2532 750 16 52 21 58 0 0 73 0 0 11
1716564934 786040 7887 165714 16180 5112 7 250 2532 750 16 52 21 58 0 0 73 0 0 11
1716608045 786050 7887 165714 16180 5112 7 250 2532 750 16 52 21 58 0 0 73 0 0 11
1716685910 786083 7887 165714 16180 5112 7 250 2532 750 16 52 21 58 0 0 73 0 0 11
1716687605 786109 7887 165714 16180 5112 7 250 2532 750 16 52 21 58 0 0 73 0 0 11
1716688682 786113 7887 165714 16180 5112 7 250 2532 750 16 52 21 58 0 0 73 0 0 11
1716690215 786123 7887 165714 16180 5112 7 250 2532 750 16 52 21 58 0 0 73 0 0 11
1716771673 786123 7949 165714 16180 5112 7 250 2532 750 16 52 21 58 0 0 73 0 0 11
1716772671 786128 7949 165714 16180 5112 7 250 2532 750 16 52 21 58 0 0 73 0 0 11
1717168636 786137 7949 165714 16180 5112 7 250 2532 750 16 52 21 58 0 0 73 0 0 11
1717182344 786138 7949 165714 16180 5112 7 250 2532 750 16 52 21 58 0 0 73 0 0 11
1717340771 786235 7949 165714 16180 5112 7 250 2532 750 16 52 21 58 0 0 73 0 0 11
1717341202 786344 7949 165714 16180 5112 7 250 2532 750 16 52 21 58 0 0 73 0 0 11
1717409482 786344 7956 165714 16180 5112 7 250 2532 750 16 52 21 58 0 0 73 0 0 11
1717575837 786344 7956 165715 16180 5112 7 250 2532 750 16 52 21 58 0 0 73 0 0 11
1717894591 786344 7957 165715 16180 5112 7 250 2532 750 16 52 21 58 0 0 73 0 0 11
1718116942 786344 7995 165715 16180 5112 7 250 2532 750 16 52 21 58 0 0 73 0 0 11
1718150299 786344 8014 165715 16180 5112 7 250 2532 750 16 52 21 58 0 0 73 0 0 11
1719080973 786369 8014 165750 16180 5112 7 250 2532 750 16 52 21 58 0 0 73 0 0 11
1719401435 786369 8242 165750 16180 5112 7 250 2532 750 16 52 21 58 0 0 73 0 0 11
1719402001 786369 8270 165750 16180 5112 7 250 2532 750 16 52 21 58 0 0 73 0 0 11
1719403515 786369 8322 165750 16180 5112 7 250 2532 750 16 52 21 58 0 0 73 0 0 11
1719404942 786369 8361 165750 16180 5112 7 250 2532 750 16 52 21 58 0 0 73 0 0 11
1719526285 786369 8361 165917 16180 5112 7 250 2532 750 16 52 21 58 0 0 73 0 0 11
1719526438 786369 8361 165934 16180 5112 7 250 2532 750 16 52 21 58 0 0 73 0 0 11
1719526568 786369 8361 165981 16180 5112 7 250 2532 750 16 52 21 58 0 0 73 0 0 11
1719566666 786369 8361 165982 16180 5112 7 250 2532 750 16 52 21 58 0 0 73 0 0 11
1719624321 786370 8361 165982 16180 5112 7 250 2532 750 16 52 21 58 0 0 73 0 0 11
1719624384 786371 8361 165982 16180 5112 7 250 2532 750 16 52 21 58 0 0 73 0 0 11
1719625430 786377 8361 165982 16180 5112 7 250 2532 750 16 52 21 58 0 0 73 0 0 11
1719667199 786379 8361 165982 16180 5112 7 250 2532 750 16 52 21 58 0 0 73 0 0 11
1719684453 786419 8361 165982 16180 5112 7 250 2532 750 16 52 21 58 0 0 73 0 0 11
1719698594 786427 8361 165982 16180 5112 7 250 2532 750 16 52 21 58 0 0 73 0 0 11
1719790102 786427 8362 165982 16180 5112 7 250 2532 750 16 52 21 58 0 0 73 0 0 11
1719796013 786458 8362 165982 16180 5112 7 250 2532 750 16 52 21 58 0 0 73 0 0 11
1719828637 786458 8363 165982 16180 5112 7 250 2532 750 16 52 21 58 0 0 73 0 0 11
1719829582 786458 8364 165982 16180 5112 7 250 2532 750 16 52 21 58 0 0 73 0 0 11
1720017899 786468 8364 165982 16180 5112 7 250 2532 750 16 52 21 58 0 0 73 0 0 11
1720019711 786486 8364 165982 16180 5112 7 250 2532 750 16 52 21 58 0 0 73 0 0 11
1720105445 786495 8364 165982 16180 5112 7 250 2532 750 16 52 21 58 0 0 73 0 0 11
1720392705 786661 8364 165982 16180 5112 7 250 2532 750 16 52 21 58 0 0 73 0 0 11
1720396855 786666 8364 165982 16180 5112 7 250 2532 750 16 52 21 58 0 0 73 0 0 11
1720397330 786671 8364 165982 16180 5112 7 250 2532 750 16 52 21 58 0 0 73 0 0 11
1720403260 786707 8364 165982 16180 5112 7 250 2532 750 16 52 21 58 0 0 73 0 0 11
1720429692 786718 8364 165982 16180 5112 7 250 2532 750 16 52 21 58 0 0 73 0 0 11
1720435629 786723 8364 165982 16180 5112 7 250 2532 750 16 52 21 58 0 0 73 0 0 11
1720445324 786729 8364 165982 16180 5112 7 250 2532 750 16 52 21 58 0 0 73 0 0 11
1720445468 786736 8364 165982 16180 5112 7 250 2532 750 16 52 21 58 0 0 73 0 0 11
1720556610 786839 8364 165982 16180 5112 7 250 2532 750 16 52 21 58 0 0 73 0 0 11
1721593889 786965 8364 165982 16180 5112 7 250 2532 750 16 52 21 58 0 0 73 0 0 11
1721691902 787042 8364 165982 16180 5112 7 250 2532 750 16 52 21 58 0 0 73 0 0 11
1722094019 787043 8364 165982 16180 5112 7 250 2532 750 16 52 21 58 0 0 73 0 0 11
1723477600 787066 8364 165982 16180 5112 7 250 2532 750 16 52 21 58 0 0 73 0 0 11
1723766596 787067 8364 165982 16180 5112 7 250 2532 750 16 52 21 58 0 0 73 0 0 11
1724581599 787067 8364 165982 16180 5112 7 292 2532 750 16 52 21 58 0 0 73 0 0 11
1724764931 787677 8364 165982 16180 5112 7 292 2532 750 16 52 21 58 0 0 73 0 0 11
1724836923 787681 8364 165982 16180 5112 7 292 2532 750 16 52 21 58 0 0 73 0 0 11
1724843690 787688 8364 165982 16180 5112 7 292 2532 750 16 52 21 58 0 0 73 0 0 11
1724935350 787688 8371 165982 16180 5112 7 292 2532 750 16 52 21 58 0 0 73 0 0 11
1725669242 787688 8401 165982 16180 5112 7 292 2532 750 16 52 21 58 0 0 73 0 0 11
1726702351 787688 8406 165982 16180 5112 7 292 2532 750 16 52 21 58 0 0 73 0 0 11
1727567532 787688 8419 165982 16180 5112 7 292 2532 750 16 52 21 58 0 0 73 0 0 11
1729036072 787688 8434 165982 16180 5112 7 292 2532 750 16 52 21 58 0 0 73 0 0 11
1729036301 787688 8448 165982 16180 5112 7 292 2532 750 16 52 21 58 0 0 73 0 0 11
1729036891 787688 8453 165982 16180 5112 7 292 2532 750 16 52 21 58 0 0 73 0 0 11
1729077801 787688 8459 165982 16180 5112 7 292 2532 750 16 52 21 58 0 0 73 0 0 11
1729209402 787688 8464 165982 16180 5112 7 292 2532 750 16 52 21 58 0 0 73 0 0 11
1729330178 787688 8464 165982 16180 5112 7 350 2532 750 16 52 21 58 0 0 73 0 0 11
1729387344 787688 8467 165982 16180 5112 7 350 2532 750 16 52 21 58 0 0 73 0 0 11
1729516468 787688 8475 165982 16180 5112 7 350 2532 750 16 52 21 58 0 0 73 0 0 11
1729516872 787688 8481 165982 16180 5112 7 350 2532 750 16 52 21 58 0 0 73 0 0 11
1730464354 787688 8721 166103 16180 5112 7 350 2532 750 16 52 21 58 0 0 73 0 0 11
1731543031 787907 12258 166103 16180 5112 7 350 2532 750 16 52 21 58 0 0 73 0 0 11
1732805169 787923 12258 166103 16180 5112 7 350 2532 750 16 52 21 58 0 0 73 0 0 11
1733093067 788016 12258 166103 16180 5112 7 350 2532 750 16 52 21 58 0 0 73 0 0 11
1733223534 788016 12264 166103 16180 5112 7 350 2532 750 16 52 21 58 0 0 73 0 0 11
1733587157 788037 12264 166103 16180 5112 7 350 2532 750 16 52 21 58 0 0 73 0 0 11
1733588252 788085 12264 166103 16180 5112 7 350 2532 750 16 52 21 58 0 0 73 0 0 11
1733594173 788783 12264 166103 16180 5112 7 350 2532 750 16 52 21 58 0 0 73 0 0 11
1733828876 788787 12264 166103 16180 5112 7 350 2532 750 16 52 21 58 0 0 73 0 0 11
1733921380 788787 12273 166103 16180 5112 7 350 2532 750 16 52 21 58 0 0 73 0 0 11
1734695234 788792 12273 166103 16180 5112 7 350 2532 750 16 52 21 58 0 0 73 0 0 11
1734705071 788796 12273 166103 16180 5112 7 350 2532 750 16 52 21 58 0 0 73 0 0 11
1734705772 788807 12273 166103 16180 5112 7 350 2532 750 16 52 21 58 0 0 73 0 0 11
1734706518 788863 12273 166103 16180 5112 7 350 2532 750 16 52 21 58 0 0 73 0 0 11
1734726193 788870 12273 166103 16180 5112 7 350 2532 750 16 52 21 58 0 0 73 0 0 11
1734727300 788893 12273 166103 16180 5112 7 350 2532 750 16 52 21 58 0 0 73 0 0 11
1734727679 789052 12273 166103 16180 5112 7 350 2532 750 16 52 21 58 0 0 73 0 0 11
1734860350 789052 12273 166117 16180 5112 7 350 2532 750 16 52 21 58 0 0 73 0 0 11
1734912883 789057 12273 166117 16180 5112 7 350 2532 750 16 52 21 58 0 0 73 0 0 11
1735085870 789201 12273 166117 16180 5112 7 350 2532 750 16 52 21 58 0 0 73 0 0 11
1735101000 789202 12273 166117 16180 5112 7 350 2532 750 16 52 21 58 0 0 73 0 0 11
1736119145 789229 12273 166117 16180 5112 7 350 2532 750 16 52 21 58 0 0 73 0 0 11
1736376138 789234 12273 166117 16180 5112 7 350 2532 750 16 52 21 58 0 0 73 0 0 11
1736388558 789235 12273 166117 16180 5112 7 350 2532 750 16 52 21 58 0 0 73 0 0 11
1736388696 789553 12273 166117 16180 5112 7 350 2532 750 16 52 21 58 0 0 73 0 0 11
1736494349 789584 12273 166117 16180 5112 7 350 2532 750 16 52 21 58 0 0 73 0 0 11
1736560801 789589 12273 166117 16180 5112 7 350 2532 750 16 52 21 58 0 0 73 0 0 11
1736597937 789689 12273 166117 16180 5112 7 350 2532 750 16 52 21 58 0 0 73 0 0 11
1736765182 789696 12273 166117 16180 5112 7 350 2532 750 16 52 21 58 0 0 73 0 0 11
1736942683 789707 12273 166117 16180 5112 7 350 2532 750 16 52 21 58 0 0 73 0 0 11
1738051277 789707 12286 166117 16180 5112 7 350 2532 750 16 52 21 58 0 0 73 0 0 11
1738070781 789707 12288 166117 16180 5112 7 350 2532 750 16 52 21 58 0 0 73 0 0 11
1738096679 789717 12288 166117 16180 5112 7 350 2532 750 16 52 21 58 0 0 73 0 0 11
1738615028 789717 12288 166117 16180 5112 69 350 2532 750 16 52 21 58 0 0 73 0 0 11
1738615250 789717 12288 166117 16180 5112 72 350 2532 750 16 52 21 58 0 0 73 0 0 11
1738622431 789717 12288 166117 16180 5112 80 350 2532 750 16 52 21 58 0 0 73 0 0 11
1738622472 789717 12288 166117 16180 5112 81 350 2532 750 16 52 21 58 0 0 73 0 0 11
1738622544 789717 12288 166117 16180 5112 95 350 2532 750 16 52 21 58 0 0 73 0 0 11
1738622579 789717 12288 166117 16180 5112 97 350 2532 750 16 52 21 58 0 0 73 0 0 11
1738622613 789717 12288 166117 16180 5112 97 350 2532 750 16 52 21 58 0 0 73 0 0 11
1738622636 789717 12288 166117 16180 5112 111 350 2532 750 16 52 21 58 0 0 73 0 0 11
1738622670 789717 12288 166117 16180 5112 112 350 2532 750 16 52 21 58 0 0 73 0 0 11
1738622817 789717 12288 166117 16180 5112 123 350 2532 750 16 52 21 58 0 0 73 0 0 11
1738622865 789717 12288 166117 16180 5112 138 350 2532 750 16 52 21 58 0 0 73 0 0 11
1738665444 789737 12288 166117 16180 5112 138 350 2532 750 16 52 21 58 0 0 73 0 0 11
1738757829 789737 12288 166117 16180 5112 139 350 2532 750 16 52 21 58 0 0 73 0 1 11
1738936617 789737 12288 166117 16180 5112 143 350 2532 750 16 52 21 58 0 0 73 0 1 11
1739018293 789737 12288 166117 16180 5112 158 350 2532 750 16 52 21 58 0 0 73 0 1 11
1739365255 789737 12291 166117 16180 5112 158 350 2532 750 16 52 21 58 0 0 73 0 1 11
1739382495 789855 12291 166117 16180 5112 158 350 2532 750 16 52 21 58 0 0 73 0 1 11
1739391862 789859 12291 166117 16180 5112 158 350 2532 750 16 52 21 58 0 0 73 0 1 11
1740822244 789859 12299 166117 16180 5112 158 350 2532 750 16 52 21 58 0 0 73 0 1 11
1740826689 789859 12301 166117 16180 5112 158 350 2532 750 16 52 21 58 0 0 73 0 1 11
1740827458 789859 12321 166117 16180 5112 158 350 2532 750 16 52 21 58 0 0 73 0 1 11
1740994067 789859 12363 166117 16180 5112 158 350 2532 750 16 52 21 58 0 0 73 0 1 11
1741266776 789859 12364 166117 16180 5112 158 350 2532 750 16 52 21 58 0 0 73 0 1 11
1741829118 789883 12364 166117 16180 5112 158 350 2532 750 16 52 21 58 0 0 73 0 1 11
1741829208 789885 12364 166117 16180 5112 158 350 2532 750 16 52 21 58 0 0 73 0 1 11
1742148915 789885 12364 166123 16180 5112 158 350 2532 750 16 52 21 58 0 0 73 0 1 11
1742157131 789885 12364 166123 16180 5112 158 350 2532 750 16 52 21 58 0 1 73 0 1 11
1742252916 789898 12364 166123 16180 5112 158 350 2532 750 16 52 21 58 0 1 73 0 1 11
1742294519 789938 12364 166123 16180 5112 158 350 2532 750 16 52 21 58 0 1 73 0 1 11
1742321579 789963 12364 166123 16180 5112 158 350 2532 750 16 52 21 58 0 1 73 0 1 11
1742548862 789963 12374 166123 16180 5112 158 350 2532 750 16 52 21 58 0 1 73 0 1 11
1743715541 789964 12374 166123 16180 5112 158 350 2532 750 16 52 21 58 0 1 73 0 1 11
1743784838 789964 12374 166128 16180 5112 158 350 2532 750 16 52 21 58 0 1 73 0 1 11
1743971084 789968 12374 166128 16180 5112 158 350 2532 750 16 52 21 58 0 1 73 0 1 11
1743979155 789973 12374 166128 16180 5112 158 350 2532 750 16 52 21 58 0 1 73 0 1 11
1744671886 789989 12374 166128 16180 5112 158 350 2532 750 16 52 21 58 0 1 73 0 1 11
1745085302 789993 12374 166128 16180 5112 158 350 2532 750 16 52 21 58 0 1 73 0 1 11
1745087263 790026 12374 166128 16180 5112 158 350 2532 750 16 52 21 58 0 1 73 0 1 11
1745262276 790218 12374 166128 16180 5112 158 350 2532 750 16 52 21 58 0 1 73 0 1 11
1745345867 790223 12374 166128 16180 5112 158 350 2532 750 16 52 21 58 0 1 73 0 1 11
1745368517 790251 12374 166128 16180 5112 158 350 2532 750 16 52 21 58 0 1 73 0 1 11
1745452641 790261 12374 166128 16180 5112 158 350 2532 750 16 52 21 58 0 1 73 0 1 11
1745956885 790266 12374 166128 16180 5112 158 350 2532 750 16 52 21 58 0 1 73 0 1 11
1746040483 790292 12374 166128 16180 5112 158 350 2532 750 16 52 21 58 0 1 73 0 1 11
1746376206 790308 12374 166128 16180 5112 158 350 2532 750 16 52 21 58 0 1 73 0 1 11
1746407487 790332 12374 166128 16180 5112 158 350 2532 750 16 52 21 58 0 1 73 0 1 11
1746409311 790409 12374 166128 16180 5112 158 350 2532 750 16 52 21 58 0 1 73 0 1 11
1746574492 790415 12374 166128 16180 5112 158 350 2532 750 16 52 21 58 0 1 73 0 1 11
1746575465 790424 12374 166128 16180 5112 158 350 2532 750 16 52 21 58 0 1 73 0 1 11
1746981295 790432 12374 166128 16180 5112 158 350 2532 750 16 52 21 58 0 1 73 0 1 11
1746998891 790566 12374 166128 16180 5112 158 350 2532 750 16 52 21 58 0 1 73 0 1 11
1747158988 790607 12374 166128 16180 5112 158 350 2532 750 16 52 21 58 0 1 73 0 1 11
1747356553 790616 12374 166128 16180 5112 158 350 2532 750 16 52 21 58 0 1 73 0 1 11
1747357235 790624 12374 166128 16180 5112 158 350 2532 750 16 52 21 58 0 1 73 0 1 11
1747414628 790665 12374 166128 16180 5112 158 350 2532 750 16 52 21 58 0 1 73 0 1 11
1747415395 790672 12374 166128 16180 5112 158 350 2532 750 16 52 21 58 0 1 73 0 1 11
1747440557 790680 12374 166128 16180 5112 158 350 2532 750 16 52 21 58 0 1 73 0 1 11
1747449349 790711 12374 166128 16180 5112 158 350 2532 750 16 52 21 58 0 1 73 0 1 11
1747480381 790734 12374 166147 16180 5112 158 350 2532 750 16 52 21 58 0 1 73 0 1 11
1747571920 790739 12374 166147 16180 5112 158 350 2532 750 16 52 21 58 0 1 73 0 1 11
1747619841 790746 12374 166147 16180 5112 158 350 2532 750 16 52 21 58 0 1 73 0 1 11
1747620350 790751 12374 166147 16180 5112 158 350 2532 750 16 52 21 58 0 1 73 0 1 11
1747695048 790756 12374 166147 16180 5112 158 350 2532 750 16 52 21 58 0 1 73 0 1 11
1747695496 790806 12374 166147 16180 5112 158 350 2532 750 16 52 21 58 0 1 73 0 1 11
1747695943 790830 12374 166147 16180 5112 158 350 2532 750 16 52 21 58 0 1 73 0 1 11
1747768422 790836 12374 166147 16180 5112 158 350 2532 750 16 52 21 58 0 1 73 0 1 11
1747769516 790850 12374 166147 16180 5112 158 350 2532 750 16 52 21 58 0 1 73 0 1 11
1747842726 790887 12374 166147 16180 5112 158 350 2532 750 16 52 21 58 0 1 73 0 1 11
1748048126 790893 12374 166147 16180 5112 158 350 2532 750 16 52 21 58 0 1 73 0 1 11
1748092864 790915 12374 166147 16180 5112 158 350 2532 750 16 52 21 58 0 1 73 0 1 11
1748211251 790923 12374 166147 16180 5112 158 350 2532 750 16 52 21 58 0 1 73 0 1 11
1748343921 790940 12374 166147 16180 5112 158 350 2532 750 16 52 21 58 0 1 73 0 1 11
1748469650 790950 12374 166147 16180 5112 158 350 2532 750 16 52 21 58 0 1 73 0 1 11
1748690906 790950 12385 166147 16180 5112 158 350 2532 750 16 52 21 58 0 1 73 0 1 11
1748728262 790961 12385 166147 16180 5112 158 350 2532 750 16 52 21 58 0 1 73 0 1 11
1748741604 790972 12385 166147 16180 5112 158 350 2532 750 16 52 21 58 0 1 73 0 1 11
1748857517 790972 12387 166147 16180 5112 158 350 2532 750 16 52 21 58 0 1 73 0 1 11
1748870363 790982 12387 166147 16180 5112 158 350 2532 750 16 52 21 58 0 1 73 0 1 11
1748969179 791007 12387 166147 16180 5112 158 350 2532 750 16 52 21 58 0 1 73 0 1 11
1748972358 791008 12387 166147 16180 5112 158 350 2532 750 16 52 21 58 0 1 73 0 1 11
1748976915 791036 12387 166147 16180 5112 158 350 2532 750 16 52 21 58 0 1 73 0 1 11
1748980167 791047 12387 166147 16180 5112 158 350 2532 750 16 52 21 58 0 1 73 0 1 11
1748996837 791077 12387 166147 16180 5112 158 350 2532 750 16 52 21 58 0 1 73 0 1 11
1749000671 791077 12389 166147 16180 5112 158 350 2532 750 16 52 21 58 0 1 73 0 1 11
1749025741 791077 12402 166147 16180 5112 158 350 2532 750 16 52 21 58 0 1 73 0 1 11
1749054583 791183 12402 166147 16180 5112 158 350 2532 750 16 52 21 58 0 1 73 0 1 11
1749090154 791203 12402 166147 16180 5112 158 350 2532 750 16 52 21 58 0 1 73 0 1 11
1749175323 791216 12402 166147 16180 5112 158 350 2532 750 16 52 21 58 0 1 73 0 1 11
1749180694 791221 12402 166147 16180 5112 158 350 2532 750 16 52 21 58 0 1 73 0 1 11
1749220414 791229 12402 166147 16180 5112 158 350 2532 750 16 52 21 58 0 1 73 0 1 11
1749245295 791508 12402 166147 16180 5112 158 350 2532 750 16 52 21 58 0 1 73 0 1 11
1749317615 791518 12402 166147 16180 5112 158 350 2532 750 16 52 21 58 0 1 73 0 1 11
1749321953 791682 12402 166147 16180 5112 158 350 2532 750 16 52 21 58 0 1 73 0 1 11
1749390849 791690 12402 166147 16180 5112 158 350 2532 750 16 52 21 58 0 1 73 0 1 11
1749648797 791730 12402 166147 16180 5112 158 350 2532 750 16 52 21 58 0 1 73 0 1 11
1749917513 791770 12402 166147 16180 5112 158 350 2532 750 16 52 21 58 0 1 73 0 1 11
1750006007 792062 12402 166147 16180 5112 158 350 2532 750 16 52 21 58 0 1 73 0 1 11
1750032474 792156 12402 166147 16180 5112 158 350 2532 750 16 52 21 58 0 1 73 0 1 11
1750081074 792172 12402 166147 16180 5112 158 350 2532 750 16 52 21 58 0 1 73 0 1 11
1750081109 792173 12402 166147 16180 5112 158 350 2532 750 16 52 21 58 0 1 73 0 1 11
1750185969 792189 12402 166147 16180 5112 158 350 2532 750 16 52 21 58 0 1 73 0 1 11
1750187691 792224 12402 166147 16180 5112 158 350 2532 750 16 52 21 58 0 1 73 0 1 11
1750329500 792237 12402 166147 16180 5112 158 350 2532 750 16 52 21 58 0 1 73 0 1 11
1750434283 792251 12402 166147 16180 5112 158 350 2532 750 16 52 21 58 0 1 73 0 1 11
1750509095 792251 12402 166177 16180 5112 158 350 2532 750 16 52 21 58 0 1 73 0 1 11
1750586627 792251 12402 166182 16180 5112 158 350 2532 750 16 52 21 58 0 1 73 0 1 11
1750694525 792257 12402 166182 16180 5112 158 350 2532 750 16 52 21 58 0 1 73 0 1 11
1750696410 792268 12402 166182 16180 5112 158 350 2532 750 16 52 21 58 0 1 73 0 1 11
1750710748 792268 12402 166411 16180 5112 158 350 2532 750 16 52 21 58 0 1 73 0 1 11
1750806822 792605 12402 166411 16180 5112 158 350 2532 750 16 52 21 58 0 1 73 0 1 11
1751033358 792611 12402 166411 16180 5112 158 350 2532 750 16 52 21 58 0 1 73 0 1 11
1751224144 792621 12402 166411 16180 5112 158 350 2532 750 16 52 21 58 0 1 73 0 1 11
1751224287 792625 12402 166411 16180 5112 158 350 2532 750 16 52 21 58 0 1 73 0 1 11
1751357910 792625 12402 166411 16180 5112 158 350 2532 750 16 52 21 58 0 1 73 0 1 11
1751722035 792640 12402 166411 16180 5112 158 350 2532 750 16 52 21 58 0 1 73 0 1 11
1751914786 792647 12402 166411 16180 5112 158 350 2532 750 16 52 21 58 0 1 73 0 1 11
1751930565 793140 12402 166411 16180 5112 158 350 2532 750 16 52 21 58 0 1 73 0 1 11
1753125814 793294 12402 166411 16180 5112 158 350 2532 750 16 52 21 58 0 1 73 0 1 11
1753137374 793299 12402 166411 16180 5112 158 350 2532 750 16 52 21 58 0 1 73 0 1 11
1753284649 793306 12402 166411 16180 5112 158 350 2532 750 16 52 21 58 0 1 73 0 1 11
1753578880 793312 12402 166411 16180 5112 158 350 2532 750 16 52 21 58 0 1 73 0 1 11
1753638210 793323 12402 166411 16180 5112 158 350 2532 750 16 52 21 58 0 1 73 0 1 11
1753758781 793325 12402 166411 16180 5112 158 350 2532 750 16 52 21 58 0 1 73 0 1 11
1753827635 793326 12402 166411 16180 5112 158 350 2532 750 16 52 21 58 0 1 73 0 1 11
1754514962 793346 12402 166411 16180 5112 158 350 2532 750 16 52 21 58 0 1 73 0 1 11
1754516074 793355 12402 166411 16180 5112 158 350 2532 750 16 52 21 58 0 1 73 0 1 11
1754516880 793384 12402 166411 16180 5112 158 350 2532 750 16 52 21 58 0 1 73 0 1 11
1759722293 793384 12412 166411 16180 5112 158 350 2532 750 16 52 21 58 0 1 73 0 1 11
1759734260 793384 12418 166411 16180 5112 158 350 2532 750 16 52 21 58 0 1 73 0 1 11
1759750987 793384 12482 166411 16180 5112 158 350 2532 750 16 52 21 58 0 1 73 0 1 11
1759885420 793384 12494 166411 16180 5112 158 350 2532 750 16 52 21 58 0 1 73 0 1 11
1759891805 793384 12496 166411 16180 5112 158 350 2532 750 16 52 21 58 0 1 73 0 1 11
1759917197 793384 12545 166411 16180 5112 158 350 2532 750 16 52 21 58 0 1 73 0 1 11
1759967093 793384 12578 166411 16180 5112 158 350 2532 750 16 52 21 58 0 1 73 0 1 11
1759969674 793384 12582 166411 16180 5112 158 350 2532 750 16 52 21 58 0 1 73 0 1 11
1759969710 793384 12587 166411 16180 5112 158 350 2532 750 16 52 21 58 0 1 73 0 1 11
1761217455 793384 12593 166411 16180 5112 158 350 2532 750 16 52 21 58 0 1 73 0 1 11
1762695431 793384 12593 166418 16180 5112 158 350 2532 750 16 52 21 58 0 1 73 0 1 11
1766493913 793394 12593 166418 16180 5112 158 350 2532 750 16 52 21 58 0 1 73 0 1 11
1766966953 793400 12593 166418 16180 5112 158 350 2532 750 16 52 21 58 0 1 73 0 1 11
1767414232 793427 12593 166418 16180 5112 158 350 2532 750 16 52 21 58 0 1 73 0 1 11
1767430581 793693 12593 166418 16180 5112 158 350 2532 750 16 52 21 58 0 1 73 0 1 11
1767539833 793739 12593 166418 16180 5112 158 350 2532 750 16 52 21 58 0 1 73 0 1 11
1767560035 794069 12593 166418 16180 5112 158 350 2532 750 16 52 21 58 0 1 73 0 1 11
1767609557 794083 12593 166418 16180 5112 158 350 2532 750 16 52 21 58 0 1 73 0 1 11
1767609933 794089 12593 166418 16180 5112 158 350 2532 750 16 52 21 58 0 1 73 0 1 11
1767610330 795023 12593 166418 16180 5112 158 350 2532 750 16 52 21 58 0 1 73 0 1 11
1767632609 795031 12593 166418 16180 5112 158 350 2532 750 16 52 21 58 0 1 73 0 1 11
1768347532 795032 12593 166418 16180 5112 158 350 2532 750 16 52 21 58 0 1 73 0 1 11
1768348745 795039 12593 166418 16180 5112 158 350 2532 750 16 52 21 58 0 1 73 0 1 11
1768485224 795079 12593 166418 16180 5112 158 350 2532 750 16 52 21 58 0 1 73 0 1 11
1768513820 795085 12593 166418 16180 5112 158 350 2532 750 16 52 21 58 0 1 73 0 1 11
1768515838 795090 12593 166418 16180 5112 158 350 2532 750 16 52 21 58 0 1 73 0 1 11
1768787708 795094 12593 166418 16180 5112 158 350 2532 750 16 52 21 58 0 1 73 0 1 11
1768842809 795123 12593 166418 16180 5112 158 350 2532 750 16 52 21 58 0 1 73 0 1 11
1768999636 795331 12593 166418 16180 5112 158 350 2532 750 16 52 21 58 0 1 73 0 1 11
1769685211 795347 12593 166418 16180 5112 158 350 2532 750 16 52 21 58 0 1 73 0 1 11
1770131157 795369 12593 166418 16180 5112 158 350 2532 750 16 52 21 58 0 1 73 0 1 11
1770201688 795395 12593 166418 16180 5112 158 350 2532 750 16 52 21 58 0 1 73 0 1 11
1771005362 795395 12593 166431 16180 5112 158 350 2532 750 16 52 21 58 0 1 73 0 1 11
1771241759 795395 12599 166431 16180 5112 158 350 2532 750 16 52 21 58 0 1 73 0 1 11
1771298989 795561 12599 166431 16180 5112 158 350 2532 750 16 52 21 58 0 1 73 0 1 11
1771466133 795588 12599 166431 16180 5112 158 350 2532 750 16 52 21 58 0 1 73 0 1 11
1771466605 795602 12599 166431 16180 5112 158 350 2532 750 16 52 21 58 0 1 73 0 1 11
1771501952 795624 12599 166431 16180 5112 158 350 2532 750 16 52 21 58 0 1 73 0 1 11
1771528661 795707 12599 166431 16180 5112 158 350 2532 750 16 52 21 58 0 1 73 0 1 11
1771538055 795712 12599 166431 16180 5112 158 350 2532 750 16 52 21 58 0 1 73 0 1 11
1771538811 795719 12599 166431 16180 5112 158 350 2532 750 16 52 21 58 0 1 73 0 1 11
1771623994 795731 12599 166431 16180 5112 158 350 2532 750 16 52 21 58 0 1 73 0 1 11
1771724727 795731 12604 166431 16180 5112 158 350 2532 750 16 52 21 58 0 1 73 0 1 11
1771773930 795742 12604 166431 16180 5112 158 350 2532 750 16 52 21 58 0 1 73 0 1 11
1771774679 795807 12604 166431 16180 5112 158 350 2532 750 16 52 21 58 0 1 73 0 1 11
1771800568 795812 12604 166431 16180 5112 158 350 2532 750 16 52 21 58 0 1 73 0 1 11
1771844743 795818 12604 166431 16180 5112 158 350 2532 750 16 52 21 58 0 1 73 0 1 11
1771959042 795854 12604 166431 16180 5112 158 350 2532 750 16 52 21 58 0 1 73 0 1 11
1772023724 795854 12608 166431 16180 5112 158 350 2532 750 16 52 21 58 0 1 73 0 1 11
1772028062 795854 12613 166431 16180 5112 158 350 2532 750 16 52 21 58 0 1 73 0 1 11
1772054560 795860 12613 166431 16180 5112 158 350 2532 750 16 52 21 58 0 1 73 0 1 11
1772064434 795860 12613 166516 16180 5112 158 350 2532 750 16 52 21 58 0 1 73 0 1 11
1772105447 795860 12617 166516 16180 5112 158 350 2532 750 16 52 21 58 0 1 73 0 1 11
1772188879 795860 12752 166516 16180 5112 158 350 2532 750 16 52 21 58 0 1 73 0 1 11
1772240793 795860 12774 166516 16180 5112 158 350 2532 750 16 52 21 58 0 1 73 0 1 11
1772257688 795860 12966 166516 16180 5112 158 350 2532 750 16 52 21 58 0 1 73 0 1 11
1772341639 795860 13103 166516 16180 5112 158 350 2532 750 16 52 21 58 0 1 73 0 1 11
1772470192 795897 13103 166516 16180 5112 158 350 2532 750 16 52 21 58 0 1 73 0 1 11
1772470234 795898 13103 166516 16180 5112 158 350 2532 750 16 52 21 58 0 1 73 0 1 11
1772504401 795902 13103 166516 16180 5112 158 350 2532 750 16 52 21 58 0 1 73 0 1 11
1772541750 795902 13289 166516 16180 5112 158 350 2532 750 16 52 21 58 0 1 73 0 1 11
1772665870 795902 13289 167049 16180 5112 158 350 2532 750 16 52 21 58 0 1 73 12 1 11
1772740317 795907 13289 167049 16180 5112 158 350 2532 750 16 52 21 58 0 1 73 12 1 11
1772757454 795919 13289 167049 16180 5112 158 350 2532 750 16 52 21 58 0 1 73 12 1 11
1772757831 795926 13289 167049 16180 5112 158 350 2532 750 16 52 21 58 0 1 73 12 1 11
1772758703 795933 13289 167049 16180 5112 158 350 2532 750 16 52 21 58 0 1 73 12 1 11
1772801839 796356 13289 167049 16180 5112 158 350 2532 750 16 52 21 58 0 1 73 12 1 11
1772805342 796922 13289 167049 16180 5112 158 350 2532 750 16 52 21 58 0 1 73 12 1 11
1772893987 796941 13289 167049 16180 5112 158 350 2532 750 16 52 21 58 0 1 73 12 1 11
1772924226 796969 13289 167049 16180 5112 158 350 2532 750 16 52 21 58 0 1 73 12 1 11
1773064331 797387 13289 167049 16180 5112 158 350 2532 750 16 52 21 58 0 1 73 12 1 11
1773177140 797396 13289 167049 16180 5112 158 350 2532 750 16 52 21 58 0 1 73 12 1 11
1773260959 797675 13289 167049 16180 5112 158 350 2532 750 16 52 21 58 0 1 73 12 1 11
1773264298 797683 13289 167049 16180 5112 158 350 2532 750 16 52 21 58 0 1 73 12 1 11
1773400144 797691 13289 167049 16180 5112 158 350 2532 750 16 52 21 58 0 1 73 12 1 11
1773410852 797808 13289 167049 16180 5112 158 350 2532 750 16 52 21 58 0 1 73 12 1 11
1773652749 797808 13290 167049 16180 5112 158 350 2532 750 16 52 21 58 0 1 73 12 1 11
1773669284 797819 13290 167049 16180 5112 158 350 2532 750 16 52 21 58 0 1 73 12 1 11
1773826918 797819 13301 167049 16180 5112 158 350 2532 750 16 52 21 58 0 1 73 12 1 11
1773828101 797819 13313 167049 16180 5112 158 350 2532 750 16 52 21 58 0 1 73 12 1 11
1773896272 797826 13313 167049 16180 5112 158 350 2532 750 16 52 21 58 0 1 73 12 1 11
1773958069 797868 13313 167049 16180 5112 158 350 2532 750 16 52 21 58 0 1 73 12 1 11
1773960564 798312 13313 167049 16180 5112 158 350 2532 750 16 52 21 58 0 1 73 12 1 11
1773971978 798389 13313 167049 16180 5112 158 350 2532 750 16 52 21 58 0 1 73 12 1 11
1774096180 798400 13313 167049 16180 5112 158 350 2532 750 16 52 21 58 0 1 73 12 1 11
1774097705 798401 13313 167049 16180 5112 158 350 2532 750 16 52 21 58 0 1 73 12 1 11
1774107873 798410 13313 167049 16180 5112 158 350 2532 750 16 52 21 58 0 1 73 12 1 11
1774110966 798452 13313 167049 16180 5112 158 350 2532 750 16 52 21 58 0 1 73 12 1 11
1774185001 798579 13313 167049 16180 5112 158 350 2532 750 16 52 21 58 0 1 73 12 1 11
1774205723 798657 13313 167049 16180 5112 158 350 2532 750 16 52 21 58 0 1 73 12 1 11
1774240560 798713 13313 167049 16180 5112 158 350 2532 750 16 52 21 58 0 1 73 12 1 11
1774284366 798764 13313 167049 16180 5112 158 350 2532 750 16 52 21 58 0 1 73 12 1 11
1774285791 798835 13313 167049 16180 5112 158 350 2532 750 16 52 21 58 0 1 73 12 1 11
1774367554 798844 13313 167049 16180 5112 158 350 2532 750 16 52 21 58 0 1 73 12 1 11
1774381034 798932 13313 167049 16180 5112 158 350 2532 750 16 52 21 58 0 1 73 12 1 11
1774384443 798972 13313 167049 16180 5112 158 350 2532 750 16 52 21 58 0 1 73 12 1 11
1774449769 798972 13313 167049 16180 5112 158 350 2532 750 16 52 21 58 0 1 73 12 1 11
1774462033 798992 13313 167049 16180 5112 158 350 2532 750 16 52 21 58 0 1 73 12 1 11
1774675585 799061 13313 167049 16180 5112 158 350 2532 750 16 52 21 58 0 1 73 12 1 11
1774796376 799161 13313 167049 16180 5112 158 350 2532 750 16 52 21 58 0 1 73 12 1 11
1774932008 799171 13313 167049 16180 5112 158 350 2532 750 16 52 21 58 0 1 73 12 1 11
1774932409 799261 13313 167049 16180 5112 158 350 2532 750 16 52 21 58 0 1 73 12 1 11
1775082962 799520 13313 167049 16180 5112 158 350 2532 750 16 52 21 58 0 1 73 12 1 11
1775083669 799546 13313 167049 16180 5112 158 350 2532 750 16 52 21 58 0 1 73 12 1 11
1775102919 799554 13313 167049 16180 5112 158 350 2532 750 16 52 21 58 0 1 73 12 1 11
1775302343 799759 13313 167049 16180 5112 158 350 2532 750 16 52 21 58 0 1 73 12 1 11
1775992707 799759 13339 167049 16180 5112 158 350 2532 750 16 52 21 58 0 1 73 12 1 11
1776110218 799770 13339 167049 16180 5112 158 350 2532 750 16 52 21 58 0 1 73 12 1 11
1776130366 799794 13339 167049 16180 5112 158 350 2532 750 16 52 21 58 0 1 73 12 1 11
1776158743 799794 13363 167049 16180 5112 158 350 2532 750 16 52 21 58 0 1 73 12 1 11
1776168484 799794 13392 167049 16180 5112 158 350 2532 750 16 52 21 58 0 1 73 12 1 11
1776206442 799857 13392 167049 16180 5112 158 350 2532 750 16 52 21 58 0 1 73 12 1 11
1776398190 799857 13397 167049 16180 5112 158 350 2532 750 16 52 21 58 0 1 73 12 1 11
1776400126 799927 13397 167049 16180 5112 158 350 2532 750 16 52 21 58 0 1 73 12 1 11
1776401505 799927 13403 167049 16180 5112 158 350 2532 750 16 52 21 58 0 1 73 12 1 11
1776495444 799927 13551 167049 16180 5112 158 350 2532 750 16 52 21 58 0 1 73 12 1 11
1776574137 799927 13562 167049 16180 5112 158 350 2532 750 16 52 21 58 0 1 73 12 1 11
1776575247 799927 13736 167049 16180 5112 158 350 2532 750 16 52 21 58 0 1 73 12 1 11
1776600956 799932 13736 167049 16180 5112 158 350 2532 750 16 52 21 58 0 1 73 12 1 11
1776600978 799933 13736 167049 16180 5112 158 350 2532 750 16 52 21 58 0 1 73 12 1 11
1776638678 799933 13744 167049 16180 5112 158 350 2532 750 16 52 21 58 0 1 73 12 1 11
1776682688 799933 13783 167049 16180 5112 158 350 2532 750 16 52 21 58 0 1 73 12 1 11
1776724012 799933 13797 167049 16180 5112 158 350 2532 750 16 52 21 58 0 1 73 12 1 11
1776724504 799933 13807 167049 16180 5112 158 350 2532 750 16 52 21 58 0 1 73 12 1 11
1776762207 799933 13816 167049 16180 5112 158 350 2532 750 16 52 21 58 0 1 73 12 1 11
1776772588 799933 13896 167049 16180 5112 158 350 2532 750 16 52 21 58 0 1 73 12 1 11
1776773157 799933 13911 167049 16180 5112 158 350 2532 750 16 52 21 58 0 1 73 12 1 11
1776776109 799933 13962 167049 16180 5112 158 350 2532 750 16 52 21 58 0 1 73 12 1 11
1776777411 799933 13976 167049 16180 5112 158 350 2532 750 16 52 21 58 0 1 73 12 1 11
1776818588 799933 13983 167049 16180 5112 158 350 2532 750 16 52 21 58 0 1 73 12 1 11
1776899806 799933 13995 167049 16180 5112 158 350 2532 750 16 52 21 58 0 1 73 12 1 11
1776902988 799933 14039 167049 16180 5112 158 350 2532 750 16 52 21 58 0 1 73 12 1 11
1776912735 799933 14046 167049 16180 5112 158 350 2532 750 16 52 21 58 0 1 73 12 1 11
1776948958 799933 14079 167049 16180 5112 158 350 2532 750 16 52 21 58 0 1 73 12 1 11
1776992419 799940 14079 167049 16180 5112 158 350 2532 750 16 52 21 58 0 1 73 12 1 11
1777044121 799940 14085 167049 16180 5112 158 350 2532 750 16 52 21 58 0 1 73 12 1 11
